year,iso,eq_tr,bond_tr,bill_rate,cpi,xrusd,gdp,pop,crisisJST
1870,AUS,-0.004903895314782858,,0.04879999905824661,2.708333,0.36694614706545575,208.78,1775,0
1871,AUS,0.11019296944141388,,0.04600000008940697,2.666667,0.3691464495849117,211.56,1675,0
1872,AUS,0.1767493039369583,,0.04600000008940697,2.541667,0.36923880927016545,227.4,1722,0
1873,AUS,0.15168581902980804,,0.04399999976158142,2.541667,0.3624047757834013,266.54,1769,0
1874,AUS,0.19148139655590057,,0.04500000178813934,2.666667,0.37222345512135085,287.58,1822,0
1875,AUS,0.12440787255764008,,0.04600000008940697,2.75,0.3609256158331147,300.74,1874,0
1876,AUS,0.11881456524133682,,0.04600000008940697,2.791667,0.3720217079912038,311.26,1929,0
1877,AUS,0.136591374874115,,0.04500000178813934,2.875,0.39991067984815576,313.66,1995,0
1878,AUS,-0.0789373591542244,,0.04800000041723251,2.833333,0.41257288115076557,324.3,2062,0
1879,AUS,0.12413585931062698,,0.04899999871850014,2.75,0.4150882566293221,334.44,2127,0
1880,AUS,0.11423738300800323,,0.04699999839067459,2.666667,0.41252253898543567,344.32,2197,0
1881,AUS,0.07269452512264252,,0.04699999839067459,2.625,0.415874878239073,362.82,2269,0
1882,AUS,0.09030421078205109,,0.04500000178813934,2.666667,0.4124365263221646,382.32,2348,0
1883,AUS,0.28716498613357544,,0.04699999839067459,2.958333,0.4131763213548113,412.1,2447,0
1884,AUS,0.04399999976158142,,0.04899999871850014,3,0.4137967507243865,430.46,2556,0
1885,AUS,0.11300000548362732,,0.04800000041723251,3,0.41309466050859567,441.62,2650,0
1886,AUS,0.029000001028180122,,0.04699999839067459,3,0.4121250083411612,452.9,2741,0
1887,AUS,0.28200000524520874,,0.04600000008940697,2.916667,0.41447168205588253,472.52,2835,0
1888,AUS,0.2619999945163727,,0.04600000008940697,2.791667,0.4129029645341571,503.06,2932,0
1889,AUS,-0.010999999940395355,,0.04500000178813934,2.791667,0.4117739386444417,535.74,3022,0
1890,AUS,0.0139999995008111,,0.0430000014603138,2.791667,0.4127704266670076,552.72,3107,0
1891,AUS,-0.10399999469518661,,0.0430000014603138,2.75,0.41335053898449514,540.3,3196,0
1892,AUS,0.06300000101327896,,0.0430000014603138,2.708333,0.4123145091878488,495.7,3274,0
1893,AUS,-0.049000002443790436,,0.041999999433755875,2.625,0.4131714963323109,431.1,3334,1
1894,AUS,0.10600000619888306,,0.039000000804662704,2.458333,0.4124115766942889,401.2,3395,0
1895,AUS,0.20100000500679016,,0.035999998450279236,2.291667,0.41104284708261263,385.62,3460,0
1896,AUS,0.017000000923871994,,0.032999999821186066,2.291667,0.4130498688942322,400.82,3523,0
1897,AUS,0.08500000089406967,,0.03099999949336052,2.291667,0.4129649029197701,417.8,3586,0
1898,AUS,0.1550000011920929,,0.029999999329447746,2.25,0.4162815219700577,441.24,3642,0
1899,AUS,0.1210000067949295,,0.03099999949336052,2.375,0.4155174733995985,477.6,3691,0
1900,AUS,0.12200000137090683,0.01996787264943123,0.03099999949336052,2.416667,0.4155043641520236,492.42,3741,0
1901,AUS,-0.03200000151991844,0.0019368263892829418,0.02879999950528145,2.458333,0.4150841148947982,504.56,3795,0
1902,AUS,0.15600000321865082,0.004963635001331568,0.02879999950528145,2.625,0.4152713811266021,534.66,3850,0
1903,AUS,0.21899999678134918,-0.014857573434710503,0.031300000846385956,2.666667,0.4155164907043526,515.4,3896,0
1904,AUS,0.07500000298023224,0.01384330727159977,0.032499998807907104,2.541667,0.4146392388698032,539.48,3946,0
1905,AUS,0.1459999978542328,0.08857621252536774,0.032499998807907104,2.541667,0.41488145716796226,534.66,4004,0
1906,AUS,0.10199999809265137,0.07954419404268265,0.032499998807907104,2.583333,0.4149464723511342,576.82,4062,0
1907,AUS,0.08799999952316284,-0.03257241100072861,0.03189999982714653,2.583333,0.41196953439646916,647.86,4127,0
1908,AUS,0.17299999296665192,0.051706720143556595,0.03189999982714653,2.666667,0.41480299208149884,645.46,4197,0
1909,AUS,0.13500000536441803,0.025407500565052032,0.031300000846385956,2.708333,0.41355515351010147,690,4278,0
1910,AUS,0.06700000166893005,0.03399746119976044,0.031300000846385956,2.75,0.41395996734233387,750.22,4375,0
1911,AUS,0.10700000077486038,0.02622406557202339,0.032499998807907104,2.958333,0.4146558862439013,823.68,4500,0
1912,AUS,0.0860000029206276,0.004786519333720207,0.033799998462200165,3.208333,0.41416473580788926,883.88,4661,0
1913,AUS,0.08899999409914017,0.046712275594472885,0.032999999821186066,3.166667,0.41384943971647487,965.78,4821,0
1914,AUS,0.11399999260902405,0.034674618393182755,0.032999999821186066,3.333333,0.40966984169970594,1040.44,4933,0
1915,AUS,-0.03500000014901161,0.015299476683139801,0.034730080515146255,3.708333,0.4272693557290839,1009.12,4971,0
1916,AUS,-0.03400000184774399,0.03868512809276581,0.03524843975901604,3.791667,0.42591712884425026,1166.88,4955,0
1917,AUS,0.1550000011920929,0.052007488906383514,0.03680352121591568,4.041667,0.42450906625965557,1230.7,4950,0
1918,AUS,0.07500000298023224,0.012830662541091442,0.03732188045978546,4.333333,0.424438120878588,1278.86,5032,0
1919,AUS,0.18700000643730164,0.04032709449529648,0.03732188045978546,4.875,0.4573750556384178,1378.82,5193,0
1920,AUS,0.08100000023841858,0.022570228204131126,0.03939530998468399,4.958333,0.5594117322889597,1508.86,5358,0
1921,AUS,0.19900000095367432,0.09520445019006729,0.04084672033786774,4.5,0.5297549951485833,1664.2,5461,0
1922,AUS,0.21299999952316284,0.06473860144615173,0.04084672033786774,4.416667,0.45266236183674174,1659.4,5574,0
1923,AUS,0.16200000047683716,0.04092918708920479,0.041468750685453415,4.416667,0.435687530180402,1818.34,5697,0
1924,AUS,0.13699999451637268,0.03612132370471954,0.041468750685453415,4.458333,0.44232046227806776,1889.4,5819,0
1925,AUS,0.1770000010728836,0.08992226421833038,0.04209078103303909,4.5,0.41447141948415456,2073.6,5943,0
1926,AUS,0.14100000262260437,0.041868820786476135,0.04209078103303909,4.5,0.41257451845657517,1997.8,6064,0
1927,AUS,0.12399999797344208,0.0581154003739357,0.04209078103303909,4.583333,0.41433834413409815,2082,6188,0
1928,AUS,0.1770000010728836,0.04486045241355896,0.04209078103303909,4.625,0.4151414263418,2094.2,6304,0
1929,AUS,-0.05300000309944153,-0.01681390590965748,0.04343852028250694,4.625,0.4365832221661474,2061.6,6396,0
1930,AUS,-0.29600000381469727,-0.044330671429634094,0.04343852028250694,4.25,0.5307128194828947,1885.8,6469,0
1931,AUS,0.1770000010728836,0.03795658424496651,0.042816489934921265,4.083333,0.5523449889357013,1549.8,6527,0
1932,AUS,0.24799999594688416,0.33444881439208984,0.03286398947238922,3.916667,0.7169864074720653,1457,6579,0
1933,AUS,0.25600001215934753,0.05805879086256027,0.02768038958311081,3.916667,0.5933163830278935,1522.2,6631,0
1934,AUS,0.23200000822544098,0.0723716989159584,0.02591796964406967,3.916667,0.5002905825283235,1632.8,6682,0
1935,AUS,0.10100000351667404,0.021961230784654617,0.023326169699430466,3.958333,0.5122578566716348,1724.4,6732,0
1936,AUS,0.1979999989271164,0.03695134073495865,0.023326169699430466,4.083333,0.504946822636257,1895.4,6783,0
1937,AUS,0.024000000208616257,-0.012195300310850143,0.023326169699430466,4.166667,0.5077324401141773,2067.6,6841,0
1938,AUS,-0.004999999888241291,-0.016877157613635063,0.023326169699430466,4.25,0.5134151834605164,2236.2,6904,0
1939,AUS,0.05300000309944153,0.020138269290328026,0.024155549705028534,4.375,0.5659629860207143,2190.4,6971,0
1940,AUS,0.03500000014901161,0.11944659054279327,0.023326169699430466,4.625,0.655393891728929,2384.4,7042,0
1941,AUS,-0.054999999701976776,-0.0033347487915307283,0.022496800869703293,4.875,0.6225099601593626,2583,7111,0
1942,AUS,0.18400000035762787,0.0647120252251625,0.021563749760389328,5.166667,0.6220839813374806,3006.8,7173,0
1943,AUS,0.08899999409914017,0.05429811775684357,0.021563749760389328,5.208333,0.6198090987975704,3441.6,7236,0
1944,AUS,0.07999999821186066,0.04938143864274025,0.021563749760389328,5.25,0.6195786864931846,3498.2,7309,0
1945,AUS,0.14100000262260437,0.03436411917209625,,5.375,0.6211180124223602,3422.4,7389,0
1946,AUS,0.13300000131130219,0.09984293580055237,,5.5,0.6223937262712392,3534.4,7474,0
1947,AUS,0.16600000858306885,-0.034264713525772095,,5.916667,0.6230529595015576,3758.4,7578,0
1948,AUS,0.024000000208616257,0.0579167939722538,0.02250000089406967,6.416667,0.6203473045260441,4512.2,7715,0
1949,AUS,0.08100000023841858,-0.04020370915532112,0.019899999722838402,6.968818,0.892856999892857,5207.4,7919,0
1950,AUS,0.3140000104904175,0.04981490224599838,0.019500000402331352,7.609278,0.892856999892857,6145,8267.337,0
1951,AUS,-0.04600000008940697,-0.08226433396339417,0.020099999383091927,9.118934,0.899280575941751,8152.4,8510.6,0
1952,AUS,-0.13300000131130219,0.014635879546403885,0.024900000542402267,10.68959,0.8920606609217285,8796.8,8691.212,0
1953,AUS,0.12999999523162842,0.0874667838215828,0.030700000002980232,11.14706,0.8920606609217285,9968.6,8857.924,0
1954,AUS,0.1860000044107437,0.07898322492837906,0.033399999141693115,11.2233,0.899280575941751,10886.4,9064.017,0
1955,AUS,0.10300000011920929,-0.09786063432693481,0.03790000081062317,11.45204,0.8940545381262892,11594.6,9277.087,0
1956,AUS,0.07699999958276749,-0.006890301592648029,0.0471000000834465,12.16875,0.899280575941751,12550.8,9500.606,0
1957,AUS,0.16700001060962677,0.04079161584377289,0.04569999873638153,12.46991,0.8924587245813981,13658.8,9712.569,0
1958,AUS,0.1889999955892563,0.09300865232944489,0.042899999767541885,12.63384,0.8940545381262892,13976.4,9915.267,0
1959,AUS,0.4429999887943268,0.07289112359285355,0.039900001138448715,12.86639,0.8948545865299573,15011.4,10131.73,0
1960,AUS,-0.06199999898672104,-0.013662530109286308,0.04390000179409981,13.35436,0.8936550499500042,16591,10361.27,0
1961,AUS,0.11600000411272049,0.041182514280080795,0.04989999905228615,13.68984,0.8924587245813981,17543,10598.81,0
1962,AUS,0.041999999433755875,0.14103387296199799,0.042899999767541885,13.65172,0.8940545381262892,17745,10794.97,0
1963,AUS,0.26600000262260437,0.049746498465538025,0.03819999843835831,13.72415,0.8960573484724516,19192,11001.48,0
1964,AUS,0.04399999976158142,0.00975099578499794,0.041200000792741776,14.04819,0.8976660690269841,21210,11218.3,0
1965,AUS,-0.0819999948143959,0.05283568426966667,0.048500001430511475,14.60478,0.8940545381262892,23154,11439.38,0
1966,AUS,0.06700000166893005,0.03102748841047287,0.04919999837875366,15.03938,0.8976660682226211,24329,11655.08,0
1967,AUS,0.42500001192092896,0.042242784053087234,0.045499999076128006,15.51972,0.8920606609206608,27142,11872.26,0
1968,AUS,0.3479999899864197,0.021812694147229195,0.04809999838471413,15.93145,0.9009009009009008,29167,12101.66,0
1969,AUS,0.10100000351667404,0.11040104180574417,0.0478999987244606,16.39655,0.8944543836265245,32706,12379.38,0
1970,AUS,-0.13699999451637268,-0.005159309599548578,0.05381666496396065,17.037,0.8968609873514449,36851,12660.16,0
1971,AUS,-0.061000000685453415,0.11616829037666321,0.054116666316986084,18.07013,0.8396305632574564,40314,12937.2,0
1972,AUS,0.36400002241134644,0.0883873850107193,0.04319166764616966,19.12994,0.7843137261053441,44484,13177,0
1973,AUS,-0.257999986410141,-0.12465823441743851,0.0521249994635582,20.94076,0.6720430112043301,49748,13380.4,0
1974,AUS,-0.2619999945163727,0.006274927873164415,0.09069166332483292,24.10494,0.7535795032054102,60272,13599.1,0
1975,AUS,0.5460000038146973,0.06314481049776077,0.07509999722242355,27.73803,0.7954816647804325,71159,13771.4,0
1976,AUS,0.035999998450279236,0.07441657781600952,0.07511666417121887,31.4893,0.9204712812960235,83234,13915.5,0
1977,AUS,0.13199999928474426,0.16124147176742554,0.08524999767541885,35.36256,0.8761170500053592,96074,14074.1,0
1978,AUS,0.24299998581409454,0.13986517488956451,0.08646667003631592,38.16457,0.8691873106207626,104920,14248.6,0
1979,AUS,0.38999998569488525,0.007620513904839754,0.0887666642665863,41.63373,0.9045680695654166,118587,14421.9,0
1980,AUS,0.5230000019073486,-0.04250805824995041,0.10667499899864197,45.8498,0.846955196787461,134424,14615.9,0
1981,AUS,-0.1080000028014183,-0.0033732643350958824,0.13250833749771118,50.29345,0.8866034230752756,152143,14923.26,0
1982,AUS,-0.15299999713897705,0.19335214793682098,0.14642499387264252,55.89891,1.0197838068731224,175615,15162,0
1983,AUS,0.6370000243186951,0.15729685127735138,0.11060833185911179,61.55228,1.1086474501108647,189157,15348,0
1984,AUS,0.004999999888241291,0.13867172598838806,0.10984999686479568,63.98371,1.2080212611741967,213378,15510,0
1985,AUS,0.4209999740123749,0.05632564052939415,0.1542000025510788,68.2956,1.4686444411807902,234973,15695,0
1986,AUS,0.5109999775886536,0.22134605050086975,0.15386666357517242,74.49994,1.5042117930204575,260242,15900,0
1987,AUS,-0.09600000083446503,0.16009521484375,0.12798333168029785,80.82405,1.3840830449826989,285706,16137,0
1988,AUS,0.2110000103712082,0.11884356290102005,0.12141666561365128,86.66906,1.168907071887785,323892,16400,0
1989,AUS,0.17899999022483826,0.1347299963235855,0.1679999977350235,93.22074,1.2615112905260504,367526,16681,1
1990,AUS,-0.15299999713897705,0.18066853284835815,0.1415083259344101,100,1.29315918789603,403852,16956,0
1991,AUS,0.2750000059604645,0.2986027002334595,0.09955833107233047,103.2227,1.3161358252171624,414473,17202,0
1992,AUS,-0.02199999988079071,0.13209065794944763,0.06265000253915787,104.2404,1.4522218995062446,422433,17419,0
1993,AUS,0.40456143021583557,0.2528584599494934,0.05001666769385338,106.1304,1.476886722788362,443383,17608,0
1994,AUS,-0.08810185641050339,-0.1244513988494873,0.05694166570901871,108.1415,1.2873326799004294,465753,17781,0
1995,AUS,0.20723018050193787,0.23438693583011627,0.07643807679414749,113.1573,1.342281879194631,494567,17976,0
1996,AUS,0.14342470467090607,0.15034890174865723,0.07016424834728241,116.1134,1.2554926390529346,527599,18195,0
1997,AUS,0.11419185996055603,0.17412561178207397,0.05290240794420242,116.37432898876405,1.5320974179240476,555291,18415,0
1998,AUS,0.08479026705026627,0.1356986165046692,0.048368144780397415,117.3745567790262,1.628929766591794,588097,18621,0
1999,AUS,0.19295363128185272,-0.0689505934715271,0.047584500163793564,119.02710704119848,1.5295197308045272,620141,18830,0
2000,AUS,0.0502253957092762,0.17290611565113068,0.059760842472314835,124.33266314606739,1.8050541516245486,661159,19053,0
2001,AUS,0.10134624689817429,0.01772843301296234,0.04800190031528473,129.81217191011234,1.9584802193497843,705066,19294,0
2002,AUS,-0.080964095890522,0.1277306079864502,0.045508332550525665,133.76959490636705,1.7661603673613564,754253,19345,0
2003,AUS,0.15864193439483643,0.022816898301243782,0.04809166491031647,137.42260074906366,1.3333333333333333,800960,19767,0
2004,AUS,0.2756807804107666,0.08236133307218552,0.05249999836087227,140.6407249438202,1.2836970474967908,861039,19995,0
2005,AUS,0.21087831258773804,0.0635770782828331,0.05457499995827675,144.38070711610487,1.362954886193267,922371,20232,0
2006,AUS,0.24965542554855347,0.009242787025868893,0.0580499991774559,149.51231056179776,1.2637432073802604,996430,20489,0
2007,AUS,0.1795337051153183,0.027799386531114578,0.06387526541948318,153.03485191011234,1.134301270417423,1086590,20750,0
2008,AUS,-0.4038478434085846,0.2755560278892517,0.06671666353940964,159.68854112359548,1.443418013856813,1177310,21007,0
2009,AUS,0.3957807421684265,-0.07558394223451614,0.03278174623847008,162.515271835206,1.11495149960977,1260140,21388.48305084746,0
2010,AUS,0.03306250274181366,0.07380643486976624,0.0434604175388813,167.16850546816477,0.983961428711995,1301210,21687.800521512385,0
2011,AUS,-0.11430837959051132,0.196348175406456,0.046927083283662796,172.77847872659174,0.984639621898385,1416620,22030.157105606257,0
2012,AUS,0.18840819597244263,0.07906865328550339,0.03696666657924652,175.69218576779022,0.961076405574243,1499460,22427.29074315515,0
2013,AUS,0.19655711948871613,-0.04908798262476921,0.027374999597668648,180.04100224719096,1.12803158488438,1536310,22789.210560625816,0
2014,AUS,0.05609947443008423,0.18441404402256012,0.02500000037252903,184.52028322097374,1.21921482565228,1598530,23123.741851368974,0
2015,AUS,0.025605125352740288,0.0223712045699358,0.02109166607260704,187.26003760299622,1.36873802354229,1624600,23461.207627118645,0
2016,AUS,0.1193000003695488,0.014192426577210426,0.019867,189.65188666666663,1.38197899391929,1660710,23857.363102998697,0
2017,AUS,0.12319999933242798,0.03612414747476578,0.0174,193.43535700374525,1.28205128205128,1763630,24231.999022164277,0
2018,AUS,-0.037300001829862595,0.030469045042991638,0.019483,197.17533917602987,1.4168319637291,1848560,24621.307366362453,0
2019,AUS,0.23810000717639923,0.10067927092313766,0.013442,200.26299887640442,1.42734798743934,1952680,24999.855932203394,0
2020,AUS,0.04919999837875366,0.009823489934206009,0.002567,202.04601363295876,1.29836406128278,1985760,25132.885919165587,0
1870,BEL,0.05885546654462814,0.005250237416476011,0.03320297971367836,0.7120699379582628,4.513422395676972,4518.980512773583,5096,1
1871,BEL,0.10193062573671341,0.09977610409259796,0.0332646481692791,0.7261703327693175,4.613972775695403,4664.125886404035,5137,0
1872,BEL,0.25858625769615173,0.05920558422803879,0.030574839562177658,0.754371122391427,4.669705653604547,5585.691244261518,5178,0
1873,BEL,0.18055005371570587,-0.08932191878557205,0.03345952928066254,0.8107727016356459,4.573538023952095,5974.788186613347,5219,0
1874,BEL,0.02039906196296215,0.001665135147050023,0.0335787795484066,0.775521714608009,4.649791374824896,5791.151247675389,5261,0
1875,BEL,-0.07999185472726822,0.048008136451244354,0.03364000841975212,0.7473209249858996,4.503980103979203,5204.981034794232,5303,0
1876,BEL,-0.10533401370048523,0.050690099596977234,0.03374059125781059,0.7896221094190637,4.647440688137627,5073.817241522671,5345,1
1877,BEL,0.0018992917612195015,0.0697764977812767,0.033955398947000504,0.7896221094190637,4.957429200440308,5083.4169514644545,5394,0
1878,BEL,-0.006560247391462326,0.043411947786808014,0.033992718905210495,0.7543711223914269,5.146446999999999,4998.7009315382265,5442,0
1879,BEL,0.32134297490119934,0.1131322830915451,0.03402120992541313,0.7332205301748448,5.200773922607739,4896.124726113331,5492,0
1880,BEL,0.061406396329402924,0.0644107237458229,0.03402163088321686,0.697969543147208,5.2164447555244475,5451.670608552963,5541,0
1881,BEL,0.0033816054929047823,0.053281500935554504,0.03408151865005493,0.697969543147208,5.23,5512.748749271571,5606,0
1882,BEL,-0.06664087623357773,0.013115929439663887,0.03360145166516304,0.6909193457416807,5.26,5568.027122964976,5673,0
1883,BEL,-0.03271814435720444,0.02446814626455307,0.033456820994615555,0.697969543147208,5.16,5500.074884497839,5740,0
1884,BEL,-0.03409774228930473,0.06159873306751251,0.03456123173236847,0.6486181613085167,5.14,5049.432309461782,5807,0
1885,BEL,-0.030099039897322655,0.11011754721403122,0.03459674119949341,0.6274675690919346,5.17,4925.756207693246,5876,1
1886,BEL,0.0036220739129930735,0.09694076329469681,0.03469594940543175,0.5781161872532431,5.14,4766.180595951705,5919,0
1887,BEL,0.06295962631702423,0.00034998502815142274,0.034018829464912415,0.6133671742808798,5.21,5041.73848839769,5962,0
1888,BEL,0.1556205302476883,0.04112618789076805,0.0338466614484787,0.5992667794698251,5.2,5146.136798062948,6007,0
1889,BEL,0.2971450984477997,0.03812418133020401,0.033179640769958496,0.6133671742808798,5.18,5388.417748637416,6051,0
1890,BEL,0.015375316143035889,0.09577672183513641,0.03278009966015816,0.6345177664974619,5.23,5587.050666545611,6096,0
1891,BEL,-0.01920868083834648,0.05984026566147804,0.032783009111881256,0.6345177664974619,5.24,5540.403322062591,6164,0
1892,BEL,0.02862100675702095,0.007228630594909191,0.032807111740112305,0.6133671742808798,5.3,5366.1190385106165,6231,0
1893,BEL,0.00837431475520134,0.07002045214176178,0.032760139554739,0.5922165820642977,5.56,5349.661528820263,6300,0
1894,BEL,0.1291980892419815,0.06302352249622345,0.03244104981422424,0.578116187253243,5.66,5210.059716521282,6370,0
1895,BEL,0.03400697559118271,0.0007995596388354897,0.03159615024924278,0.5640157924421882,5.39,5334.312164771869,6439,0
1896,BEL,0.10684456676244736,0.025933148339390755,0.03174474835395813,0.5428652002256061,5.51,5435.035072809547,6494,0
1897,BEL,0.13035796582698822,0.04627842456102371,0.031837739050388336,0.5499153976311335,5.39,5730.720809420356,6548,0
1898,BEL,0.1487068384885788,0.0032150717452168465,0.030935190618038177,0.5499153976311335,5.56,5778.265772341035,6604,0
1899,BEL,0.03951157629489899,-0.025586750358343124,0.030915550887584686,0.5569655950366609,5.52,6091.436613513599,6662,0
1900,BEL,-0.09390377998352051,0.0029913559556007385,0.031164009124040604,0.6274675690919345,5.47,6328.970307159834,6719,0
1901,BEL,-0.10635245591402054,0.06926711648702621,0.03134629875421524,0.6415679639029891,5.35,6127.252098358124,6801,0
1902,BEL,0.017839796841144562,0.06137609854340553,0.031370680779218674,0.6274675690919344,5.19,6258.8082738493795,6903,0
1903,BEL,0.11917615681886673,0.012097341008484364,0.03101206012070179,0.6274675690919344,5.13,6442.475869420605,6997,0
1904,BEL,0.13691067695617676,0.015363634563982487,0.03143617883324623,0.5499153976311335,5.13,6656.8328035417935,7086,0
1905,BEL,0.163978710770607,0.022577369585633278,0.03146369010210037,0.5640157924421881,5.11,6883.68362151347,7175,0
1906,BEL,0.11540910601615906,0.0327976793050766,0.031209399923682213,0.620417371686407,5.16,7329.4234781316545,7258,0
1907,BEL,-0.07092306017875671,0.0019060677150264382,0.03132813051342964,0.6345177664974616,5.17,7655.000568576767,7338,0
1908,BEL,0.023607909679412842,0.02055974490940571,0.03135325014591217,0.641567963902989,5.11,7290.1777415860215,7411,0
1909,BEL,0.1726027876138687,0.0117541728541255,0.030959440395236015,0.6345177664974616,5.13,7312.521685749077,7478,0
1910,BEL,0.0881141945719719,0.003273796522989869,0.0309192705899477,0.6486181613085163,5.17,7735.108175538628,7498,0
1911,BEL,0.00031368143390864134,-0.007943892851471901,0.030939970165491104,0.6909193457416805,5.18,7984.995226999849,7517,0
1912,BEL,0.0775059312582016,-0.063906729221344,0.031060589477419853,0.7402707275803718,5.21,8402.65480165666,7590,0
1913,BEL,-0.039487529546022415,-0.012981298379600048,0.03113899938762188,0.705019740552735,5.25,8647.446067183248,7666,0
1914,BEL,-0.012594593688845634,,0.03167058899998665,0.705019740552735,5.23,11966.898826979472,7723,0
1915,BEL,0.011960053816437721,,,0.9837772210868649,6.06,15048.717008797654,7759,0
1916,BEL,0.01129187736660242,,,1.5874495754380051,6.57,18130.535190615832,7762,0
1917,BEL,0.08238741010427475,,,3.0707081389187962,7.41,21212.353372434012,7729,0
1918,BEL,0.21018804609775543,,,4.2889234989488765,7.85,24294.171554252192,7660,0
1919,BEL,0.2525513470172882,,0.027819029986858368,2.6730262651899688,8.76,27375.989736070373,7628,0
1920,BEL,-0.08467575907707214,-0.04893560707569122,0.02845766954123974,3.2078398195149442,13.5501,28518.85921277743,7552,0
1921,BEL,0.006892587058246136,0.061725977808237076,0.02854277938604355,2.8130287648054124,13.4302,28480.632420517533,7504,0
1922,BEL,0.2804209589958191,0.10920051485300064,0.028658630326390266,2.6297236322617015,13.0159,29126.700612238696,7571,0
1923,BEL,0.5130442976951599,-0.14293687045574188,0.030416779220104218,3.0174844895657063,19.1608,35221.87216042219,7635,0
1924,BEL,-0.030854078009724617,0.06463775783777237,0.033241111785173416,3.5321489001692026,21.5341,42557.84427444949,7707,0
1925,BEL,0.07084638625383377,-0.048033200204372406,0.03632991015911102,3.6520022560631675,21.0172,44716.55620676836,7779,1
1926,BEL,0.636900782585144,0.3197217285633087,0.03634915128350258,4.357021996615902,30.6251,55235.21490189992,7844,0
1927,BEL,0.6365461945533752,0.12871266901493073,0.036575619131326675,5.541455160744498,35.930499999999995,70110.25267036581,7904,0
1928,BEL,0.25942015647888184,0.16934822499752045,0.03667815029621124,5.7811618725324285,35.8985,79721.4567860227,7968,0
1929,BEL,-0.3022567927837372,0.08836474269628525,0.03989103063941002,6.168922729836433,35.939,89484.65352126441,8032,0
1930,BEL,-0.28866109251976013,0.27591532468795776,0.03480000048875809,6.161872532430906,35.836,90645.23740693557,8076.000000000001,0
1931,BEL,-0.3138085603713989,-0.08202063292264938,0.023000000044703484,5.6260575296108275,35.8975,82336.78322807243,8125.999999999999,1
1932,BEL,0.02667750045657158,0.0038182763382792473,0.02449999935925007,5.076142131979694,35.936,70724.01182110178,8186,0
1933,BEL,-0.09682412445545197,0.05443792790174484,0.02500000037252903,4.970389170896784,27.933500000000002,68935.51359804395,8231,0
1934,BEL,-0.188296839594841,0.15415020287036896,0.02329999953508377,4.695431472081217,21.4715,66675.46759877128,8262,1
1935,BEL,0.5263822078704834,0.12498270720243454,0.019700000062584877,4.617879300620416,27.1385,65362.04866312105,8288,0
1936,BEL,0.2667202055454254,0.11984797567129135,0.018200000748038292,4.829385222786237,29.5565,71496.47262924876,8315,0
1937,BEL,-0.05840388312935829,0.04506854712963104,0.01600000075995922,5.181895093062605,29.6275,85638.00281326784,8346,0
1938,BEL,-0.08698742091655731,-0.12002300471067429,0.01600000075995922,5.3652002256063165,29.596,83018.09465186713,8374,0
1939,BEL,-0.19987210631370544,-0.07770851254463196,0.01600000075995922,5.428652002256063,29.6705,81957.5457407248,8392,1
1940,BEL,1.2579715251922607,0.3171686828136444,0.01600000075995922,8.043841063326902,29.62,75864.9193548387,8346,0
1941,BEL,0.7595657110214233,0.10447195172309875,0.015200000256299973,15.568117725478134,31.124944419742107,62879.03225806452,8276,0
1942,BEL,0.08186884969472885,0.05406656116247177,0.014000000432133675,23.49125775521715,31.11111111111111,69030.24193548388,8247,0
1943,BEL,-0.08733639121055603,0.06017499789595604,0.014000000432133675,26.576840742449882,31.11111111111111,75181.45161290323,8242,0
1944,BEL,0.1462046355009079,0.08028627187013626,0.01269999984651804,25.521039947970216,43.821,138516.1290322581,8291,0
1945,BEL,-0.018135979771614075,-0.019574381411075592,0.012500000186264515,19.52370575467022,43.821,201850.8064516129,8339,0
1946,BEL,-0.09290892630815506,-0.05446666106581688,0.01269999984651804,17.27298364354202,57,215198.7007465352,8367,0
1947,BEL,-0.3096922039985657,-0.027305971831083298,0.014000000432133675,17.583192329385223,48.75,261754.46488131993,8450,0
1948,BEL,0.008931809104979038,0.046822480857372284,0.014000000432133675,20.17766497461929,53.75,331220.79733129265,8557,0
1949,BEL,0.21361523866653442,0.10190453380346298,0.014000000432133675,19.51494641849972,50.4,322539.18062999286,8614,0
1950,BEL,0.15921634435653687,0.038445837795734406,0.014000000432133675,19.345741680767063,51.7,337527.54604202945,8639,0
1951,BEL,0.4205018877983093,0.04145427793264389,0.014000000432133675,21.157642413987592,54,394747.03451742174,8678,0
1952,BEL,-0.007112113758921623,0.06213293969631195,0.014000000432133675,21.355047941342356,51.1,402089.7462108158,8730,0
1953,BEL,0.09432537108659744,0.06532295793294907,0.014000000432133675,21.28454596728708,50.45,407500,8798,0
1954,BEL,0.42230522632598877,0.06770085543394089,0.014000000432133675,21.559503666102646,49.999999999,424300,8841,0
1955,BEL,0.2837921380996704,0.040223944932222366,0.014000000432133675,21.453750705019736,49.959999999,451100,8896,0
1956,BEL,-0.02480674721300602,0.010365473106503487,0.014000000432133675,22.060067681895088,50.224999999,479600,8951,0
1957,BEL,-0.1783108115196228,-0.08094849437475204,0.016200000420212746,22.758037225042294,50.017499999,508700,9027,0
1958,BEL,0.16084563732147217,0.20549842715263367,0.021400000900030136,23.054145516074442,49.842499999,512800,9079,0
1959,BEL,-0.027247795835137367,0.03711068257689476,0.016499999910593033,23.336153412295534,49.937499999,531100,9129,0
1960,BEL,-0.13784801959991455,-0.019229106605052948,0.03189999982714653,23.406655386350806,49.699999999,564000,9178,0
1961,BEL,0.1671425849199295,0.0623239167034626,0.033799998462200165,23.639311900733208,49.779999999,600200,9190,0
1962,BEL,-0.03470245376229286,0.111630380153656,0.026900000870227814,23.97067117879299,49.751299999,642700,9251,0
1963,BEL,0.15607059001922607,0.034408483654260635,0.025800000876188278,24.485335589396485,49.827499999,691100,9328,0
1964,BEL,0.03931485116481781,0.023207567632198334,0.03350000083446503,25.50761421319795,49.632499999,773400,9428,0
1965,BEL,-0.04563142731785774,0.05655631050467491,0.046300001442432404,26.54399323181047,49.642499999,842100,9499,0
1966,BEL,-0.19022873044013977,0.03951545059680939,0.05209999904036522,27.650874224478265,50.052499999,905000,9556,0
1967,BEL,0.24981649219989777,0.0820431262254715,0.05220000073313713,28.44049633389733,49.627499999,969700,9606,0
1968,BEL,0.16184508800506592,0.061994414776563644,0.04010000079870224,29.223068245910866,50.14,1037500,9632,0
1969,BEL,0.04663727805018425,-0.03184523433446884,0.06949999928474426,30.32289904117313,49.666299999,1151300,9660,0
1970,BEL,0.051439132541418076,0.06480719894170761,0.07859999686479568,31.507332205301726,49.674999999,1281000,9651,0
1971,BEL,0.09117309749126434,0.12267017364501953,0.05090000107884407,32.87507050197403,44.754999999,1402400,9695,0
1972,BEL,0.30950459837913513,0.06647101789712906,0.038600001484155655,34.66582064297798,44.0625,1568500,9727,0
1973,BEL,0.06918996572494507,0.016270125284790993,0.06159999966621399,37.07698815566833,41.319999999,1782300,9757,0
1974,BEL,-0.24737221002578735,-0.025416510179638863,0.10209999978542328,41.779469825155076,36.122499999,2090900,9788,0
1975,BEL,0.23179574310779572,0.12322814762592316,0.06989999860525131,47.10941906373375,39.527499999,2313100,9813,0
1976,BEL,-0.03501074016094208,0.0216154083609581,0.09769999980926514,51.43119007332202,35.982499999,2632800,9823,0
1977,BEL,0.020513959228992462,0.16404473781585693,0.07079999893903732,55.08319232938519,32.939999999,2846800,9837,0
1978,BEL,0.13515537977218628,0.06387480348348618,0.0714000016450882,57.543711223914244,28.799999999,3057600,9842,0
1979,BEL,0.10138563811779022,-0.08388116210699081,0.10760000348091125,60.11703327693173,28.048,3264700,9855,0
1980,BEL,-0.11453817039728165,-0.015812644734978676,0.14079999923706055,64.11449520586574,31.523,3605378.5625,9863,0
1981,BEL,0.11069336533546448,0.04029020294547081,0.1525000035762787,69.00733220530172,38.459999999,3780090.6694000005,9855,0
1982,BEL,0.2801415026187897,0.20092655718326569,0.14090000092983246,75.02820078962209,46.919999999,4090425.5201000003,9858,0
1983,BEL,0.4491335153579712,0.20938289165496826,0.10540000349283218,80.78116187253242,55.639999999,4333513.7575,9853,0
1984,BEL,0.2465037703514099,0.1366405189037323,0.11420000344514847,85.9066553863508,63.08,4681889.133900001,9858,0
1985,BEL,0.38154616951942444,0.2775988280773163,0.0957999974489212,90.08742244782853,50.36,4979395.896400001,9859,0
1986,BEL,0.43664881587028503,0.2770873010158539,0.08100000023841858,91.25775521714607,40.41,5211995.7598,9865,0
1987,BEL,-0.10943236947059631,0.029076511040329933,0.07090000063180923,92.67484489565707,33.1525,5422045.6191,9876,0
1988,BEL,0.5234041213989258,0.06990482658147812,0.06719999760389328,93.75352509870275,37.345,5801281.019,9928,0
1989,BEL,0.1465015560388565,-0.045030608773231506,0.0868000015616417,96.66525662718556,35.76,6290523.3262,9948,0
1990,BEL,-0.1968134641647339,0.05517009273171425,0.09669999778270721,100,30.9825,6670323.484700001,9987,0
1991,BEL,0.12569156289100647,0.1664387285709381,0.09309999644756317,103.20783981951494,31.27,6988000.1972,10022,0
1992,BEL,-0.014005719684064388,0.200479656457901,0.09359999746084213,105.71771009588268,33.18,7337948.8297,10068,0
1993,BEL,0.3458561599254608,0.20278139412403107,0.08160000294446945,108.62239142695995,36.11,7557518.9054000005,10101,0
1994,BEL,-0.029763035476207733,-0.03273160010576248,0.0568000003695488,111.2098138747885,31.8375,7964790.535800001,10131,0
1995,BEL,0.13405321538448334,0.18958310782909393,0.04780000075697899,112.84545967287085,29.415,8491105.2111,10143,0
1996,BEL,0.25928059220314026,0.13658398389816284,0.032099999487400055,115.17202481669487,32.005,8644356.4912,10170,0
1997,BEL,0.3497387170791626,0.09938362240791321,0.034299999475479126,116.90306034968981,36.92,9040211.9299,10192,0
1998,BEL,0.41247206926345825,0.17192663252353668,0.03550000116229057,117.96337110706149,34.5745,9384028.8976,10214,0
1999,BEL,-0.07302501797676086,-0.05340249836444855,0.027799999341368675,119.30225536912664,40.1551861437388,9774599.809400002,10239,0
2000,BEL,0.02351401560008526,0.05384042114019394,0.042399998754262924,122.49836279046555,43.35292853304674,10342182.202399999,10263,0
2001,BEL,-0.02317841351032257,0.07630744576454163,0.04149999842047691,125.4811979244134,45.77317599001475,10663247.4665,10310,0
2002,BEL,-0.2669452726840973,0.09968044608831406,0.032099999487400055,127.4236468682833,38.466577667588446,11023079.3745,10355,0
2003,BEL,0.18687132000923157,0.05081488937139511,0.022199999541044235,129.35666359127515,31.93974663499604,11343620.2199,10396,0
2004,BEL,0.3925911784172058,0.09360256791114807,0.020099999383091927,131.75881683416512,29.61596064899787,11973689.118,10446,0
2005,BEL,0.2718643844127655,0.060672055929899216,0.02070000022649765,135.10153801724786,34.19504958887853,12506861.576299999,10511,0
2006,BEL,0.23117119073867798,-0.0029505807906389236,0.028999999165534973,138.2467018222894,30.630144267274105,13116558.824900001,10585,0
2007,BEL,-0.04153551906347275,-0.008605130016803741,0.03889999911189079,140.75726192738216,27.40296175531552,13861556.098100001,10667,0
2008,BEL,-0.5605587363243103,0.0322677381336689,0.03669999912381172,147.07509472600822,28.986060214126592,14189237.105800001,10753,1
2009,BEL,0.5247774124145508,0.10888000577688217,0.006599999964237213,147.06692370583409,28.00215188116061,13976686.1727,10840,0
2010,BEL,0.11460345983505249,0.014645150862634182,0.00430000014603138,150.49875217896258,30.190016464601108,14649031.286,10951,0
2011,BEL,-0.13232307136058807,0.0065366607159376144,0.010099999606609344,155.54354003446144,31.17698431099776,15166511.523200002,11113.648616236162,0
2012,BEL,0.39016497135162354,0.24321061372756958,0.0013000000035390258,159.6274159174843,30.57442777019858,15578260.8825,11189.41660516605,0
2013,BEL,0.18959812819957733,0.0010905904928222299,0.0005000000237487257,161.61951063593366,29.250888260459725,15848739.912,11252.05147601476,0
2014,BEL,0.17930616438388824,0.15686185657978058,0.0005000000237487257,162.41209959282284,33.22617576805864,16257141.059600001,11295.491789667898,0
2015,BEL,0.09957490861415863,0.022625360637903214,-0.002199999988079071,163.41876927827386,37.053274547625605,16809717.009800002,11352.065221402216,0
2016,BEL,-0.02419999986886978,0.04965917766094208,-0.002637,166.31131041991074,38.26951902096575,17349585.8915,11426.822970479707,0
2017,BEL,0.041999999433755875,0.031766749918460846,-0.003291,170.0111483547502,33.63620445259737,17953272.495,11468.242804428046,0
2018,BEL,-0.20669999718666077,0.002424935344606638,-0.003221,173.93977485446487,35.23135371179039,18571279.763,11515.724077490775,0
2019,BEL,0.24879999458789825,0.09046313166618347,-0.003563,176.11163201674478,35.90875912408758,19215628.9857,11573.307749077492,0
2020,BEL,-0.1031000018119812,0.04437213018536568,-0.004252000000000001,176.8650000767982,32.87417488387254,18200435.0623,11639.983579335796,0
1870,CAN,,,,6.196613,0.8686332999999999,0.382553,3781,0
1871,CAN,,,,6.380275,0.89059016,0.412696,3801,0
1872,CAN,,,,6.971189,0.8914961,0.44725400000000004,3870,0
1873,CAN,,,,6.915292,0.8703261299999999,0.487768,3943,0
1874,CAN,,,,6.73163,0.8961534000000001,0.485543,4012,0
1875,CAN,,,,6.436172,0.8663232500000001,0.452452,4071,0
1876,CAN,,,,6.436172,0.89540952,0.42167,4128,0
1877,CAN,,,,6.196613,0.9533815000000001,0.434696,4184,0
1878,CAN,,,,6.076833,0.9876122999999999,0.409649,4244,0
1879,CAN,,,,6.020936,0.996319,0.445127,4312,0
1880,CAN,,,,6.196613,0.9981504000000001,0.481954,4384,0
1881,CAN,,,,6.469993,0.9984230999999999,0.568689,4451,0
1882,CAN,,,,6.880063,0.99451426,0.618885,4503,0
1883,CAN,,,,6.925626,0.99582228,0.611527,4560,0
1884,CAN,,,,6.059923,0.9959688,0.5851770000000001,4617,0
1885,CAN,,,,6.059923,0.99622656,0.554529,4666,0
1886,CAN,,,,6.014359,0.99735702,0.5607329999999999,4711,0
1887,CAN,,,,6.378866,0.9956691000000001,0.6110760000000001,4760,0
1888,CAN,,,,6.105486,0.9961771900000002,0.630304,4813,0
1889,CAN,,,,6.242176,0.99590244,0.65576,4865,0
1890,CAN,,,,6.105486,0.9922350899999999,0.685419,4918,0
1891,CAN,,,,6.105486,0.9947446299999999,0.703505,4972,0
1892,CAN,,,,6.105486,0.9962460000000001,0.7002849999999999,5022,0
1893,CAN,,,,6.059923,0.99463112,0.682408,5072,0
1894,CAN,,,,5.558726,0.996956,0.651411,5121,0
1895,CAN,,,,5.285346,0.9979365000000001,0.633418,5169,0
1896,CAN,,,,5.558726,0.9961771900000002,0.640817,5218,0
1897,CAN,,,,5.60429,0.9955357599999999,0.717022,5269,0
1898,CAN,,,,5.832106,0.9952530900000001,0.769372,5325,0
1899,CAN,,,,5.649853,0.9931919200000001,0.825982,5383,0
1900,CAN,,,,5.832106,1,0.907357,5457,0
1901,CAN,,,,5.877669,1,0.990663,5536,0
1902,CAN,,,,5.968796,1,1.119599,5650,0
1903,CAN,,,,6.014359,1,1.17815,5813,0
1904,CAN,,,,6.105486,1,1.205816,5994,0
1905,CAN,,,,6.15105,1,1.361543,6166,0
1906,CAN,,,,6.287739,1,1.525885,6282,0
1907,CAN,,,,6.469993,1,1.7284059999999999,6596,1
1908,CAN,,,,6.606683,1,1.6537929999999998,6813,0
1909,CAN,,,,6.743372,0.9997,1.838343,6993,0
1910,CAN,,,,6.925626,0.9998999999999999,2.0228099999999998,7188,0
1911,CAN,,,,7.107879,0.9998999999999999,2.233165,7410,0
1912,CAN,,,,7.426823,1.0002,2.493876,7602,0
1913,CAN,,,,7.654639,1.0003,2.651472,7852,0
1914,CAN,,,,7.701031,1.0004,2.448579,8093,0
1915,CAN,,,,7.840206,1,2.6885790000000003,8191,0
1916,CAN,,,,8.489691,1.000313097999674,3.242722,8214,0
1917,CAN,,,,10.05155,1.0025776270792206,3.991872,8277,0
1918,CAN,,,,11.36598,1.0151562833098156,4.261482,8374,0
1919,CAN,,,,12.49485,1.0775281504229297,4.367381,8548,0
1920,CAN,,,,14.47423,1.1584800741427248,5.060886,8798,0
1921,CAN,,,,12.74227,1.0778835540838851,4.073825,9028,0
1922,CAN,,,,11.65979,1.00554659501812,4.233944999999999,9159,0
1923,CAN,,,,11.69072,1.024674153619149,4.555266,9256,0
1924,CAN,,,,11.48969,1.0034689923064033,4.501525,9394,0
1925,CAN,,,,11.59794,1.0004311858410975,4.995748,9549,0
1926,CAN,,,,11.72165,1.000658433249078,5.345314999999999,9713,0
1927,CAN,,,,11.52062,1.0010270537571548,5.561,9905,0
1928,CAN,,,,11.56701,1.0021325380409511,6.05,10107,0
1929,CAN,,,,11.70619,1.0093445114873498,6.139,10305,0
1930,CAN,,,,11.62887,1.0010380764853153,5.72,10488,0
1931,CAN,,,,10.48454,1.209096273081648,4.693,10657,0
1932,CAN,,,,9.525773,1.1547490787989223,3.814,10794,0
1933,CAN,,,,9.07732,0.9945142593454505,3.492,10919,0
1934,CAN,,,,9.201031,0.9870791341341835,3.969,11030,0
1935,CAN,,,,9.262887,1.0096390237598352,4.301,11136,0
1936,CAN,,,,9.448454,0.9993833804542597,4.634,11243,0
1937,CAN,,,,9.742268,1.000516266393459,5.241,11341,0
1938,CAN,,,,9.850515,1.0094453804246333,5.272,11452,0
1939,CAN,,,,9.773196,1.1413518628003754,5.621,11570,0
1940,CAN,,,,10.15979,1.175,6.713,11688,0
1941,CAN,,,,10.76289,1.1449,8.282,11818,0
1942,CAN,,,,11.2732,1.099476439790576,10.265,11969,0
1943,CAN,,,,11.47423,1.099476439790576,11.053,12115,0
1944,CAN,,,,11.53608,1.099476439790576,11.848,12268,0
1945,CAN,,,,11.59794,1.099476439790576,11.863,12404,0
1946,CAN,,,,11.98454,1.0718113612004287,11.885,12634,0
1947,CAN,,,,13.1134,1.12,13.473,12901,0
1948,CAN,,,,15.00386,1.09,15.896,13180,0
1949,CAN,,,,15.48398,1.13,17.347,13469,0
1950,CAN,,,,15.9441,1.05,19.125,14011.42,0
1951,CAN,,,,17.60453,1.0169,22.28,14330.67,0
1952,CAN,,,,18.04464,0.970599999,25.17,14785.58,0
1953,CAN,,,,17.8846,0.974399999,26.395,15183.38,0
1954,CAN,,,,17.98463,0.966299999,26.531,15636.25,0
1955,CAN,,,,18.02464,0.999099999,29.25,16050.36,0
1956,CAN,,,,18.28471,0.959699999,32.902,16445.09,0
1957,CAN,,,,18.86986,0.984699999,34.467,17010.15,0
1958,CAN,,,,19.36332,0.964099999,35.689,17462,0
1959,CAN,,,,19.5717,0.952799999,37.877,17872.03,0
1960,CAN,,,,19.82844,0.995999999,39.448,18266.77,0
1961,CAN,,,,20.00015,1.043399999,42.099,18634.98,0
1962,CAN,,,,20.23586,1.077199999,45.816,18985.85,0
1963,CAN,,,,20.59388,1.0806,49.302,19342.84,0
1964,CAN,,,,20.96302,1.073799999,54.068,19711.05,0
1965,CAN,,,,21.47892,1.074999999,59.659,20071.1,0
1966,CAN,,,,22.28168,1.083799999,66.809,20448.5,0
1967,CAN,,,,23.07778,1.0806,71.913,20819.77,0
1968,CAN,,,,24.02064,1.072799999,78.569,21143.1,0
1969,CAN,,,,25.10359,1.072799999,86.518,21448.07,0
1970,CAN,,,,25.9486,1.011199999,93.237,21749.99,0
1971,CAN,,,,26.68465,1.0022,101.767,22026.4,0
1972,CAN,,,,27.95885,0.995599999,113.625,22284.5,0
1973,CAN,,,,30.08695,0.995799999,133.08,22559.5,0
1974,CAN,,,,33.35582,0.991199999,158.306,22874.7,0
1975,CAN,,,,36.96269,1.016399999,178.045,23209.2,0
1976,CAN,,,,39.7379,1.0092,206.007,23517.5,0
1977,CAN,,,,42.91337,1.0944,227.579,23796.4,0
1978,CAN,,,,46.73817,1.186,252.044,24036.3,0
1979,CAN,,,,51.01216,1.168099999,287.574,24276.9,0
1980,CAN,,,,56.20678,1.194699999,322.748,24593.3,0
1981,CAN,,,,63.21149,1.185899999,368.358,24900,0
1982,CAN,,,,70.04046,1.229399999,388.181,25201.9,0
1983,CAN,,,,74.11412,1.244399999,421.316,25456.3,0
1984,CAN,,,,77.3298,1.3214,461.986,25701.8,0
1985,CAN,,,,80.38505,1.3975,500.027,25941.6,0
1986,CAN,,,,83.74023,1.3805,526.63,26203.8,0
1987,CAN,,,,87.39537,1.2998,574.336,26549.7,0
1988,CAN,,,,90.911,1.1927,626.894,26894.8,0
1989,CAN,,,,95.45201,1.1578,671.579,27379.3,0
1990,CAN,,,,100,1.1603,695.501,27790.6,0
1991,CAN,,,,105.6152,1.1556,701.773,28117.6,0
1992,CAN,,,,107.2056,1.2711,718.436,28545,0
1993,CAN,,,,109.1797,1.324,747.037,28953,0
1994,CAN,,,,109.382,1.4028,791.972,29331,0
1995,CAN,,,,111.7536,1.3652,831.621,29691,0
1996,CAN,,,,113.4975,1.3696,859.834,30026,0
1997,CAN,,,,115.32647854933933,1.4291,906.926,30305.84,0
1998,CAN,,,,116.46496345234749,1.5305,940.548,30552,0
1999,CAN,,,,118.4968782119764,1.4433,1007.927,30821,0
2000,CAN,,,,121.7400285915097,1.5002,1106.071,31100,0
2001,CAN,,,,124.79300604441946,1.5926,1144.543,31377,0
2002,CAN,,,,127.63283666010683,1.5796,1193.694,31641,0
2003,CAN,,,,131.13252904132696,1.2924,1254.747,31889,0
2004,CAN,,,,133.54606598256956,1.2036,1335.731,32135,0
2005,CAN,,,,136.52501639021645,1.1645,1421.59,32386,0
2006,CAN,,,,139.27933300534156,1.1653,1496.604,32657,0
2007,CAN,,,,142.24679645768902,0.9881,1577.661,32386,0
2008,CAN,,,,145.63927725611464,1.2246,1657.041,33213,0
2009,CAN,,,,146.0757815574922,1.0466,1571.334,33595.16108918943,0
2010,CAN,,,,148.66034649985934,1.0009,1666.048,33972.320069881614,0
2011,CAN,,,,152.95774411020514,1.021,1774.063,34312.4634476942,0
2012,CAN,,,,155.2972540061849,0.9952,1827.201,34679.6182113919,0
2013,CAN,,,,156.7331234186111,1.064,1902.247,35048.773818488495,0
2014,CAN,,,,159.74270570705642,1.1599,1994.898,35406.924786891155,0
2015,CAN,,,,161.52956542029793,1.384,1990.441,35693.045392933505,0
2016,CAN,,,,163.84865406241207,1.3427,2025.535,36067.203108527356,0
2017,CAN,,,,166.47533784087707,1.2545,2140.641,36510.38992138317,0
2018,CAN,,,,170.25094872324865,1.3641,2231.168,37018.604144703146,0
2019,CAN,,,,173.56960602350765,1.3059,2310.712,37549.828067110444,0
2020,CAN,,,,174.81410251110478,1.2856,2204.905,37989.01319316845,0
1870,CHE,,,0.04100000113248825,12.8357,4.498449,1411.7872062091842,2655,1
1871,CHE,,,0.04149999842047691,14.08927,4.624884,1593.8727640037382,2680,0
1872,CHE,,,0.04149999842047691,16.98898,4.6520188000000005,1712.6430641981267,2697,0
1873,CHE,,,0.04149999842047691,18.05872,4.5707853,1850.1624850896694,2715,0
1874,CHE,,,0.041999999433755875,15.09038,4.6532745,1886.074309116922,2733,0
1875,CHE,,,0.041999999433755875,14.21081,4.5072066,2021.193108463325,2750,0
1876,CHE,,,0.041999999433755875,15.3944,4.6487240000000005,2089.989593511469,2768,0
1877,CHE,,,0.041999999433755875,15.52564,4.957307999999999,1918.3605094035827,2786,0
1878,CHE,,,0.042500000447034836,13.88131,5.1589215,1818.1478938905184,2803,0
1879,CHE,,,0.042500000447034836,13.17633,5.202736,1765.9815840009333,2821,0
1880,CHE,,,0.04149999842047691,13.18473,5.2169664,1848.1950366098574,2839,0
1881,CHE,,,0.04100000113248825,12.50219,5.234823,1837.8828772796624,2853,0
1882,CHE,,,0.04100000113248825,12.53848,5.1754077,1773.8107947836947,2863,0
1883,CHE,,,0.039500001817941666,11.98727,5.2016012,1756.5503385685354,2874,0
1884,CHE,,,0.03799999877810478,10.77349,5.196555999999999,1799.0806050463475,2885,0
1885,CHE,,,0.03799999877810478,9.656342,5.2119466999999995,1794.9363679850064,2896,0
1886,CHE,,,0.03750000149011612,9.257564,5.1984504,1792.5089589520212,2907,0
1887,CHE,,,0.03700000047683716,9.455994,5.221131300000001,1812.9677716500964,2918,0
1888,CHE,,,0.03700000047683716,9.301783,5.205586800000001,1847.8818103596793,2929,0
1889,CHE,,,0.0364999994635582,10.02392,5.194976799999999,1934.9123622509185,2940,0
1890,CHE,,,0.0364999994635582,10.46347,5.2003017,2148.5452870743,2951,0
1891,CHE,,,0.0364999994635582,10.74528,5.208529700000001,2136.34406282141,2965,0
1892,CHE,,,0.035999998450279236,10.59825,5.174118,2253.16377551509,3002,0
1893,CHE,,,0.035999998450279236,10.37565,5.1897552,2289.4331331926,3040,0
1894,CHE,,,0.035999998450279236,10.31382,5.1659999999999995,2286.06392866269,3077,0
1895,CHE,,,0.03449999913573265,10.04175,5.1696282,2481.2595950991,3114,0
1896,CHE,,,0.03400000184774399,9.918081,5.1877257,2644.60841007428,3151,0
1897,CHE,,,0.03400000184774399,10.06648,5.1936616,2828.70875713945,3188,0
1898,CHE,,,0.03449999913573265,10.44985,5.2373381000000006,2919.15013310536,3226,0
1899,CHE,,,0.0364999994635582,10.12831,5.214016,2978.51557400157,3263,0
1900,CHE,0.06717817485332489,0.013076472096145153,0.039000000804662704,9.757315,5.2010632,3072.68181892849,3300,0
1901,CHE,0.03180791437625885,0.10005735605955124,0.03849999979138374,9.880981,5.17617,3074.49984174935,3341,0
1902,CHE,0.08464536815881729,0.03958592563867569,0.03709999844431877,9.942815,5.1852621,3209.38167022523,3384,0
1903,CHE,0.07650520652532578,0.028933629393577576,0.03669999912381172,10.14068,5.1774192,3245.14770888331,3428,0
1904,CHE,0.1426810771226883,0.022632785141468048,0.0364999994635582,10.14068,5.180187999999999,3445.13386131766,3472,0
1905,CHE,0.07414871454238892,0.033728450536727905,0.0364999994635582,10.48695,5.179064,3661.23919286058,3461,0
1906,CHE,0.06805161386728287,0.03706636279821396,0.03700000047683716,10.78375,5.1914529,4040.62326107662,3560,0
1907,CHE,-0.07123715430498123,-0.0056486292742192745,0.03799999877810478,11.09292,5.1906876,4265.06473341887,3604,0
1908,CHE,0.09107472747564316,0.026209447532892227,0.039500001817941666,11.24132,5.1701745,4289.54083436239,3647,0
1909,CHE,0.11583172529935837,0.04698408022522926,0.039500001817941666,11.42682,5.1681672,4586.80962397439,3691,0
1910,CHE,0.06308232992887497,0.008411150425672531,0.039500001817941666,11.90912,5.193867200000001,4817.19488631367,3735,1
1911,CHE,0.037536170333623886,0.0187847763299942,0.039500001817941666,12.19355,5.1986561,4988.9990976937,3776,0
1912,CHE,0.007718436885625124,-0.005695336498320103,0.03999999910593033,12.63875,5.199355499999999,5184.09902248617,3819,0
1913,CHE,0.046336449682712555,0.03339231386780739,0.04149999842047691,12.36668,5.1978524,5192.40227624873,3864,0
1914,CHE,0.06035903841257095,0.021213848143815994,0.04149999842047691,12.58929,5.114616,4858.70871890016,3897,0
1915,CHE,-0.01672138273715973,,0.041999999433755875,14.47768,5.3274,5222.71130766045,3883,0
1916,CHE,0.08325892686843872,0.032046668231487274,0.041999999433755875,16.86964,5.2202,6537.62755766299,3883,0
1917,CHE,-0.0221231859177351,0.013565425761044025,0.041999999433755875,21.52768,4.7687,7915.56960524934,3888,0
1918,CHE,0.050554729998111725,-0.0014545847661793232,0.041999999433755875,25.68214,4.3793,9568.99575821377,3880,0
1919,CHE,-0.06939145922660828,0.0010305343894287944,0.041999999433755875,27.94821,5.2679,9758.2660051866,3869,0
1920,CHE,-0.15303678810596466,-0.04482516273856163,0.0430000014603138,28.2,5.9161,11072.6969104021,3877,0
1921,CHE,-0.13197241723537445,0.20491088926792145,0.045499999076128006,25.17857,5.7624,8244.74443958001,3876,0
1922,CHE,0.27203482389450073,0.21727648377418518,0.04349999874830246,20.64643,5.2452,7699.93107690238,3874,0
1923,CHE,0.14259107410907745,-0.0005320432246662676,0.039500001817941666,20.64643,5.5371,8357.04075894539,3883,0
1924,CHE,0.12084880471229553,0.03707001358270645,0.04100000113248825,21.27589,5.4876,9069.0190169111,3896,0
1925,CHE,0.17510651051998138,0.07999330013990402,0.04349999874830246,21.15,5.1742,9285.10001612094,3910,0
1926,CHE,0.21690000593662262,0.0546724833548069,0.041999999433755875,20.39464,5.1779,9195.85231529525,3932,0
1927,CHE,0.26099103689193726,0.05093833804130554,0.041999999433755875,20.14286,5.1916,9590.05577176255,3956,0
1928,CHE,0.21114370226860046,0.047416362911462784,0.041999999433755875,20.26875,5.1922,10291.7804071838,3988,0
1929,CHE,-0.061824049800634384,0.04743756353855133,0.041999999433755875,20.26875,5.1869,10475.3297769383,4022,0
1930,CHE,-0.055574674159288406,0.05876965448260307,0.04100000113248825,19.89107,5.1594,10305.281768776,4051,0
1931,CHE,-0.3009048402309418,0.05930499732494354,0.03550000116229057,18.88393,5.1544,9914.74369104872,4080,1
1932,CHE,0.051598332822322845,0.04856889322400093,0.03020000085234642,17.37321,5.1533,8938.41026207711,4102,0
1933,CHE,0.09540724009275436,0.037287913262844086,0.029883330687880516,16.49196,4.0265,8817.45761642918,4122,0
1934,CHE,-0.07246813923120499,0.03398767486214638,0.030391670763492584,16.24018,3.0896,8629.75594993075,4140,0
1935,CHE,-0.11325202882289886,0.03771854564547539,0.030158329755067825,16.11429,3.0772,8181.74177146449,4155,0
1936,CHE,0.5251672863960266,0.05434153974056244,0.030033329501748085,16.36607,3.3125,8169.27243748867,4168,0
1937,CHE,0.0778479129076004,0.04113081842660904,0.029758330434560776,17.24732,4.3596,9409.90034874916,4180,0
1938,CHE,0.017958728596568108,0.05638665333390236,0.02645833045244217,17.24732,4.3723,9272.21253159113,4192,0
1939,CHE,-0.16496822237968445,0.017322026193141937,0.024833330884575844,17.37321,4.4396,9698.1730373876,4206,0
1940,CHE,0.03621809557080269,0.017672305926680565,0.02592499926686287,19.00982,4.4099,10847.9822272222,4226,0
1941,CHE,0.3466092646121979,0.0609738714993,0.026249999180436134,21.90536,4.3086,11839.8896820956,4254,0
1942,CHE,0.06427798420190811,0.03429487347602844,0.02503333054482937,24.29732,4.3,12795.2649599505,4286,0
1943,CHE,-0.015993637964129448,0.03362831845879555,0.024900000542402267,25.55625,4.297,13459.0633281527,4323,0
1944,CHE,0.05572018772363663,0.02958478219807148,0.024783330038189888,26.18571,4.29,13940.3666702224,4364,0
1945,CHE,0.16046442091464996,0.026013130322098732,0.02463332936167717,26.4375,4.29,14839.8654025822,4412,0
1946,CHE,0.07589972764253616,0.033547550439834595,0.02419167011976242,26.18571,3.6,18136.8603196456,4467,0
1947,CHE,0.0986817479133606,0.030030973255634308,0.023116670548915863,27.31875,4.14,20227.0551247964,4524,0
1948,CHE,-0.052148569375276566,0.02395438589155674,0.023283330723643303,28.19728,3.99,20079.8914030789,4582,0
1949,CHE,0.14061886072158813,0.04379802197217941,0.023683330044150352,27.97225,4.3,21160.61752811,4640,0
1950,CHE,0.09681397676467896,0.05742369219660759,0.023133330047130585,27.53951,4.29,23192.3826431686,4694,0
1951,CHE,0.19533558189868927,0.006578271277248859,0.023099999874830246,28.85504,4.36,24505.4648850815,4749,0
1952,CHE,0.0836869552731514,0.021785032004117966,0.023116670548915863,29.58204,4.28,25721.2817757415,4815,0
1953,CHE,0.10475537180900574,0.038632556796073914,0.023116670548915863,29.39164,4.29,27255.9128732858,4878,0
1954,CHE,0.26142799854278564,0.031547416001558304,0.023099999874830246,29.59935,4.28,29401.1542314726,4929,0
1955,CHE,0.05989021435379982,0.014787260442972183,0.02318333089351654,29.8763,4.28,31611.2391571613,4980,0
1956,CHE,0.02119489386677742,0.02091924101114273,0.02329999953508377,30.32635,4.28,33626.7933803444,5045,0
1957,CHE,-0.10254386067390442,0.00791328214108944,0.0244416706264019,30.92065,4.28,34572.4287397467,5126,0
1958,CHE,0.22764143347740173,0.028065593913197517,0.028483329340815544,31.48898,4.307999999,36717.6700979335,5199,0
1959,CHE,0.2919606864452362,0.06524688005447388,0.027416670694947243,31.28559,4.322999999,40386.7352924143,5259,0
1960,CHE,0.4446042478084564,0.05846892669796944,0.02710000053048134,31.73564,4.304999999,45433.7262963098,5362,0
1961,CHE,0.4939022660255432,0.036640580743551254,0.027283329516649246,32.32128,4.315999999,50383.4519489525,5512,0
1962,CHE,-0.17714400589466095,0.023125000298023224,0.027516670525074005,33.71614,4.318999999,55403.4247997222,5666,0
1963,CHE,-0.0015776043292135,0.012087677605450153,0.02784167043864727,34.87588,4.314999999,61412.2620548955,5789,0
1964,CHE,-0.06931748241186142,0.02083478681743145,0.02970832958817482,35.95052,4.314999999,65772.9919693962,5887,0
1965,CHE,-0.06999652832746506,0.04602928087115288,0.03188332915306091,37.17805,4.317999999,70630.8559014113,5943,0
1966,CHE,-0.12094684690237045,0.022613447159528732,0.03322499990463257,38.95372,4.326999999,76029.0828959419,5996,0
1967,CHE,0.47190824151039124,0.05555327981710434,0.035716671496629715,40.52024,4.324999999,81184.1465123405,6063,0
1968,CHE,0.3949434161186218,0.0594896525144577,0.03604166954755783,41.49773,4.301999999,87965.702946911,6132,0
1969,CHE,0.044843293726444244,0.0038751510437577963,0.0625,42.53061,4.317999999,97984.0341259498,6212,0
1970,CHE,-0.10649757087230682,0.03671877831220627,0.06750000268220901,44.06853,4.315999999,111309.387247584,6267,0
1971,CHE,0.15500229597091675,0.10269123315811157,0.011500000022351742,46.96516,3.914999999,126131.546052386,6343.293,0
1972,CHE,0.20729142427444458,0.0382579006254673,0.026900000870227814,50.09313,3.773999999,140559.239821552,6401.4,0
1973,CHE,-0.19998852908611298,-0.0030071339569985867,0.036400001496076584,54.47881,3.243999999,152490.456241896,6441.1,0
1974,CHE,-0.33138006925582886,0.01875598356127739,0.059700001031160355,59.79961,2.539999999,151469.170053742,6460,0
1975,CHE,0.46756646037101746,0.14222437143325806,0.027499999850988388,63.80407,2.619999999,153419.880709423,6403.5,0
1976,CHE,0.07885533571243286,0.14057113230228424,0.01510000042617321,64.89886,2.4495,157559.061768292,6333.313,0
1977,CHE,0.08091741800308228,0.08230247348546982,0.024700000882148743,65.73298,1.999999999,163919.135014101,6316.424,0
1978,CHE,-0.005118068773299456,0.07655122131109238,0.006599999964237213,66.42699,1.619999999,171343.723493065,6332.568,0
1979,CHE,0.10928911715745926,-0.02095283754169941,0.0100166667252779,68.85001,1.579999999,184080.080876557,6350.84,0
1980,CHE,0.06066768616437912,0.022679021582007408,0.02290833368897438,71.61918,1.763499999,197615.666980773,6385.229,0
1981,CHE,-0.11905225366353989,0.018928594887256622,0.029341666027903557,76.26743,1.798499999,209358.794255031,6425.45,0
1982,CHE,0.13255594670772552,0.10715265572071075,0.013225000351667404,80.58051,1.994499999,215683.711548049,6468.126,0
1983,CHE,0.27294543385505676,0.032839879393577576,0.018433332443237305,82.97189,2.179499999,230525.3421649,6501.073,0
1984,CHE,0.04520061984658241,0.03260357677936554,0.03340666741132736,85.39067,2.585,244420.819611648,6529.684,0
1985,CHE,0.6135658025741577,0.059935711324214935,0.021250000223517418,88.33022,2.076499999,256518.742620639,6563.77,0
1986,CHE,0.09712424874305725,0.07173249125480652,0.028750000521540642,88.99487,1.6235,266301.694812038,6603.192,0
1987,CHE,-0.2748204469680786,0.04552105441689491,0.005625000223517418,90.28306,1.278,282703.981678814,6649.942,0
1988,CHE,0.23610004782676697,0.029050083830952644,0.04874999821186066,91.96182,1.504,305147.944804206,6704.112,0
1989,CHE,0.22585652768611908,-0.0806799978017807,0.09687499701976776,94.8671,1.5465,330925.051208594,6763.653,0
1990,CHE,-0.19314707815647125,0.002926075831055641,0.08749999850988388,100,1.2955,369509.23,6836.626,0
1991,CHE,0.17670057713985443,0.08829621970653534,0.07562500238418579,105.8441,1.3555,385929.29,6920.562,1
1992,CHE,0.17640012502670288,0.1404396891593933,0.0637499988079071,110.1336,1.456,393956.52,6995.447,0
1993,CHE,0.5081000328063965,0.1819738894701004,0.04125000163912773,113.7876,1.4795,402596.44,7058.211,0
1994,CHE,-0.07619982957839966,-0.022423813119530678,0.03500000014901161,114.7462,1.3115,412537.28,7114.53,0
1995,CHE,0.23059991002082825,0.1556437909603119,0.017500000074505806,116.8247,1.1505,417579.2,7157.106,0
1996,CHE,0.182899609208107,0.05100618302822113,0.014999999664723873,117.7738,1.3464,420822.45,7181.024,0
1997,CHE,0.5518854260444641,0.08880503475666046,0.009999999776482582,118.38488195809707,1.4553,428309.62,7193.761,0
1998,CHE,0.15365493297576904,0.11432509124279022,0.008750000037252903,118.40679839963218,1.3765,440568.64,7207.995,0
1999,CHE,0.11690592765808105,-0.05112598463892937,0.010937499813735485,119.36338661251831,1.5996,448437.47,7232.809,0
2000,CHE,0.11910942941904068,0.0467250794172287,0.03500000014901161,121.22757334544735,1.6365,472595.74,7266.92,0
2001,CHE,-0.2202742099761963,0.038154486566782,0.016499999910593033,122.42782082010638,1.6773,484723.49,7311.237,0
2002,CHE,-0.25951531529426575,0.13740773499011993,0.004399999976158142,123.21294510804123,1.3868,483439.96,7361.757,0
2003,CHE,0.22063781321048737,-0.0025380710139870644,0.0008999999845400453,123.99678019353284,1.2369,488937.34,7408.319,0
2004,CHE,0.06890685111284256,0.060954637825489044,0.005499999970197678,124.98946607482978,1.1316,504278.2,7450.867,0
2005,CHE,0.35608187317848206,0.06502807885408401,0.006300000008195639,126.4552892527968,1.3143,523662.57,7489.37,0
2006,CHE,0.20666758716106415,-0.02138919197022915,0.01940000057220459,127.79992740109903,1.2203,556438.83,7523.934,0
2007,CHE,-0.0005397464265115559,-0.01394559070467949,0.019999999552965164,128.73846677977974,1.1255,592442.27,7554.661,0
2008,CHE,-0.3404650092124939,0.10948916524648666,9.999999747378752e-05,131.86478270464346,1.0637,617696.48,7581.52,1
2009,CHE,0.23181472718715668,0.04250982776284218,0.0005000000237487257,131.2330735074545,1.0305,607377.28,7690.3552008428815,0
2010,CHE,0.02918740175664425,0.05230806767940521,0.00039999998989515007,132.13551521772445,0.9396,629325.24,7774.228199657579,0
2011,CHE,-0.07721107453107834,0.11861874908208847,0.000699999975040555,132.43718858944325,0.9409,641200.31,7858.101198472277,0
2012,CHE,0.17722399532794952,0.041854072362184525,-0.00019999999494757503,131.5192764498544,0.9166,648980.52,7942.972685368102,0
2013,CHE,0.24600191414356232,-0.04045632854104042,9.999999747378752e-05,131.23565191234098,0.8915,660648.77,8026.845684182801,0
2014,CHE,0.13001148402690887,0.09706760197877884,-0.019999999552965164,131.2201814830221,0.9891,672818.21,8127.692980376664,0
2015,CHE,0.026751631870865822,0.04209879785776138,-0.009999999776482582,129.72212824397397,0.9921,675735.65,8225.544812327145,0
2016,CHE,-0.007899999618530273,-0.0024187390226870775,-0.009000000000000001,129.15874677627687,1.016,685440.98,8314.41025154748,0
2017,CHE,0.2004999965429306,0.005397496744990349,-0.01,129.8471808809685,0.9753,693694.13,8407.269643092324,0
2018,CHE,-0.09059999883174896,0.008491598069667816,-0.0095,131.06035352028297,0.9847,719271.62,8471.172880284475,0
2019,CHE,0.29899999499320984,0.026516979560256004,-0.01,131.53365988760393,0.9682,727212.15,8532.080653233244,0
2020,CHE,0.03999999910593033,-0.009036127477884293,-0.0085,130.5792453996545,0.8806,706241.81,8592.988426182013,0
1870,DEU,0.045156121253967285,0.03348425030708313,0.06750000268220901,1.1503618935597576e-11,3.633879e-12,1.2507570696088501e-11,40804,0
1871,DEU,0.37325242161750793,0.14190393686294556,0.04125000163912773,1.2021799971208781e-11,3.6960599999999995e-12,1.3214528842513648e-11,40997,0
1872,DEU,0.13346737623214722,0.0497431755065918,0.04125000163912773,1.2747253490839265e-11,3.6989832e-12,1.4332413817165766e-11,41230,0
1873,DEU,-0.09736505150794983,0.06456244736909866,0.04625000059604645,1.3472706873053457e-11,3.6105075e-12,1.5520642731471228e-11,41564,1
1874,DEU,-0.03579087555408478,0.06197554990649223,0.03500000014901161,1.3576343042494475e-11,3.7361250000000005e-12,1.5964266413537476e-11,42004,0
1875,DEU,-0.08155450224876404,0.047438640147447586,0.04749999940395355,1.2850889695092527e-11,3.6608307e-12,1.571695493659478e-11,42518,0
1876,DEU,0.0756855234503746,0.040216390043497086,0.03750000149011612,1.2954525880323761e-11,3.7680296e-12,1.6071671518178313e-11,43059,0
1877,DEU,0.007354984991252422,0.038433268666267395,0.03999999910593033,1.2747253490839266e-11,4.026483e-12,1.595873019776088e-11,43610,0
1878,DEU,0.09365593641996384,0.05011950060725212,0.04500000178813934,1.2332708566424673e-11,4.1765035e-12,1.6114073281339315e-11,44129,0
1879,DEU,0.3330463767051697,0.05951946601271629,0.03500000014901161,1.202179997120874e-11,4.209198e-12,1.6070499055475375e-11,44641,0
1880,DEU,0.1281481832265854,0.06521216034889221,0.03375000134110451,1.253998107354106e-11,4.216752e-12,1.6353373589904267e-11,45095,0
1881,DEU,0.17513629794120789,0.04694615304470062,0.04125000163912773,1.2332708566424673e-11,4.229631e-12,1.6679887302281e-11,45426,0
1882,DEU,-0.003734889905899763,0.042354702949523926,0.038750000298023224,1.2436344776962788e-11,4.202491e-12,1.707798277193412e-11,45717,0
1883,DEU,0.0836617574095726,0.046306971460580826,0.03500000014901161,1.202179997120874e-11,4.213696999999999e-12,1.7203820568555444e-11,46014,0
1884,DEU,0.06552354246377945,0.05099194496870041,0.02889999933540821,1.1918163797253297e-11,4.207962e-12,1.7856978556226966e-11,46335,0
1885,DEU,0.010078897699713707,0.05138763412833214,0.02850000001490116,1.1607255142424707e-11,4.2015954e-12,1.7938265012382088e-11,46705,0
1886,DEU,0.09612987190485,0.053658198565244675,0.02160000056028366,1.1503618935597578e-11,4.1946343999999996e-12,1.8233579939615718e-11,47103,0
1887,DEU,0.006245369091629982,0.03385138884186745,0.023000000044703484,1.1503618935597578e-11,4.1948e-12,1.8710747376576324e-11,47540,0
1888,DEU,0.16583238542079926,0.05711447820067406,0.0210999995470047,1.1607255142424705e-11,4.1797e-12,1.9674461463356847e-11,48020,0
1889,DEU,0.1727822870016098,0.030128387734293938,0.02630000002682209,1.2021799971208739e-11,4.1864e-12,2.0732228212611395e-11,48512,0
1890,DEU,-0.043401967734098434,0.0009446745971217752,0.03779999911785126,1.2332708566424672e-11,4.181899999999999e-12,2.1601694196773773e-11,49239,0
1891,DEU,-0.04240553081035614,0.03385338559746742,0.03020000085234642,1.2539981073541056e-11,4.1794e-12,2.2090846348193567e-11,49767,1
1892,DEU,0.056862808763980865,0.046211425215005875,0.017999999225139618,1.2436344776962785e-11,4.1784e-12,2.2220917629569195e-11,50279,0
1893,DEU,0.045284271240234375,0.03657173737883568,0.031700000166893005,1.171089137929984e-11,4.1875e-12,2.2433513204343706e-11,50778,0
1894,DEU,0.16976386308670044,0.08479717373847961,0.017400000244379044,1.1503618935597576e-11,4.180799999999999e-12,2.27522109714396e-11,51339,0
1895,DEU,0.1318591684103012,0.04678182303905487,0.020099999383091927,1.171089137929984e-11,4.1753e-12,2.382456766484927e-11,52001,0
1896,DEU,0.08897232264280319,0.024239683523774147,0.030400000512599945,1.181452758995148e-11,4.1812e-12,2.4911579326622092e-11,52753,0
1897,DEU,0.07765394449234009,0.02068159356713295,0.030899999663233757,1.2021799971208738e-11,4.1856e-12,2.6096616707857047e-11,53549,0
1898,DEU,0.08969160169363022,0.008858573623001575,0.03550000116229057,1.2021799971208738e-11,4.2091e-12,2.7532157291091803e-11,54406,0
1899,DEU,0.03726273402571678,-0.01499930489808321,0.04450000077486038,1.233270856642467e-11,4.1963e-12,2.82441957850892e-11,55248,0
1900,DEU,-0.06725689768791199,0.026910047978162766,0.04410000145435333,1.2643617291677967e-11,4.2012e-12,2.936149472053567e-11,56046,0
1901,DEU,0.038567397743463516,0.06220318749547005,0.03060000017285347,1.2643617291677967e-11,4.1853e-12,2.961577559497604e-11,56874,1
1902,DEU,0.08680732548236847,0.040763821452856064,0.021900000050663948,1.2747253490839261e-11,4.1937e-12,3.049944069421469e-11,57767,0
1903,DEU,0.10097536444664001,0.03314999118447304,0.03009999915957451,1.2747253490839261e-11,4.196399999999999e-12,3.168512948400817e-11,58629,0
1904,DEU,0.1247231513261795,0.027774188667535782,0.03139999881386757,1.2747253490839261e-11,4.1788e-12,3.2838772630834265e-11,59475,0
1905,DEU,0.08828467130661011,0.027354072779417038,0.02850000001490116,1.3161798305513671e-11,4.184200000000001e-12,3.5511457375847964e-11,60314,0
1906,DEU,0.05856289342045784,0.017608584836125374,0.04039999842643738,1.3887251706925117e-11,4.2154e-12,3.7608427720553054e-11,61153,0
1907,DEU,0.025070125237107277,0.003328117774799466,0.05119999870657921,1.3783615523991073e-11,4.203299999999999e-12,3.86271796153092e-11,62013,0
1908,DEU,0.020598167553544044,0.05757177248597145,0.03519999980926514,1.3783615523991073e-11,4.197e-12,4.0394379579768284e-11,62863,0
1909,DEU,0.14028215408325195,0.03441371023654938,0.028599999845027924,1.4198160385765414e-11,4.1879999999999995e-12,4.2126798398527077e-11,63717,0
1910,DEU,0.07810017466545105,0.03398488461971283,0.03539999946951866,1.4716341395648174e-11,4.2023e-12,4.4422686263749084e-11,64568,0
1911,DEU,0.05248943716287613,0.024636516347527504,0.03539999946951866,1.4716341395648174e-11,4.197900000000001e-12,4.642970748366029e-11,65359,0
1912,DEU,0.05938301980495453,0.0017900161910802126,0.0421999990940094,1.492361378020115e-11,4.201e-12,4.824666928721883e-11,66146,0
1913,DEU,0.040864042937755585,0.022681813687086105,0.049800001084804535,1.5027249944261957e-11,4.2107e-12,5.071613764368144e-11,66978,0
1914,DEU,-0.08573048561811447,0.0455005057156086,0.03629999980330467,1.544179487029796e-11,4.28e-12,4.811760007613481e-11,67790,0
1915,DEU,0.09815901517868042,0.06536457687616348,0.03889999911189079,1.9379970725641004e-11,4.86e-12,5.54760457823095e-11,67883,0
1916,DEU,0.1535072773694992,0.04319523647427559,0.04619999974966049,2.5494506967403004e-11,5.519999999999999e-12,6.959784384415652e-11,67715,0
1917,DEU,0.23372343182563782,0.03154205530881882,0.046300001442432404,3.824176052345169e-11,6.58e-12,1.018915353636066e-10,67368,0
1918,DEU,-0.26594823598861694,0.038628607988357544,0.046300001442432404,4.7050837962563053e-11,6.01e-12,1.22008116946414e-10,66811,0
1919,DEU,0.590096652507782,0.06736224889755249,0.046300001442432404,6.249263288262212e-11,1.976e-11,1.4411767239014471e-10,62897,0
1920,DEU,0.6850277781486511,0.12000566720962524,0.03590000048279762,1.5338158650649405e-10,6.306e-11,3.9579741112180395e-10,61974,0
1921,DEU,1.2381927967071533,0.43171799182891846,0.0348999984562397,2.0105424070659674e-10,1.0457e-10,5.499875987404899e-10,62473,0
1922,DEU,20.694435119628906,0.047298237681388855,0.05939999967813492,2.259269310196312e-09,1.88578e-09,6.549411395211991e-09,61185,0
1923,DEU,2639074816,0.06114140897989273,,2.388266141806678,0.5349,6.021069226408612,61577,0
1924,DEU,0.04148393124341965,0.06827491521835327,0.11110000312328339,19.802945276729737,4.2011511154056205,55.6256189401938,61953,0
1925,DEU,-0.3478185534477234,0.0672944039106369,0.0820000022649765,21.65947135982542,4.200445247196203,65.25995702536964,62411,0
1926,DEU,1.3776044845581055,0.04826834797859192,0.06030000001192093,21.81418189639468,4.202386955790889,67.5025577842883,62866,0
1927,DEU,-0.07390796393156052,0.04713355004787445,0.07259999960660934,22.89715545688216,4.184100418410042,75.89466859320457,63252,0
1928,DEU,0.11162931472063065,0.05308752879500389,0.07460000365972519,23.515997494325248,4.201680672268907,81.08830100055725,63618,0
1929,DEU,-0.22215013206005096,0.046711549162864685,0.08269999921321869,23.82541852429542,4.184100418410042,81.12770918716677,63957,0
1930,DEU,-0.27195248007774353,0.06838693469762802,0.05660000070929527,22.89715545688216,4.201680672268907,75.07809430787701,64294,0
1931,DEU,-0.34182441234588623,-0.12421856820583344,0.08449999988079071,21.040629339347035,4.23728813559322,61.45110996608646,64631,1
1932,DEU,0.13711504638195038,0.24399156868457794,0.05040000006556511,18.719971694232836,4.201680672268907,50.90621240494301,64911,0
1933,DEU,0.14418908953666687,0.20961789786815643,0.05050000175833702,18.255840167016665,2.679528403001072,52.288248344644416,65218,0
1934,DEU,0.1400829404592514,0.045467033982276917,0.045499999076128006,18.71997169423284,2.488181139586962,58.41667959715322,65595,0
1935,DEU,0.16027472913265228,0.04637465626001358,0.034699998795986176,19.02939269921157,2.486325211337643,65.25720761700154,66871,0
1936,DEU,0.2989019751548767,0.07111585885286331,0.03310000151395798,19.184103223682772,2.4857071836937608,72.55780330377964,67349,0
1937,DEU,0.017761338502168655,0.0956096276640892,0.031700000166893005,19.338813739405722,2.481389578163772,81.21752319385824,67831,0
1938,DEU,-0.027276359498500824,0.06661681830883026,0.03009999915957451,19.49352423666623,2.450980392156863,90.47936351655213,68424,0
1939,DEU,0.1336694359779358,0.04571683332324028,0.02500000037252903,19.49352423666623,2.4937655860349124,109.27798499875051,69314,0
1940,DEU,0.3376937210559845,0.07767151296138763,0.022199999541044235,20.112366285899107,2.5012506253126565,122.65935552632357,69838,0
1941,DEU,0.0747654065489769,0.0690060630440712,0.021800000220537186,20.576497820385075,2.4893917963224896,133.81003939790642,70244,0
1942,DEU,0.1425996869802475,0.06112852692604065,0.021299999207258224,21.195339868439003,2.4893917963224896,139.38492309896984,70834,0
1943,DEU,0.04271024838089943,0.06454386562108994,0.021299999207258224,21.350050371401743,2.4893917963224896,150.53560697055272,70411,0
1944,DEU,0.03170304745435715,,0.021299999207258224,21.814181896394675,2.4893917963224896,144.9607232694893,64247,0
1945,DEU,-0.13434875011444092,,,22.433023935057417,,,65884,0
1946,DEU,-0.09704092890024185,,,24.44426054889492,17.5,44.637561325660805,49260,0
1947,DEU,0.08538708835840225,,,26.146076159445776,23.5,56.21073761647599,49188,0
1948,DEU,-0.8841469287872314,,,30.168549425585496,20.5,77.24554457140077,49311,0
1949,DEU,1.3681889772415161,0.06458775699138641,,32.29096830178449,6.05,98.89438606186928,49987,0
1950,DEU,-0.08310543745756149,0.03701186180114746,0.04309999942779541,30.282438498705474,4.199999999,107.57151887161258,50799,0
1951,DEU,1.1774762868881226,0.03591920807957649,0.06019999831914902,32.599972081874945,4.199999999,132.0100969453576,51157,0
1952,DEU,0.21791709959506989,0.06294126808643341,0.051100000739097595,33.29523218101175,4.199999999,151.01787989160368,51611,0
1953,DEU,0.25189876556396484,0.014948978088796139,0.03579999879002571,32.67722355966636,4.199999999,162.19278525011103,52148,0
1954,DEU,0.8926240801811218,0.07128824293613434,0.02889999933540821,32.75447503341013,4.199799999,174.09875918347396,52665,0
1955,DEU,0.1104106679558754,0.1024467870593071,0.031300000846385956,33.29523218101175,4.215199999,198.95509072856504,52229,0
1956,DEU,-0.04888329654932022,-0.056685127317905426,0.04699999839067459,34.14499517104503,4.198599999,219.94720266370496,53931,0
1957,DEU,0.07799005508422852,-0.002312250202521682,0.03959999978542328,34.866004695302294,4.201699999,239.68605418480666,54657,0
1958,DEU,0.6110981702804565,0.12705065310001373,0.030799999833106995,35.59345312589381,4.177499999,257.54501508485106,55292,0
1959,DEU,0.8196190595626831,0.09175792336463928,0.027049999684095383,35.94108316284035,4.169999999,282.0880315264326,56002,0
1960,DEU,0.37916263937950134,0.020545650273561478,0.0456399992108345,36.47540347333437,4.170999999,316.1349394411371,55433,0
1961,DEU,-0.06964285671710968,0.09988727420568466,0.029319999739527702,37.30585284176381,3.996499999,346.422066113727,56185,0
1962,DEU,-0.21530503034591675,0.05538468062877655,0.02662000060081482,38.38093131767902,3.997999999,376.8136311541535,56837,0
1963,DEU,0.12049345672130585,0.054772816598415375,0.02996000088751316,39.526822337887275,3.975199999,399.37231860684113,57389,0
1964,DEU,0.09510250389575958,0.06930676847696304,0.03288000077009201,40.45383579176994,3.976999999,438.8500216490446,57971,0
1965,DEU,-0.11891141533851624,0.0017618751153349876,0.041039999574422836,41.76066763973334,4.005599999,479.5809851052863,58619,0
1966,DEU,-0.1363368034362793,0.0009717082721181214,0.05339000001549721,43.27350236150512,3.977299999,509.86811177787627,59148,0
1967,DEU,0.3791571855545044,0.15889610350131989,0.033479999750852585,43.96876242879908,3.998999999,516.3432905837403,59286,0
1968,DEU,0.1598810851573944,0.08920188248157501,0.025930000469088554,44.68333511951533,3.999499999,556.9698156721455,59500,0
1969,DEU,0.19145603477954865,0.009404388256371021,0.04806999862194061,45.52022232796206,3.689899999,623.497055984007,60067,0
1970,DEU,-0.21519063413143158,0.054736021906137466,0.08647000044584274,47.08455698054643,3.647999999,705.272298,60651,0
1971,DEU,0.07233686000108719,0.08538829535245895,0.0616299994289875,49.55015564730375,3.268499999,782.8013992,61284,0
1972,DEU,0.16431158781051636,0.040691763162612915,0.04301999881863594,52.27325705893369,3.201499999,853.4655371,61672,0
1973,DEU,-0.15124717354774475,0.03290973976254463,0.10182999819517136,55.929810853706314,2.702999999,950.5724966,61976,0
1974,DEU,0.024214988574385643,0.08233438432216644,0.08866000175476074,59.824553838399076,2.409499999,1028.8056966,62054,0
1975,DEU,0.3115616738796234,0.1349460780620575,0.044039998203516006,63.378105709459255,2.622299999,1077.6818883,61829,0
1976,DEU,-0.022198447957634926,0.11145351082086563,0.03884999826550484,66.1012081293633,2.362499999,1168.412842,61531,0
1977,DEU,0.12450765818357468,0.13562846183776855,0.04139000177383423,68.54105528708712,2.104999999,1244.9640282,61400,0
1978,DEU,0.11918660998344421,0.03743641823530197,0.03359999880194664,70.38220743959864,1.827999999,1327.8912202,61326,0
1979,DEU,-0.09371468424797058,0.005099039059132338,0.058720000088214874,73.27912442810685,1.731499999,1442.1703671,61359,0
1980,DEU,0.03376498818397522,0.03102438896894455,0.09060999751091003,77.25111883609296,1.959,1542.2110716,61566,0
1981,DEU,0.027976246550679207,0.05071915313601494,0.11263000220060349,82.1372529935331,2.254799999,1615.1048557,61682,0
1982,DEU,0.14812473952770233,0.18569885194301605,0.0866599977016449,86.46331535052717,2.376499999,1682.4245243,61638,0
1983,DEU,0.3932937681674957,0.04906577616930008,0.053630001842975616,89.29585658556124,2.723799999,1756.8634141,61423,0
1984,DEU,0.10989166051149368,0.13191428780555725,0.05544999986886978,91.44601251496428,3.148,1842.39186,61175,0
1985,DEU,0.6665141582489014,0.10259690135717392,0.05192999914288521,93.44166660212248,2.4613,1925.3386103,61024,0
1986,DEU,0.15035311877727509,0.0862049013376236,0.045729998499155045,93.32485405730733,1.9408,2028.4499679,61066,0
1987,DEU,-0.3350880444049835,0.06814783066511154,0.037220001220703125,93.5506908008213,1.5815,2083.2132079,61077,0
1988,DEU,0.2789909243583679,0.0494999997317791,0.04008999839425087,94.74217141760197,1.7803,2196.9642807,61449,0
1989,DEU,0.3148202896118164,0.016102906316518784,0.06588999927043915,97.3743311136727,1.6978,2348.2868478,62063,0
1990,DEU,-0.06978867948055267,0.014066016301512718,0.07923000305891037,100,1.494,2555.6439444,63253,0
1991,DEU,0.12855538725852966,0.11170704662799835,0.08839999884366989,103.63620687590307,1.516,3101.555214,79961,0
1992,DEU,-0.02086845226585865,0.13408750295639038,0.09415999799966812,108.87803295302335,1.614,3328.9400098,80571,0
1993,DEU,0.46705931425094604,0.14661875367164612,0.07489000260829926,113.73125431140113,1.7263,3424.4431886999996,81103,0
1994,DEU,-0.07063193619251251,-0.025139128789305687,0.05347000062465668,116.84008149225397,1.5488,3578.2887765,81384,0
1995,DEU,0.0699237659573555,0.16692912578582764,0.04503000155091286,118.99035661606668,1.4335,3705.5350762999997,81624,0
1996,DEU,0.22141863405704498,0.07546108961105347,0.03272999823093414,120.760659852491,1.5548,3757.8926453999998,81861,0
1997,DEU,0.4082593023777008,0.06561748683452606,0.0318400003015995,122.59459526127759,1.7921,3835.6760044999996,81980,0
1998,DEU,0.1553555130958557,0.11240861564874649,0.03413999825716019,123.312222160368,1.673,3939.8630685999997,81993,0
1999,DEU,0.316754549741745,-0.019451305270195007,0.027319999411702156,124.14945354264015,1.9468743778618356,4027.9927684,82046,0
2000,DEU,-0.09912479668855667,0.06855292618274689,0.041120000183582306,125.8908948177662,2.101912950026867,4125.0214946999995,82157,0
2001,DEU,-0.17913822829723358,0.05624079331755638,0.0437299981713295,128.2829844814009,2.2192556450697833,4249.118908199999,82295,0
2002,DEU,-0.39940106868743896,0.09019169956445694,0.0327799990773201,129.95744724594516,1.865004291026986,4299.1490396,82434,0
2003,DEU,0.37576285004615784,0.04087153449654579,0.023180000483989716,131.37834850614416,1.5485589865399843,4325.454953099999,82479,0
2004,DEU,0.08466467261314392,0.0670132040977478,0.02048330008983612,133.6779440361183,1.4358931062330225,4425.1044916,82462,0
2005,DEU,0.28201770782470703,0.040816325694322586,0.020899999886751175,136.2566166935165,1.657904552004747,4475.5453473,82415,0
2006,DEU,0.24087242782115936,0.002688172273337841,0.028358299285173416,138.68857451821177,1.485064540622627,4664.8110164,82322,0
2007,DEU,0.2042311728000641,0.025137992575764656,0.03859170153737068,141.8636748650762,1.3285986006385428,4888.694876500001,82212,0
2008,DEU,-0.4257866144180298,0.10143991559743881,0.0381833016872406,145.75799683747348,1.4053531651936473,4980.5015367,82056,1
2009,DEU,0.254040002822876,0.04924718290567398,0.006258329842239618,146.1168102870187,1.3576495904484234,4783.432105899999,81770.50477935714,0
2010,DEU,0.1845751404762268,0.04006709158420563,0.0038333300035446882,147.75140489050239,1.4637254901960783,5015.530452,81569.3373285127,0
2011,DEU,-0.14815965294837952,0.08290884643793106,0.008091670460999012,151.4192757080756,1.5115774016539145,5268.145454799999,81560.19335347431,0
2012,DEU,0.2926276624202728,0.046400036662817,0.0025500000920146704,154.6757071035036,1.482363195391845,5369.3596573,81713.60893467386,0
2013,DEU,0.2674599885940552,-0.0048566716723144054,0.0008916666847653687,157.14753308925944,1.4181930244362266,5498.5226705000005,81937.12832450101,0
2014,DEU,0.03094451129436493,0.07100376486778259,0.0009666666737757623,158.35633573261615,1.6109299069269414,5725.5554169,82278.50339260067,0
2015,DEU,0.11329784989356995,0.005129074677824974,-0.001075000036507845,159.43277608125175,1.7964820428033434,5918.6936294,82993.76544004754,0
2016,DEU,0.0568000003695488,0.04064487665891647,-0.002637,160.03079849716042,1.8554501470448723,6131.0185341999995,83666.35560398198,0
2017,DEU,0.16380000114440918,0.011384469456970692,-0.003291,162.76894379880093,1.6308096389560587,6390.0095427999995,83979.28274973998,0
2018,DEU,-0.16850000619888306,0.02532372996211052,-0.003221,165.91852852258663,1.7081484716157205,6586.9616238,84232.26605913528,0
2019,DEU,0.22769999504089355,0.05853414162993431,-0.003563,168.16390335351838,1.7409916325440622,6793.2821305,84422.25754048835,0
2020,DEU,0.07590000331401825,0.032080188393592834,-0.004252000000000001,168.78903611894825,1.5938635808002606,6586.3748748,84491.34535188948,0
1870,DNK,,0.05740181356668472,,2.81371,3.226296,0.669,1888,0
1871,DNK,,0.11077844351530075,,3.037528,3.2972335999999998,0.685,1903,0
1872,DNK,,0.0760563388466835,,3.171046,3.3032934,0.722,1918,0
1873,DNK,-0.010062160901725292,0.054644808173179626,,3.347215,3.259824,0.781,1935,0
1874,DNK,0.11027878522872925,0.04324324056506157,,3.179854,3.345723,0.809,1954,0
1875,DNK,0.08056949824094772,0.045945946127176285,0.05380000174045563,2.904675,3.2547277,0.808,1973,0
1876,DNK,-0.02071562595665455,0.013477089814841747,0.0560000017285347,2.759441,3.3457535999999997,0.832,1994,0
1877,DNK,-0.06005743145942688,0.01666666567325592,0.05620000138878822,2.595514,3.5828390000000003,0.773,2019,1
1878,DNK,0.14749807119369507,0.08285713940858841,0.05130000039935112,2.41739,3.7182189999999995,0.758,2043,0
1879,DNK,0.17056792974472046,0.08264462649822235,0.03999999910593033,2.443107,3.7388999999999997,0.759,2064,0
1880,DNK,0.19821083545684814,0.07692307233810425,0.03480000048875809,2.637445,3.741,0.84,2081,0
1881,DNK,0.0901954174041748,0.043589744716882706,0.0357000008225441,2.69297,3.7667789999999997,0.839,2101,0
1882,DNK,0.05709286034107208,0.046035803854465485,0.04349999874830246,2.665208,3.7378971000000005,0.85,2120,0
1883,DNK,0.06907913833856583,0.04325699806213379,0.04670000076293945,2.526395,3.750778,0.868,2137,0
1884,DNK,0.041174620389938354,0.050761424005031586,0.04529999941587448,2.47087,3.746934,0.839,2160,0
1885,DNK,-0.0791454091668129,0.04522613063454628,0.04340000078082085,2.387582,3.7477918000000003,0.82,2186,1
1886,DNK,0.11672041565179825,0.02500000037252903,0.04050000011920929,2.276532,3.7328378999999994,0.819,2213,0
1887,DNK,0.03440308943390846,0.027918782085180283,0.03500000014901161,2.276532,3.7419515999999997,0.827,2237,0
1888,DNK,0.12778066098690033,0.04859334975481033,0.033399999141693115,2.221006,3.7274268,0.841,2257,0
1889,DNK,0.09005042165517807,0.030303029343485832,0.0357000008225441,2.304294,3.7354044,0.892,2276,0
1890,DNK,0.010680236853659153,0.012690356001257896,0.041099999099969864,2.332057,3.7404488000000002,0.965,2294,0
1891,DNK,0.03563785180449486,0.005194805096834898,0.04390000179409981,2.554157,3.7342778,1.008,2311,0
1892,DNK,0.057856570929288864,0.040214475244283676,0.04280000180006027,2.415344,3.722328,1.005,2327,0
1893,DNK,0.07704534381628036,0.04278074577450752,0.040800001472234726,2.276532,3.7326680000000003,1,2344,0
1894,DNK,0.10303031653165817,0.11170212924480438,0.03999999910593033,2.221006,3.717059999999999,0.99,2367,0
1895,DNK,0.1120045855641365,0.024752475321292877,0.03920000046491623,2.165481,3.7149222,1.039,2397,0
1896,DNK,0.07126051187515259,0.029999999329447746,0.038600001484155655,2.109956,3.7282480000000002,1.059,2428,0
1897,DNK,0.03643586486577988,0.0477386936545372,0.04619999974966049,2.109956,3.7302008000000004,1.097,2462,0
1898,DNK,0.0662151426076889,0.017369726672768593,0.04580000042915344,2.221006,3.7536285000000005,1.157,2497,0
1899,DNK,-0.025713680312037468,-0.015151514671742916,0.056699998676776886,2.276532,3.746032,1.217,2530,0
1900,DNK,0.04688404127955437,0.01595744676887989,0.062199998646974564,2.332057,3.7501440000000006,1.322,2561,0
1901,DNK,0.050443459302186966,0.10054347664117813,0.057500001043081284,2.415344,3.7282788,1.372,2594,0
1902,DNK,0.084967240691185,0.040920715779066086,0.044599998742341995,2.415344,3.7348176000000004,1.396,2623,0
1903,DNK,0.07942571491003036,0.04071246460080147,0.04540000110864639,2.332057,3.7413032,1.462,2653,0
1904,DNK,0.06914178282022476,0.027848100289702415,0.0478999987244606,2.332057,3.7343774,1.479,2681,0
1905,DNK,0.09799419343471527,0.040816325694322586,0.045499999076128006,2.387582,3.7371912,1.558,2710,0
1906,DNK,0.10399577021598816,0.022842638194561005,0.054499998688697815,2.415344,3.7555542,1.627,2741,0
1907,DNK,0.0023283278569579124,0.02313624694943428,0.06419999897480011,2.554157,3.760995,1.739,2775,0
1908,DNK,-0.05052150785923004,0.0234375,0.06780000030994415,2.609683,3.740922,1.773,2809,1
1909,DNK,0.113736592233181,0.023746702820062637,0.05339999869465828,2.526395,3.7348452,1.828,2845,0
1910,DNK,0.056907858699560165,0.04010694846510887,0.05350000038743019,2.554157,3.7427424,1.922,2882,0
1911,DNK,0.1311631202697754,0.029333334416151047,0.04989999905228615,2.526395,3.7433286,2.051,2917,0
1912,DNK,0.07642561197280884,-0.032258063554763794,0.05380000174045563,2.665208,3.7444154999999997,2.159,2951,0
1913,DNK,0.0367041751742363,-0.005780347157269716,0.05979999899864197,2.776258,3.7377,2.301,2983,0
1914,DNK,0.0031264189165085554,0.039393939077854156,0.059700001031160355,2.859546,3.7558,2.529,3018,0
1915,DNK,0.4419366121292114,,0.05979999899864197,3.383796,3.8765,2.887,3055,0
1916,DNK,0.6746337413787842,0.16417910158634186,0.052799999713897705,3.955705,3.5315,3.767,3092,0
1917,DNK,0.055031534284353256,0.0033557049464434385,0.04769999906420708,4.575273,3.3294,4.003,3130,0
1918,DNK,0.24182665348052979,0.045614033937454224,0.05469999834895134,5.385478,3.3065,4.766,3165,0
1919,DNK,-0.0395403727889061,-0.13732394576072693,0.06109999865293503,6.386319,4.2946,5.801,3202,0
1920,DNK,-0.08175387978553772,0.017316017299890518,0.0731000006198883,7.577796,6.3391,7.396,3242,0
1921,DNK,-0.207868292927742,0.24434389173984528,0.06199999898672104,6.433978,5.6192,6.057,3285,1
1922,DNK,-0.08430855721235275,0.16858237981796265,0.05640000104904175,5.480796,4.774,5.406,3322,0
1923,DNK,0.17091070115566254,-0.024561403319239616,0.06109999865293503,5.719091,5.4454,6.03,3356,0
1924,DNK,0.12003561854362488,-0.023872679099440575,0.06392499804496765,6.052705,5.9799,6.566,3389,0
1925,DNK,0.02256849966943264,0.07758620381355286,0.06392499804496765,5.862069,4.7324,6.153,3425,0
1926,DNK,-0.07233268022537231,0.09014084935188293,0.053325001150369644,5.004205,3.8131,5.529,3452,0
1927,DNK,0.12051218003034592,0.08446866273880005,0.049424998462200165,4.813569,3.7418,5.318,3475,0
1928,DNK,0.10877277702093124,0.09259258955717087,0.04922499880194664,4.813569,3.7393,5.437,3497,0
1929,DNK,0.07345010340213776,0.06361323595046997,0.05152500048279762,4.76591,3.7481,5.802,3518,0
1930,DNK,0.010390120558440685,0.06532663106918335,0.047325000166893005,4.527614,3.7362,5.705,3542,0
1931,DNK,-0.08999190479516983,-0.02227722853422165,0.046025000512599945,4.289319,3.9907,5.369,3569,0
1932,DNK,-0.10433220863342285,0.13866667449474335,0.05252499878406525,4.24166,5.3102,5.112,3603,0
1933,DNK,0.2489832043647766,0.08599508553743362,0.04532499983906746,4.384637,5.2436,5.506,3633,0
1934,DNK,0.23683631420135498,0.05061368644237518,0.038724999874830246,4.527614,4.4445,5.967,3666,0
1935,DNK,0.08058654516935349,0.007594936527311802,0.03682500123977661,4.71825,4.5697,6.38,3695,0
1936,DNK,0.144076406955719,0.023560209199786186,0.04312499985098839,4.76591,4.5067,6.69,3722,0
1937,DNK,-0.005098729860037565,0.03999999910593033,0.04582500085234642,4.956546,4.5312,7.141,3749,0
1938,DNK,0.028394000604748726,0.08021389693021774,0.045524999499320984,5.004205,4.582,7.514,3777,0
1939,DNK,0.08144742250442505,-0.012886597774922848,0.046424999833106995,5.147182,4.9149,8.127,3805,0
1940,DNK,0.01573232375085354,0.08516483008861542,0.048124998807907104,6.386319,5.1791,8.62,3832,0
1941,DNK,0.2533999979496002,0.058047495782375336,0.03999999910593033,7.3395,5.165538461538461,9.788,3863,0
1942,DNK,0.13024911284446716,0.10129870474338531,0.03999999910593033,7.577796,4.789118756429307,11.02,3903,0
1943,DNK,0.1349419355392456,0.04303797334432602,0.03999999910593033,7.625455,4.766780432309443,12.48,3949,0
1944,DNK,0.10178676247596741,0.07828282564878464,0.03999999910593033,7.816092,4.766780432309443,13.85,3998,0
1945,DNK,-0.08303241431713104,0.07366889715194702,0.03999999910593033,7.91141,4.773840720063804,14,4045,0
1946,DNK,0.057748839259147644,0.03117506019771099,0.035208333283662796,7.863751,8.1,14.8,4101,0
1947,DNK,0.052977100014686584,0.009661835618317127,0.03500000014901161,8.078217,8.15,16.3,4146,0
1948,DNK,0.04570000246167183,-0.02238805964589119,0.03500000014901161,8.292683,9.6,17.7,4190,0
1949,DNK,-0.027696968987584114,0.058355435729026794,0.03500000014901161,8.518863,9.3,18.9,4230,0
1950,DNK,0.2555214762687683,-0.02872062660753727,0.040833331644535065,9.042368,9.7,21.568,4271,0
1951,DNK,-0.028101220726966858,-0.03651685640215874,0.05000000074505806,9.994196,8.8,23.137,4303.62,0
1952,DNK,-0.011065546423196793,0.04892966151237488,0.05000000074505806,10.37493,7.8,24.676,4334,0
1953,DNK,0.09309585392475128,0.08749999850988388,0.04874999821186066,10.47011,7.45,26.432,4369.28,0
1954,DNK,0.15272089838981628,-0.0535714291036129,0.05000000074505806,10.47011,7.48,27.705,4406,0
1955,DNK,0.16086648404598236,0.04307692497968674,0.05791666731238365,11.04121,7.11,28.92,4439,0
1956,DNK,0.16992928087711334,0.043887149542570114,0.05999999865889549,11.70749,7.52,30.929,4466.471,0
1957,DNK,0.10950013995170593,0.10862619429826736,0.05999999865889549,12.02873,6.913999999,32.87,4487.831,0
1958,DNK,0.0657549798488617,0.1834862381219864,0.056458331644535065,12.11671,6.905999999,34.34,4515.132,0
1959,DNK,0.3021252453327179,0.01089918240904808,0.05145833268761635,12.32603,6.907999999,38.084,4546.636,0
1960,DNK,0.16120368242263794,0.022792022675275803,0.059583332389593124,12.48075,6.905999999,40.786,4581,0
1961,DNK,0.04479999840259552,-0.02064896747469902,0.06624999642372131,12.91154,6.885999999,45.616,4609.817,0
1962,DNK,0.06029679626226425,0.0833333283662796,0.07000000029802322,13.86413,6.901999999,51.387,4646.899,0
1963,DNK,-0.0029285233467817307,0.14465409517288208,0.06812500208616257,14.71054,6.910999999,54.282,4683.579,0
1964,DNK,0.24081949889659882,-0.058139532804489136,0.06541666388511658,15.16551,6.920999999,62.049,4720.171,0
1965,DNK,0.07116587460041046,-0.03618421033024788,0.07000000029802322,15.99203,6.890999999,69.7,4758.1,0
1966,DNK,0.09230412542819977,0.0074930633418262005,0.07000000029802322,17.12186,6.915999999,82.4142,4797.5,0
1967,DNK,-0.1491570919752121,0.06332392245531082,0.07041666656732559,18.5272,7.461999999,90.84593,4838.8,0
1968,DNK,0.08233288675546646,0.19751057028770447,0.0716666653752327,20.00078,7.500999999,101.29180000000001,4867.3,0
1969,DNK,0.1981286257505417,-0.08863253891468048,0.08500000089406967,20.69839,7.491999999,115.61177,4890.687,0
1970,DNK,-0.051789622753858566,0.07820869982242584,0.0949999988079071,22.04686,7.488999999,128.06592999999998,4928.757,0
1971,DNK,-0.011852901428937912,0.14233244955539703,0.08187499642372131,23.34098,7.061999999,141.73637,4963.126,0
1972,DNK,0.48656490445137024,0.09866905957460403,0.07770833373069763,24.8727,6.846999999,161.44878,4991.596,0
1973,DNK,0.6243217587471008,-0.056724678725004196,0.08104166388511658,27.1867,6.289999999,185.90492999999998,5021.861,0
1974,DNK,-0.22610144317150116,0.004801061004400253,0.133366659283638,31.33952,5.649999999,208.2045,5045.297,0
1975,DNK,0.16444967687129974,0.2961331307888031,0.06470832973718643,34.34988,6.177499999,232.57403,5059.861,0
1976,DNK,0.3568114936351776,-0.01991800218820572,0.10279999673366547,37.44137,5.787499999,269.46127,5072.596,0
1977,DNK,0.07841011136770248,0.017880035564303398,0.14481666684150696,41.61201,5.777499999,298.86534,5088.419,0
1978,DNK,-0.0009329179883934557,0.21741901338100433,0.1542000025510788,45.77694,5.089999999,332.87742,5104.247,0
1979,DNK,0.020366918295621872,0.0492144450545311,0.1263333261013031,50.17658,5.364999999,370.1968,5116.8,0
1980,DNK,-0.015120103023946285,0.0901615172624588,0.16927500069141388,56.35098,6.014999999,400.86764,5123.027,0
1981,DNK,0.7752422094345093,0.1686018705368042,0.14839999377727509,62.96905,7.324999999,440.78042,5121.572,0
1982,DNK,0.34867653250694275,0.12275335192680359,0.16918332874774933,69.34203,8.383999999,503.38399,5117.81,0
1983,DNK,0.8164311051368713,0.6857261061668396,0.12809999287128448,74.13235,9.875,554.59653,5114.297,0
1984,DNK,0.09639935195446014,0.04011356830596924,0.11772499978542328,78.79585,11.26,612.1293000000001,5111.619,0
1985,DNK,0.06628897786140442,0.44490325450897217,0.1033250018954277,82.48251,8.969,663.95525,5113.691,0
1986,DNK,0.02779509499669075,-0.08035556972026825,0.09224999696016312,85.51637,7.3425,712.64525,5120.534,0
1987,DNK,-0.1387002319097519,0.09140429645776749,0.10108333081007004,88.93063,6.0965,748.42748,5127.024,1
1988,DNK,0.15420204401016235,0.345295786857605,0.08527500182390213,92.9883,6.874,777.84399,5129.516,0
1989,DNK,0.4185817837715149,0.021850839257240295,0.09593600034713745,97.42638,6.6075,821.7339000000001,5132.593,0
1990,DNK,0.11323237419128418,0.07979787886142731,0.10892999917268753,100,5.776,855.55715,5140.954,0
1991,DNK,0.09394088387489319,0.19857338070869446,0.09699500352144241,102.3951,5.9135,890.55072,5154.352,0
1992,DNK,-0.06935238093137741,0.07661158591508865,0.11035100370645523,104.5414,6.2555,923.01418,5171.393,0
1993,DNK,0.033562153577804565,0.26268067955970764,0.10405399650335312,105.8564,6.7725,928.46613,5188.386,0
1994,DNK,0.20573121309280396,-0.11028869450092316,0.061344001442193985,107.9651,6.083,993.28648,5205.603,0
1995,DNK,0.012022796086966991,0.20457930862903595,0.06069299951195717,110.2146,5.546,1036.48255,5232.612,0
1996,DNK,0.31960150599479675,0.11511840671300888,0.03869299963116646,112.5562,5.9445,1088.02369,5262.075,0
1997,DNK,0.4376201927661896,0.12217415124177933,0.0365849994122982,114.78505121719445,6.826,1146.1293899999998,5283.663,0
1998,DNK,-0.03903428465127945,0.1447409987449646,0.0414620004594326,116.29192451717488,6.3865,1185.98756,5302.767,0
1999,DNK,0.23249000310897827,-0.043158650398254395,0.03307599946856499,118.67806939825036,7.3988,1241.52075,5320.134,0
2000,DNK,0.16969966888427734,0.08502339571714401,0.04907400161027908,121.90258950781184,8.0205,1326.9115,5337.416,0
2001,DNK,-0.12866342067718506,0.05423121899366379,0.04618600010871887,124.72129196456022,8.4095,1371.52622,5355.826,0
2002,DNK,-0.20234304666519165,0.0985339805483818,0.03484800085425377,127.67054816232985,7.0822,1410.27103,5374.693,0
2003,DNK,0.33083227276802063,0.04259059578180313,0.02375260926783085,130.22657020039688,5.9576,1436.75124,5394.138,0
2004,DNK,0.24031348526477814,0.08519765734672546,0.02161666750907898,131.37953275664495,5.4676,1506.0008,5413.392,0
2005,DNK,0.43154194951057434,0.07861414551734924,0.021994750946760178,133.5816440509796,6.3241,1585.98417,5432.335,0
2006,DNK,0.22443418204784393,-0.012141002342104912,0.031814899295568466,136.09834267307636,5.6614,1682.26021,5450.661,0
2007,DNK,0.07134317606687546,0.0030361106619238853,0.04327499866485596,138.35236087649176,5.0753,1738.8453,5468.12,0
2008,DNK,-0.4795536398887634,0.12009971588850021,0.04880833253264427,143.38575812068527,5.2849,1801.46991,5484.723,1
2009,DNK,0.35473018884658813,0.005764995235949755,0.01809166744351387,144.8800479275552,5.1901,1722.14251,5519.778753287071,0
2010,DNK,0.32678353786468506,0.0763423815369606,0.007018666714429855,148.06524462114643,5.6133,1810.9256,5543.81698411249,0
2011,DNK,-0.1632012575864792,0.1424882709980011,0.008877333253622055,151.99758621817264,5.7456,1846.8536100000001,5569.8584008400285,0
2012,DNK,0.26641517877578735,0.061103448271751404,0.0008008666918613017,155.57601707146648,5.6591,1895.00225,5589.890259861211,0
2013,DNK,0.3064801096916199,-0.06716862320899963,-0.00023101666010916233,156.3892253137315,5.4127,1929.67703,5611.925304784513,0
2014,DNK,0.19768305122852325,0.1434582769870758,0.0006411583162844181,156.93975313731517,6.1214,1981.16499,5635.9635356099325,0
2015,DNK,0.3398592174053192,-0.02894405834376812,-0.0012600832851603627,157.2936638810475,6.83,2036.35622,5669.016102994885,0
2016,DNK,-0.060600001364946365,0.047262340784072876,-0.0044,157.32040380390728,7.0528,2107.8082200000003,5716.090971694665,0
2017,DNK,0.18719999492168427,0.03171081840991974,-0.0044,158.9845707677688,6.2077,2192.96,5758.157875639151,0
2018,DNK,-0.0794999971985817,0.020567787811160088,-0.0049,160.11236633779592,6.5194,2253.31625,5790.208850073045,0
2019,DNK,0.2971000075340271,0.06944725662469864,-0.0055000000000000005,161.27791238715446,6.6759,2318.04186,5815.2486738495245,0
2020,DNK,0.30570000410079956,0.017344053834676743,-0.0015,161.81585671762764,6.0576,2329.5614,5832.275754017531,0
1870,ESP,,,0.05000000074505806,0.28234712601742945,4.35686,5970.43212890625,16349.645453643092,0
1871,ESP,,,0.05000000074505806,0.28304020487732034,4.391304,6410.21728515625,16389.546804746667,0
1872,ESP,,,0.05583333224058151,0.29145616246170897,4.495139,7342.668945312501,16431.93704790989,0
1873,ESP,,,0.05999999865889549,0.3141627460619417,4.424562,7837.90087890625,16468.980756670946,0
1874,ESP,,,0.05999999865889549,0.3103673142101587,4.53501,7781.302734375,16502.511302040075,0
1875,ESP,,,0.05999999865889549,0.3036675518978807,4.463555,7701.216796875,16538.41450535398,0
1876,ESP,,,0.05999999865889549,0.2995420824937686,4.792556,8002.094238281251,16574.727212284408,0
1877,ESP,,,0.05166666582226753,0.3024134091990306,4.9762200000000005,8818.081054687498,16634.488123966185,0
1878,ESP,,,0.04333333298563957,0.30099424772401606,5.147265,8722.1591796875,16732.148621423847,0
1879,ESP,,,0.03999999910593033,0.30310648805892143,5.209739999999999,8494.409179687498,16848.2801373817,0
1880,ESP,,,0.03999999910593033,0.3074299799944309,5.1434880000000005,9010.895507812502,16967.671868320238,0
1881,ESP,,,0.04541666805744171,0.3094795219468866,5.18949,9455.544921875,17094.463261028734,0
1882,ESP,,,0.04833333194255829,0.32075195513321875,5.265945,9998.1220703125,17201.33036561208,0
1883,ESP,,,0.054999999701976776,0.3057220408735227,5.274596,10156.205078125,17263.319232595797,1
1884,ESP,,,0.04500000178813934,0.2783949299706558,5.24682,9752.13671875,17335.969430374895,0
1885,ESP,,,0.03999999910593033,0.2749790409355164,5.2936890000000005,9643.749023437504,17373.394720697695,0
1886,ESP,,,0.03999999910593033,0.27292951007261723,5.28649,9816.6943359375,17430.484689939054,0
1887,ESP,,,0.03999999910593033,0.2630234350816002,5.245245,8996.350585937498,17515.661360655125,0
1888,ESP,,,0.03500000014901161,0.2678056709192151,5.259786,9408.9091796875,17562.244573863005,0
1889,ESP,,,0.03500000014901161,0.27224632496808293,5.338346,8712.306640625,17591.188933470265,0
1890,ESP,,,0.03999999910593033,0.2862514730788334,5.411967,8838.099609375,17590.22699080747,1
1891,ESP,,,0.03999999910593033,0.26643932389261427,5.537444,9012.143554687498,17609.21312120579,0
1892,ESP,,,0.04500000178813934,0.2739542750224791,5.954904,8936.661132812498,17658.203242570107,0
1893,ESP,,,0.05000000074505806,0.26678090499112256,6.159776,8702.748046875,17721.596806148675,0
1894,ESP,,,0.05000000074505806,0.2568748309073702,6.172549999999999,8514.849609375002,17780.32604531566,0
1895,ESP,,,0.04500000178813934,0.27156315189265373,5.910894,8593.294921875,17848.051821080226,0
1896,ESP,,,0.03999999910593033,0.25892436188198664,6.239067,8223.86328125,17936.047690003837,0
1897,ESP,,,0.03999999910593033,0.28146922596352975,6.704616,8910.169921874998,18071.610486034835,0
1898,ESP,,,0.05000000074505806,0.30913793008523693,8.095212,9569.776367187498,18254.135640842924,0
1899,ESP,,,0.03999999910593033,0.31460334999125,6.459952,9717.759765625,18438.911154808087,0
1900,ESP,0.04194788634777069,0.08271805942058563,0.03500000014901161,0.33031643699092555,6.694336000000001,10257.7294921875,18583.513742946194,0
1901,ESP,0.022268075495958328,0.07742112129926682,0.03999999910593033,0.3309996208744967,7.16,10786.23828125,18707.890427306545,0
1902,ESP,0.043839555233716965,0.07750304043292999,0.03999999910593033,0.32348465903658213,7,10422.380859374998,18882.143500063983,0
1903,ESP,0.05404460430145264,0.0744122713804245,0.03500000014901161,0.333732326158566,6.99,11152.5048828125,19093.331624158935,0
1904,ESP,-0.0013100476935505867,0.059901781380176544,0.029999999329447746,0.33988092986088114,7.13,11756.9873046875,19268.119209389046,0
1905,ESP,-0.05744031071662903,0.06795503944158554,0.03999999910593033,0.34158886916848363,6.78,11338.494140624996,19382.49604557241,0
1906,ESP,0.10474343597888947,0.068261057138443,0.04500000178813934,0.33236596797134593,5.84,11564.941406250002,19470.774659406736,0
1907,ESP,0.07707184553146362,0.0603632777929306,0.04500000178813934,0.34637111604927756,5.77,12036.395507812502,19574.64051600805,0
1908,ESP,0.04249191656708717,0.06476330757141113,0.03999999910593033,0.3368066220966839,5.85,11950.549804687502,19694.02227340523,0
1909,ESP,0.048455577343702316,0.061131976544857025,0.04500000178813934,0.33236596797134593,5.7,12212.3349609375,19819.512272165248,0
1910,ESP,0.02423804998397827,0.04076983407139778,0.03999999910593033,0.33544027610736227,5.54,11687.243164062502,19938.82343859708,0
1911,ESP,0.021169040352106094,0.054538849741220474,0.03999999910593033,0.32348465903658213,5.61,12618.941406249998,20035.5530092862,0
1912,ESP,0.05338047072291374,0.03584335371851921,0.04500000178813934,0.3395393381012502,5.52,12840.846679687498,20141.092833095336,0
1913,ESP,0.027530286461114883,0.008317871950566769,0.04500000178813934,0.34158886916848363,5.54,13789.124023437502,20266.840640535363,1
1914,ESP,-0.07236882299184799,-0.00703732855618,0.03999999910593033,0.3405641029084553,5.42,13727.5224609375,20472.192854317804,0
1915,ESP,0.12925145030021667,0.014213294722139835,0.04500000178813934,0.3730150420274868,5.23,15115.0908203125,20747.346567116274,0
1916,ESP,0.09042031317949295,0.08720002323389053,0.04500000178813934,0.43996646318887855,5.19,17441.476562499996,20982.257477021634,0
1917,ESP,0.15157994627952576,0.06025832146406174,0.04500000178813934,0.5127248958770176,4.43,18982.455078125,21150.561331166908,0
1918,ESP,0.1326514482498169,0.05580171197652817,0.04500000178813934,0.7450053309429933,4.17,23025.664062499996,21192.701494730598,0
1919,ESP,0.021468309685587883,0.05979105830192566,0.05000000074505806,0.760718416753869,4.06,24822.720703125,21235.823549657704,0
1920,ESP,0.06401766091585159,0.010231894440948963,0.05999999865889549,0.7774562699094358,6.37,29390.01171875,21361.20616265059,1
1921,ESP,-0.050043996423482895,0.03809772804379463,0.05999999865889549,0.6264739842794006,7.38,27070.7109375,21536.018656918473,0
1922,ESP,0.21264490485191345,0.09575322270393372,0.03500000014901161,0.5479085497381593,6.45,27477.1640625,21757.40816162427,0
1923,ESP,0.1751825362443924,0.04235083982348442,0.03500000014901161,0.5520076130736815,6.96,27515.414062500004,21934.4991792756,0
1924,ESP,0.09121785312891006,0.048107050359249115,0.03500000014901161,0.612127255047958,7.51,30136.300781250004,22099.313996348435,1
1925,ESP,0.05101613700389862,0.03896767273545265,0.03500000014901161,0.6216917492917946,6.97,31985.90625,22290.779144270597,0
1926,ESP,0.17691169679164886,0.039843037724494934,0.03500000014901161,0.5694286490215961,6.72,31223.078125,22527.927915395518,0
1927,ESP,0.3053540885448456,0.06967757642269135,0.03500000014901161,0.5588393898587377,5.86,33484.84375,22781.148681272298,0
1928,ESP,0.24964042007923126,0.05892150476574898,0.03500000014901161,0.5728445382693444,6.03,32702.30078125,23030.966598826228,0
1929,ESP,0.02551354095339775,0.012517832219600677,0.03500000014901161,0.5888992167821371,6.82,35205.90234374999,23279.776173108068,0
1930,ESP,0.004128334578126669,0.013179928995668888,0.03500000014901161,0.5909487492697648,8.68,35229.16796875,23583.396096131055,0
1931,ESP,-0.2420930117368698,-0.02272876724600792,0.03500000014901161,0.5947062177813288,10.55,34575.91406249999,23967.30544754262,1
1932,ESP,-0.09457386285066605,0.0973108783364296,0.03500000014901161,0.5902655639269418,12.41,34595.63281250001,24378.747728073562,0
1933,ESP,0.12095972150564194,0.11161752790212631,0.035999998450279236,0.5639632297996959,7.39,33015.21875,24792.066683373494,0
1934,ESP,-0.01797538809478283,0.07807275652885437,0.035999998450279236,0.5755772429347892,7.35,36379.68750000001,25177.00070982385,0
1935,ESP,0.5931804776191711,0.13342753052711487,0.035999998450279236,0.5885576247874126,7.3109,37597.12890625,25542.52299897457,0
1936,ESP,-0.06590405106544495,-0.04754848778247833,,0.5994884648404608,8.121,30517.25976562501,25874.735258569926,0
1937,ESP,0.08781150728464127,,,0.6732716630360474,16.5218,31983.279296875004,26046.890423747747,0
1938,ESP,0.08781150728464127,,,0.7409062573414761,17.8571,36283.21874999999,26122.962066543118,0
1939,ESP,0.08781150728464127,,0.029999999329447746,0.8389422699892648,9.4072,41826.02734375,25929.385805503072,0
1940,ESP,0.09783615171909332,,0.029999999329447746,0.9977810884319989,10.7277,52061.5703125,25699.59269236677,0
1941,ESP,0.30140000581741333,0.04722337797284126,0.029999999329447746,1.19556104149745,10.9529,57531.89453125,25659.86901410438,0
1942,ESP,0.13562317192554474,0.04443301633000374,0.029999999329447746,1.364305944831929,10.95,69327.578125,25633.097978625527,0
1943,ESP,-0.07233235985040665,0.039807289838790894,0.029999999329447746,1.5620859101483207,10.95,74628.58593749999,25795.525034488917,0
1944,ESP,0.019766593351960182,0.08768846839666367,0.029999999329447746,1.6819836030175515,10.95,86190.3984375,26038.58277141945,0
1945,ESP,0.1719476580619812,0.06095123291015625,0.029999999329447746,1.8298915796402755,10.95,85515.4296875,26293.767950226396,0
1946,ESP,0.35947513580322266,0.016804279759526253,0.029999999329447746,2.178995400217605,29,108187.51562500003,26557.638197518783,0
1947,ESP,0.43663299083709717,-0.00249754567630589,0.029999999329447746,2.623060935923138,41.5,125709.34374999997,26837.639043340143,0
1948,ESP,-0.2906784117221832,0.0253619272261858,0.029999999329447746,2.813467200714304,37.5,135688.96874999997,27249.360903158144,0
1949,ESP,-0.1040574461221695,0.029855959117412567,0.029999999329447746,2.965630400953257,47.75,145457.26562499997,27709.70500092884,0
1950,ESP,0.06613561511039734,0.0252761822193861,0.029999999329447746,3.287347001653823,51.45,179484.01562499997,28000.27681294769,0
1951,ESP,0.1954616755247116,0.034093569964170456,0.029999999329447746,3.597263098829164,52,228459.03125,28155.69188836003,0
1952,ESP,0.09629630297422409,0.04602577164769173,0.029999999329447746,3.525839598942266,47.7,251201.43749999994,28341.540788483868,0
1953,ESP,0.041314754635095596,0.052049897611141205,0.029999999329447746,3.5829784005844516,43.25,271524.56249999994,28570.961067305147,0
1954,ESP,0.2604258060455322,0.052417267113924026,0.029999999329447746,3.6270747013703852,44,314088.15625,28800.58072715319,0
1955,ESP,0.377144992351532,0.04316599667072296,0.029999999329447746,3.7730271997223013,43.85,339288.21875000006,29027.268424074267,0
1956,ESP,0.4941006898880005,0.009478663094341755,0.029999999329447746,3.9941296992933193,50.5,419793.7187499999,29255.0781010072,0
1957,ESP,0.09216836094856262,0.013888729736208916,0.029999999329447746,4.424534300072505,60,489885.34375,29499.41428396735,0
1958,ESP,-0.11816783249378204,0.05576278641819954,0.029999999329447746,5.015964901512411,59.6,581873.9378906251,29786.41682294609,0
1959,ESP,-0.05387706309556961,0.04792387783527374,0.029999999329447746,5.382287700859441,60.75,610585.5744325398,30100.212088831242,0
1960,ESP,0.022008666768670082,0.08568171411752701,0.029999999329447746,5.447371898986122,61.5,635380.8009702885,30436.64723437219,0
1961,ESP,0.2837013304233551,0.046176861971616745,0.029999999329447746,5.5566418001133515,61.15,732116.4485445246,30772.853374416853,0
1962,ESP,0.2533000707626343,0.07040824741125107,0.029999999329447746,5.873206501009648,60.3,856053.459964448,31060.832821807886,0
1963,ESP,0.08891188353300095,0.044273387640714645,0.029999999329447746,6.386227599227279,60.15,1022560.5280203397,31326.375881879874,0
1964,ESP,0.015990160405635834,0.03400472179055214,0.029999999329447746,6.832211402524457,60.17,1169392.6206981605,31602.525154637326,0
1965,ESP,0.09911638498306274,0.04119895026087761,0.029999999329447746,7.641313603272756,60.25,1375444.2542899933,31949.110741517714,0
1966,ESP,0.0783480703830719,0.04981051757931709,0.029999999329447746,8.218578596649095,59.999999999,1588908.489838844,32368.082417715428,0
1967,ESP,0.0803629457950592,0.05986524000763893,0.029999999329447746,8.742772499619223,69.7,1781154.4852621446,32798.88779774897,0
1968,ESP,0.2247946411371231,0.047318216413259506,0.029999999329447746,9.176652401674168,69.82,1983833.0399340852,33205.58531570838,0
1969,ESP,0.5244439840316772,0.05287754163146019,0.04500000178813934,9.374039797396659,70.059999999,2256949.812086868,33552.63864867779,0
1970,ESP,0.09525782614946365,0.01168357115238905,0.054999999701976776,9.912199804870141,69.719999999,2471580.071354101,33878.18662737538,0
1971,ESP,0.04052033647894859,0.07701534777879715,0.03999999910593033,10.726888004104417,66.019999999,2810756.3888721587,34216.856,0
1972,ESP,0.34751248359680176,0.09501674026250839,0.03999999910593033,11.61233900379079,63.569999999,3356094.1653112518,34595.886,0
1973,ESP,0.2975999414920807,0.00848248228430748,0.05000000074505806,12.940978998850644,56.949999999,4083972.4289273894,34980.317,0
1974,ESP,0.0412130244076252,0.010435054078698158,0.05999999865889549,14.878542003968924,56.111999999,5070878.017673488,35363.89,0
1975,ESP,-0.1133933886885643,0.07111278921365738,0.06695166975259781,17.506959997412125,59.773999999,6010892.989171428,35750.033,0
1976,ESP,-0.10935620218515396,0.10709350556135178,0.09965833276510239,20.594397010128212,68.287999999,7263774.129333854,36127.525,0
1977,ESP,-0.2875902056694031,-0.09845157712697983,0.13122832775115967,25.648258998217827,80.911999999,9249154.931684185,36506.811,1
1978,ESP,-0.1326136440038681,-0.038204897195100784,0.2077208310365677,30.719811985589992,70.109999999,11394351.30273027,36868.1,0
1979,ESP,-0.0715109258890152,-0.012500000186264515,0.13134583830833435,35.530664984532685,66.149,13367446.936874578,37194.315,0
1980,ESP,0.00961595680564642,0.1353181004524231,0.15456749498844147,41.057512020423324,79.25,15723844.827124145,37493.072,0
1981,ESP,0.42419999837875366,0.11086869984865189,0.1589466631412506,47.0322059959101,97.45,17634852.8136,37764.458,0
1982,ESP,7.298133823496755e-06,0.1490514725446701,0.17172832787036896,53.81134599319745,125.600999999,20430603.4944,37987.108,0
1983,ESP,0.12420602887868881,0.10193490982055664,0.19452832639217377,60.36330498761555,156.699999999,23355935.592,38160.263,0
1984,ESP,0.4670845866203308,0.1683332324028015,0.1260174959897995,67.17130799541991,173.4,26472545.0352,38325.244,0
1985,ESP,0.3446483910083771,0.1305326521396637,0.11610499769449234,73.09199900285351,154.15,29295283.525200002,38467.025,0
1986,ESP,1.1325998306274414,0.12416651099920273,0.11490833014249802,79.52105600491339,132.395,33654014.3742,38571.941,0
1987,ESP,0.47929155826568604,0.11574339121580124,0.16064833104610443,83.69412400629847,109,37857640.194,38682.322,0
1988,ESP,0.14383281767368317,0.1356482058763504,0.11292000114917755,87.74242799785586,113.45,42340295.3358,38764.307,0
1989,ESP,0.126303568482399,0.10226000100374222,0.14391666650772095,93.70222397299456,109.72,47829452.6688,38821.377,0
1990,ESP,-0.11797450482845306,0.1391867697238922,0.14758333563804626,100.00000000119083,96.909,53621632.184999995,38860.827,0
1991,ESP,0.05410340055823326,0.1810174584388733,0.13201667368412018,105.93466000467863,96.688,59109125.658,38941.622,0
1992,ESP,-0.08082805573940277,0.0344066396355629,0.1300666630268097,112.21102002980527,114.623,63964884.7662,39147.939999999995,0
1993,ESP,0.5609999895095825,0.429264098405838,0.12326666712760925,117.33750003952983,142.214,66215638.103999995,39356.082,0
1994,ESP,-0.09200000017881393,-0.12512464821338654,0.078125,122.87272997079562,131.739,70726612.14299999,39547.353,0
1995,ESP,0.15700000524520874,0.2522870898246765,0.0898333340883255,128.61837995040491,121.409,76635394.968,39718.895000000004,0
1996,ESP,0.42899999022483826,0.290670245885849,0.0764833316206932,133.193669939459,131.275,81396530.358,39884.246,0
1997,ESP,0.45399999618530273,0.1692834049463272,0.054858334362506866,135.6939412944318,151.702,86398925.448,40049.974,0
1998,ESP,0.39500001072883606,0.17690154910087585,0.04340000078082085,138.08577207508907,142.60699,92509451.298,40214.066000000006,0
1999,ESP,0.19699999690055847,-0.06519570201635361,0.027233334258198738,141.17325937022324,165.62412900656977,99119967.078,40369.667,0
2000,ESP,-0.10400000214576721,0.08714491873979568,0.04111666604876518,146.0919601372892,178.81354110693175,107793336.486,40554.386999999995,0
2001,ESP,-0.036376893520355225,0.05825338512659073,0.04360833391547203,151.3359826273017,188.79609667536593,116635421.298,40766.049,0
2002,ESP,-0.20465430617332458,0.12270617485046387,0.032749999314546585,156.03371014859266,158.65929245732812,124714959.072,41423.520000000004,0
2003,ESP,0.32978054881095886,0.05054610222578049,0.023116666823625565,160.7764507384674,131.73871733966746,133485830.676,42196.231,0
2004,ESP,0.23081998527050018,0.10246747732162476,0.020408334210515022,165.6624147283815,122.15402687027384,142998284.68199998,42859.172,0
2005,ESP,0.2578282356262207,0.07018428295850754,0.020866665989160538,171.2419891842005,141.04094261252862,154299221.802,43662.613,0
2006,ESP,0.40547147393226624,-0.01611456833779812,0.02827499993145466,177.2614640829975,126.33712984054668,167022093.678,44360.521,0
2007,ESP,0.09162062406539917,0.01035739853978157,0.038474999368190765,182.20267138435537,113.02628897493369,178954632.054,45236.004,0
2008,ESP,-0.3694705069065094,0.09730370342731476,0.03849999979138374,189.6277816521101,119.5559387799094,184612088.826,45983.168999999994,1
2009,ESP,0.3560526967048645,0.050090767443180084,0.006758333183825016,189.08353273196053,115.49770928779668,177920376.678,46367.55,0
2010,ESP,-0.14669620990753174,-0.06035424768924713,0.004533333238214254,192.48611150718125,124.52177817691963,178483759.674,46562.483,0
2011,ESP,-0.08770720660686493,0.09407396614551544,0.010174999944865704,198.63857956315766,128.59262694180384,176995270.518,46736.257000000005,0
2012,ESP,0.05010807141661644,0.06485568732023239,0.0027000000700354576,203.49589887306388,126.10732150977718,171560438.214,46766.403,0
2013,ESP,0.2988026738166809,0.15901830792427063,0.0014916666550561786,206.362412922423,120.64824885795085,169771622.328,46591.856999999996,0
2014,ESP,0.09084642678499222,0.2909969389438629,0.0011500000255182385,206.0514135394804,137.0447244872745,171736640.988,46455.122544336,0
2015,ESP,-0.031990598887205124,0.015871023759245872,-0.0007583333062939346,205.02020505919702,152.82998071093965,179295889.74,46410.149,0
2016,ESP,0.022700000554323196,0.055494289845228195,-0.0021,204.6048571990829,157.84650412674318,185327382.24,46450.439000000006,0
2017,ESP,0.09719999879598618,0.03233438357710838,-0.0029,208.60692820589696,138.73592929208715,193318402.662,46549.045,0
2018,ESP,-0.1088000014424324,0.03185267373919487,,212.10157916685728,145.31528384279477,200205451.974,46728.814,0
2019,ESP,0.1623000055551529,0.1178174540400505,-0.0036,213.5849643815506,148.10931102011747,207046578.75,47105,0
2020,ESP,-0.09809999912977219,0.05083153396844864,-0.0036,212.8954460127897,135.5928612175047,186676439.928,47354,0
1870,FIN,,0.13200077414512634,0.04500000178813934,0.0536,0.0453765,3.727,1768.769,0
1871,FIN,,0.1447432041168213,0.03999999910593033,0.0569,0.046258,3.935,1803.845,0
1872,FIN,,0.08082029968500137,0.03999999910593033,0.0611,0.0462924,4.212,1834.611,0
1873,FIN,,0.06080511957406998,0.03999999910593033,0.0611,0.0452553,4.605,1859.976,0
1874,FIN,,0.07346201688051224,0.03999999910593033,0.066,0.04653089999999999,5.01,1886.117,0
1875,FIN,,-0.004724774044007063,0.03999999910593033,0.066,0.047408500000000006,5.026,1912.647,0
1876,FIN,,-0.02320624142885208,0.03999999910593033,0.066,0.0504334,5.355,1942.656,0
1877,FIN,,0.07600098103284836,0.03999999910593033,0.0636,0.0503335,5.183,1971.431,1
1878,FIN,,0.13799788057804108,0.03999999910593033,0.0578,0.051472649999999995,4.469,1994.573,0
1879,FIN,,0.062389299273490906,0.03999999910593033,0.0536,0.05195319999999999,4.265,2032.669,0
1880,FIN,,0.08447779715061188,0.03999999910593033,0.0594,0.0523224,4.725,2060.782,0
1881,FIN,,0.04946426302194595,0.03999999910593033,0.0627,0.052578,4.758,2082.643,0
1882,FIN,,0.04479999840259552,0.03999999910593033,0.0586,0.05204355,5.082,2113.302,0
1883,FIN,,0.0866604596376419,0.03999999910593033,0.0569,0.0522717,5.147,2146.395,0
1884,FIN,,0.0766538679599762,0.03999999910593033,0.0561,0.052221,5.057,2180.547,0
1885,FIN,,0.05130873993039131,0.03999999910593033,0.0528,0.05219565,4.966,2208.518,0
1886,FIN,,0.078983373939991,0.03500000014901161,0.0479,0.0522478,4.858,2238.572,0
1887,FIN,,0.02481166645884514,0.03500000014901161,0.0462,0.052246350000000004,4.846,2278.14,0
1888,FIN,,0.06836121529340744,0.03500000014901161,0.047,0.052146200000000004,5.073,2314.179,0
1889,FIN,,0.09865949302911758,0.03500000014901161,0.0503,0.0521716,5.623,2347.702,0
1890,FIN,,-0.021524185314774513,0.03999999910593033,0.052,0.0522478,5.954,2380.14,0
1891,FIN,,-0.04674653708934784,0.04749999940395355,0.0586,0.05214495,6.279,2408.3,0
1892,FIN,,0.009292175993323326,0.05000000074505806,0.0619,0.052161839999999994,6.124,2422.5,0
1893,FIN,,0.15699996054172516,0.05000000074505806,0.0586,0.05205792,6.184,2436.7,0
1894,FIN,,0.11526881903409958,0.04500000178813934,0.0528,0.051762499999999996,6.387,2465.7,0
1895,FIN,,0.08804745972156525,0.03999999910593033,0.0512,0.0517638,6.647,2499.9,0
1896,FIN,0.05425237491726875,0.055572934448719025,0.03999999910593033,0.052,0.05183825,7.208,2530.9,0
1897,FIN,0.16239392757415771,0.034699998795986176,0.03999999910593033,0.0545,0.05185232,7.955,2567.5,0
1898,FIN,-0.034918516874313354,0.061327170580625534,0.04500000178813934,0.0561,0.052235159999999996,8.758,2610.3,0
1899,FIN,-0.01339611317962408,-0.04521908611059189,0.05000000074505806,0.0586,0.052428,9.041,2635.3,0
1900,FIN,-0.02435016818344593,-0.07896264642477036,0.05000000074505806,0.0594,0.05214016,9.704,2655.9,1
1901,FIN,0,0.13073888421058655,0.05000000074505806,0.0586,0.05195663999999999,9.437,2678.5,0
1902,FIN,0.0015480522997677326,0.046036530286073685,0.04500000178813934,0.0586,0.05206408,9.21,2693.9,0
1903,FIN,0.09135858714580536,-0.002809121273458004,0.04500000178813934,0.0586,0.0521196,10.138,2717.1,0
1904,FIN,-0.0003607419494073838,-0.11510643362998962,0.04500000178813934,0.0586,0.0519662,10.364,2751.9,0
1905,FIN,0.15066853165626526,0.09614947438240051,0.04500000178813934,0.0586,0.05205792,10.867,2773,0
1906,FIN,0.028041446581482887,-0.08158422261476517,0.04500000178813934,0.0611,0.052452450000000005,11.576,2803.7,0
1907,FIN,0.1851632297039032,0.033391889184713364,0.05000000074505806,0.0627,0.052643640000000005,12.259,2838.7,0
1908,FIN,-0.02783898636698723,0.0734390839934349,0.05000000074505806,0.066,0.05217645,12.477,2883,0
1909,FIN,0.09067989140748978,0.1226339265704155,0.05000000074505806,0.0652,0.05207976,12.852,2914.8,0
1910,FIN,0.04567369818687439,0.09842497855424881,0.05000000074505806,0.0652,0.052099040000000006,13.315,2943.4,0
1911,FIN,0.09009762853384018,0.060737110674381256,0.04500000178813934,0.0677,0.05216552,14.126,2980,0
1912,FIN,-0.18561998009681702,-0.08400517702102661,0.05000000074505806,0.0693,0.052114799999999996,15.237,3015.5,0
1913,FIN,0.055490054190158844,0.06066017225384712,0.05000000074505806,0.0693,0.05221268,15.967,3035.8,0
1914,FIN,0.026466386392712593,0.028287624940276146,0.05000000074505806,0.0693,0.058811999999999996,15.746,3069.5,0
1915,FIN,0.2553213834762573,-0.06175679713487625,0.03999999910593033,0.0834,0.0720986,17.282,3096.3,0
1916,FIN,0.896595299243927,0.041787829250097275,0.03999999910593033,0.1106,0.07395449999999999,24.277,3114.2,0
1917,FIN,0.11540393531322479,-0.2045539915561676,0.03999999910593033,0.2154,0.0640195,37.657,3134.3,0
1918,FIN,0.33963173627853394,0.3429242968559265,0.03999999910593033,0.7354,0.0883679,54.02,3115.3,0
1919,FIN,0.029847152531147003,-0.16842816770076752,0.05000000074505806,0.652,0.282375,85.8,3118,0
1920,FIN,-0.04813892021775246,-0.07952019572257996,0.06499999761581421,0.652,0.31042374999999994,136.661,3147.6,0
1921,FIN,-0.22581800818443298,0.06441561132669449,0.06499999761581421,0.8113,0.5793539999999999,161.047,3193.2,1
1922,FIN,0.14166511595249176,0.5263692140579224,0.06499999761581421,0.7907,0.4206654,176.895,3227.8,0
1923,FIN,0.046965740621089935,0.3316771984100342,0.06499999761581421,0.7973,0.38364299999999996,189.908,3258.6,0
1924,FIN,-0.03552400693297386,0.16715435683727264,0.07000000029802322,0.8113,0.42585839999999997,201.233,3286.2,0
1925,FIN,0.3782046437263489,0.09657742828130722,0.06499999761581421,0.846,0.3992888,216.966,3322.1,0
1926,FIN,0.38301604986190796,0.07133892178535461,0.06499999761581421,0.8253,0.39688530000000005,226.325,3355.2,0
1927,FIN,0.740195095539093,0.10703233629465103,0.05999999865889549,0.8394,0.3988523,253.279,3380.6,0
1928,FIN,-0.08177943527698517,0.041083723306655884,0.07000000029802322,0.86,0.39640949999999997,273.405,3412.1,0
1929,FIN,-0.15218403935432434,0.06107298284769058,0.07000000029802322,0.8534,0.3996519,265.205,3435.3,0
1930,FIN,-0.04048769921064377,0.07558590173721313,0.05999999865889549,0.7841,0.3967953,240.112,3462.7,0
1931,FIN,0.0802667886018753,0.0839056670665741,0.054999999701976776,0.7213,0.518175,213.148,3489.6,1
1932,FIN,0.009640108793973923,0.08100000023841858,0.05000000074505806,0.7147,0.64883,214.896,3516,0
1933,FIN,0.43665409088134766,0.1659376323223114,0.04500000178813934,0.6933,0.53572,230.542,3536.6,0
1934,FIN,0.15350878238677979,0.07909813523292542,0.03999999910593033,0.6867,0.450595,261.274,3561.6,0
1935,FIN,0.12974447011947632,0.06331011652946472,0.03709999844431877,0.6933,0.46308,274.964,3589.6,0
1936,FIN,0.45579013228416443,0.07014147192239761,0.03635000064969063,0.6933,0.45672399999999996,302.906,3612.4,0
1937,FIN,-0.010937025770545006,0.056400928646326065,0.0340999998152256,0.728,0.45922100000000005,356.627,3640.2,0
1938,FIN,0.01903979294002056,0.04699999839067459,0.03395000100135803,0.7494,0.464215,384.656,3672.1,0
1939,FIN,-0.05563109740614891,0.04699999839067459,0.033649999648332596,0.7626,0.444235,374.325,3699.7,0
1940,FIN,0.21878299117088318,0.04699999839067459,0.031599998474121094,0.9079,0.49870099999999995,428.602,3695.617,0
1941,FIN,0.4565349817276001,0.04699999839067459,0.03085000067949295,1.0729,0.48608,531.06,3707.815,0
1942,FIN,0.30703994631767273,0.04699999839067459,0.03085000067949295,1.2628,0.48568799999999995,658.368,3708.801,0
1943,FIN,-0.015148509293794632,0.04699999839067459,0.03135000169277191,1.4278,0.48568799999999995,843.431,3732.532,0
1944,FIN,-0.04062843695282936,0.04699999839067459,0.03164999932050705,1.5186,0.48568799999999995,946.386,3737.096,0
1945,FIN,1.056167721748352,0.04699999839067459,0.031199999153614044,2.1294,1.3571069999999998,1458.015,3778.89,0
1946,FIN,-0.18748058378696442,0.04699999839067459,0.03085000067949295,3.3922,4,2187.894,3833.072,0
1947,FIN,-0.0019897466991096735,-0.004599657841026783,0.030300000682473183,4.4073,4.1,2974.164,3885.284,0
1948,FIN,-0.2529885470867157,-0.12867669761180878,0.05195000022649765,5.9342,5.4,4102.606,3937.84,0
1949,FIN,0.42893654108047485,0.2150520533323288,0.04309999942779541,6.0144,3.61,4438.435,3987.996,0
1950,FIN,0.8363265991210938,-0.030275873839855194,0.061650000512599945,6.8965,5,5472.587,4029.803,0
1951,FIN,0.13682959973812103,0.27244818210601807,0.059450000524520874,8.019,4.35,7982.225,4064.727,0
1952,FIN,-0.12833622097969055,0.040306348353624344,0.04809999838471413,8.099,3.85,8279.005,4116.228,0
1953,FIN,0.36808499693870544,0.10613122582435608,0.04874999821186066,8.26,3.95,8150.919,4162.609,0
1954,FIN,0.05448929965496063,0.04940541833639145,0.04935000091791153,8.26,3.54,9041.366,4211.191,0
1955,FIN,0.6034619808197021,0.06921260058879852,0.05485000088810921,8.019,3.58,10006.85,4258.571,0
1956,FIN,0.023885563015937805,0.09117027372121811,0.05104999989271164,8.901,3.58,11126.386,4304.832,0
1957,FIN,-0.15161383152008057,0.14450283348560333,0.049150001257658005,9.905,3.8,12180.226,4343.19,0
1958,FIN,0.05864592641592026,0.14815260469913483,0.04194999858736992,10.559,3.64,13178.269,4376.314,0
1959,FIN,0.4315430521965027,0.12545613944530487,0.03985000029206276,10.722,3.5,14190.642,4413.046,0
1960,FIN,0.14852936565876007,0.12875762581825256,0.0406000018119812,11.068,3.3,16199,4446.222,0
1961,FIN,-0.0077870381064713,0.0025950074195861816,0.041600000113248825,11.268,3.219,18362,4475.787,0
1962,FIN,0.14488838613033295,0.5089685320854187,0.04050000011920929,11.771,3.223,19661,4507.098,0
1963,FIN,0.048010602593421936,0.15624721348285675,0.041200000792741776,12.344,3.22,21352,4539.519,0
1964,FIN,0.08780182152986526,0.036326222121715546,0.039250001311302185,13.622,3.22,24083,4557.567,0
1965,FIN,-0.05768774449825287,0.18839555978775024,0.03884999826550484,14.278,3.22,26634,4569.896,0
1966,FIN,-0.06924358010292053,0.08137177675962448,0.039500001817941666,14.84,3.22,28554,4591.842,0
1967,FIN,-0.012867141515016556,-0.015854932367801666,0.03739999979734421,15.676,4.2,31321,4619.645,0
1968,FIN,0.4042204022407532,0.32572320103645325,0.0430000014603138,17.116,4.2,35908,4633.292,0
1969,FIN,0.2586260437965393,0.08034329116344452,0.04154999926686287,17.494,4.2,40986,4614.277,0
1970,FIN,0.24894042313098907,0.07030094414949417,0.04170000180602074,17.972,4.18,45743,4598.336,0
1971,FIN,0.1975766122341156,0.08557595312595367,0.05079999938607216,19.137,4.15,50257,4625.912,0
1972,FIN,0.7067652940750122,0.1253073811531067,0.04320000112056732,20.504,4.18,58625,4653.401,0
1973,FIN,0.4416668713092804,-0.03161211311817169,0.0568000003695488,22.756,3.845,71364,4678.761,0
1974,FIN,-0.17428036034107208,0.03025401383638382,0.05705000087618828,26.55,3.551,90055,4702.387,0
1975,FIN,0.03365388885140419,0.053447939455509186,0.05640000104904175,31.279,3.85,107885.27085,4720.492,0
1976,FIN,-0.13385243713855743,0.03785758092999458,0.0575999990105629,35.765,3.767,122505.82092,4730.836,0
1977,FIN,-0.11511716991662979,0.11977247893810272,0.04699999839067459,40.293,4.018,134456.73822,4746.967,0
1978,FIN,0.1923189014196396,0.24730034172534943,0.11754167079925537,43.435,3.926,148946.48223,4758.088,0
1979,FIN,0.2625076174736023,0.0431574247777462,0.0926416665315628,46.679,3.711,172759.13088,4771.292,0
1980,FIN,0.040810827165842056,0.0314629040658474,0.12346667051315308,52.091,3.84,200115.43461,4787.778,0
1981,FIN,0.2392420917749405,0.127841979265213,0.11461666971445084,58.346,4.357,226336.10391,4812.15,0
1982,FIN,0.41609060764312744,0.12422684580087662,0.1166333332657814,63.928,5.291,254495.08119,4841.715,0
1983,FIN,0.688093900680542,0.09506866335868835,0.14668333530426025,69.276,5.81,283920.49896,4869.858,0
1984,FIN,-0.028777852654457092,0.10993430763483047,0.165024995803833,74.172,6.53,317858.7258,4893.748,0
1985,FIN,0.1611374467611313,0.13921816647052765,0.13460832834243774,78.524,5.417,346309.04385,4910.664,0
1986,FIN,0.6566540598869324,0.14907856285572052,0.11902499943971634,80.801,4.794,372755.65089,4925.644,0
1987,FIN,0.311012864112854,-0.0037509631365537643,0.09965833276510239,84.099,3.946,402621.05268,4938.602,0
1988,FIN,0.34797030687332153,0.06354576349258423,0.12556666135787964,88.385,4.169,456174.24279,4954.359,0
1989,FIN,-0.1548997461795807,0.06741061806678772,0.1399666666984558,94.248,4.059,510684.69543,4974.383,0
1990,FIN,-0.3055950403213501,0.11544720828533173,0.13079166412353516,100,3.634,540817.65507,4998.478,0
1991,FIN,-0.19758999347686768,0.1369599997997284,0.13251666724681854,104.116,4.133,516677.99127,5029.002,1
1992,FIN,0.08005882054567337,0.18678277730941772,0.07773333042860031,106.825,5.245,504090.88086000003,5054.982,0
1993,FIN,0.9286217093467712,0.38025516271591187,0.05350000038743019,109.069,5.7845,509596.62684000004,5077.912,0
1994,FIN,0.17700904607772827,-0.11808408051729202,0.057500001043081284,110.254,4.7432,539569.05177,5098.754,0
1995,FIN,-0.06346261501312256,0.28859567642211914,0.036249998956918716,111.34,4.3586,585945.74577,5116.826,0
1996,FIN,0.5078455209732056,0.16059450805187225,0.0323166660964489,111.982,4.6439,606957.95559,5132.32,0
1997,FIN,0.35156741738319397,0.11638478934764862,0.03568333387374878,113.34413300822071,5.4207,658828.50411,5147.349,0
1998,FIN,0.7205333113670349,0.1762569546699524,0.029634999111294746,114.8732170266128,5.096,716305.87602,5159.646,0
1999,FIN,1.6703780889511108,-0.06379954516887665,0.043917667120695114,116.3788966977846,5.91850487756321,754608.26868,5171.302,0
2000,FIN,-0.09294048696756363,0.09091049432754517,0.042617835104465485,119.81309457990805,6.389822675980655,811247.29266,5181.115,0
2001,FIN,-0.30624720454216003,0.04624957591295242,0.033185917884111404,123.00700783056989,6.746544876886418,859919.03844,5194.901,0
2002,FIN,-0.32819512486457825,0.12214834988117218,0.023334667086601257,125.47538631740282,5.6696195289405935,882857.66478,5206.295,0
2003,FIN,0.08504386246204376,0.04358291253447533,0.02106333337724209,127.0949671450467,4.707624703087887,902258.58177,5219.732,0
2004,FIN,0.07573208957910538,0.09650126099586487,0.0218468327075243,127.282201922809,4.365120035239704,943932.20334,5236.611,0
2005,FIN,0.3520565927028656,0.07093699276447296,0.030792249366641045,128.26830508569043,5.0400356022717645,979184.43651,5255.58,0
2006,FIN,0.2182711809873581,-0.01473566610366106,0.04277608171105385,129.90348881148114,4.514601366742597,1027998.8798100001,5276.955,0
2007,FIN,0.25041505694389343,0.013387619517743587,0.046342331916093826,131.95995078723703,4.03894436519258,1112279.60256,5300.484,0
2008,FIN,-0.5130674242973328,0.11503367125988007,0.012283583171665668,137.12763065347642,4.2722785082992,1155047.23845,5326.314,0
2009,FIN,0.26212233304977417,0.05199330300092697,0.008109583519399166,139.3682068273652,4.127259475218656,1080618.59031,5351.427,0
2010,FIN,0.23451858758926392,0.0760173350572586,0.013906000182032585,141.71800328828203,4.449730579254603,1118647.47939,5375.276,0
2011,FIN,-0.2702140212059021,0.11286138743162155,0.005731833167374134,146.42851823881847,4.595200556457223,1177242.64854,5401.267,0
2012,FIN,0.14102987945079803,0.10474903136491776,0.0022066666278988123,151.05789811899123,4.506389267849023,1195311.7220100001,5426.674,0
2013,FIN,0.3224339783191681,-0.02912985160946846,0.002099333330988884,154.4047197714923,4.311311725038069,1214837.49933,5451.27,0
2014,FIN,0.10742779821157455,0.17269517481327057,0.0020992739591747522,156.2723866796712,4.897232517914504,1230153.6998100001,5471.753,0
2015,FIN,0.14863774180412292,0.0011106575839221478,-0.00019277077808510512,156.0289814685802,5.46131165610361,1256838.13605,5487.308,0
2016,FIN,0.10649999976158142,0.03781925141811371,-0.002637,156.63593420649298,5.640574898017266,1293303.29814,5503.297,0
2017,FIN,0.10989999771118164,-0.019234921783208847,-0.003291,157.9512585202731,4.957666972400572,1345524.64473,5513.13,0
2018,FIN,-0.025299999862909317,-0.004887427669018507,-0.003221,159.7970813710464,5.192777292576421,1388137.69164,5517.919,0
2019,FIN,0.2046000063419342,0.02994687482714653,-0.003563,161.61325871534066,5.2926206159871825,1426095.23196,5525.292,0
2020,FIN,0.18119999766349792,-0.0014356066239997745,-0.004252000000000001,162.23269377177093,4.845350827153452,1415054.01135,5533.793,0
1870,FRA,-0.2104566991329193,-0.21380528807640076,0.05999999865889549,0.06186036760679077,0.04510262999999999,0.23959,38440,0
1871,FRA,0.221278116106987,0.09574708342552185,0.054999999701976776,0.0645795046444519,0.046776456,0.23681999999999997,37731,0
1872,FRA,0.11752408742904663,-0.008292817510664463,0.05000000074505806,0.06389972038503662,0.046832478000000004,0.24955,37679,0
1873,FRA,0.07771899551153183,0.16242556273937225,0.04749999940395355,0.06389972038503662,0.04582685099999999,0.2422,37887,0
1874,FRA,0.09581796824932098,0.1215175986289978,0.03500000014901161,0.06389972038503662,0.046470015,0.25993,38044,0
1875,FRA,0.15812399983406067,0.10847428441047668,0.032499998807907104,0.06254015186620605,0.045048808999999995,0.26237,38221,0
1876,FRA,0.06832072138786316,0.10364202409982681,0.02500000037252903,0.0645795046444519,0.046465112,0.24603999999999998,38398,0
1877,FRA,0.052489448338747025,0.08817841857671738,0.019999999552965164,0.0645795046444519,0.04953959,0.25623,38576,0
1878,FRA,0.09132376313209534,0.09590411186218262,0.029999999329447746,0.06321993612562134,0.05146446999999999,0.24963999999999997,38763,0
1879,FRA,0.1176941841840744,0.10677671432495117,0.028750000521540642,0.06321993612562134,0.05201294,0.22946999999999998,38909,0
1880,FRA,0.2264171540737152,0.07605385780334473,0.025200000032782555,0.06389972038503662,0.052169664,0.25409,39045,0
1881,FRA,0.2659670412540436,0.0395994707942009,0.03680000081658363,0.06321993612562134,0.05229440999999999,0.26494,39191,0
1882,FRA,-0.16996677219867706,-0.03290891647338867,0.0340999998152256,0.06321993612562134,0.051727388000000006,0.2785,39337,1
1883,FRA,-0.03652653470635414,0.0020501520484685898,0.02669999934732914,0.0645795046444519,0.052026322,0.27243,39472,0
1884,FRA,0.051439400762319565,0.0657527968287468,0.024800000712275505,0.0645795046444519,0.05189552,0.26031,39629,0
1885,FRA,0.02231903001666069,0.053103554993867874,0.02449999935925007,0.06321993612562134,0.051979454999999994,0.251,39733,0
1886,FRA,0.04122351109981537,0.07766764611005783,0.02199999988079071,0.06321993612562134,0.05188371099999999,0.25226,39858,0
1887,FRA,0.022940820083022118,0.01282438077032566,0.02419999986886978,0.06254015186620605,0.052137117000000004,0.25144,39889,0
1888,FRA,0.03794721141457558,0.05328810214996338,0.027300000190734863,0.06321993612562134,0.051951165,0.25684,39920,0
1889,FRA,0.05686738342046738,0.09163151681423187,0.02539999969303608,0.06254015186620605,0.05182242000000001,0.27426,40004,1
1890,FRA,0.09971122443675995,0.12223191559314728,0.026200000196695328,0.06254015186620605,0.051887825000000005,0.28928,40014,0
1891,FRA,0.022633520886301994,0.036002445966005325,0.025100000202655792,0.06321993612562134,0.051902224,0.29331,39983,0
1892,FRA,0.0007818816811777651,0.0690501481294632,0.01810000091791153,0.06254015186620605,0.051638579999999996,0.28698,39993,0
1893,FRA,0.08415529131889343,0.031126471236348152,0.022199999541044235,0.06186036760679077,0.05175363200000001,0.28151,40014,0
1894,FRA,-0.009490976110100746,0.06084715202450752,0.017899999395012856,0.06254015186620605,0.051567749999999996,0.28408,40056,0
1895,FRA,0.029274865984916687,0.02106120064854622,0.016300000250339508,0.06186036760679078,0.05163490200000001,0.27166,40098,0
1896,FRA,0.08523831516504288,0.04569881036877632,0.017100000753998756,0.06186036760679078,0.051696593,0.28758,40192,0
1897,FRA,0.10292354226112366,0.035165462642908096,0.018200000748038292,0.060500799087960216,0.051689896,0.3042,40348,0
1898,FRA,0.042981963604688644,0.016473639756441116,0.019899999722838402,0.0611805833473755,0.052092812999999995,0.319,40473,0
1899,FRA,0.035471394658088684,0.008621372282505035,0.0284000001847744,0.0611805833473755,0.05182148,0.32571,40546,0
1900,FRA,0.039699506014585495,0.040602002292871475,0.030400000512599945,0.061860367606790784,0.051694008,0.32805999999999996,40598,0
1901,FRA,-0.05437985435128212,0.029814645648002625,0.02410000003874302,0.061860367606790784,0.0516078,0.30938,40640,0
1902,FRA,0.007407220080494881,0.01478710025548935,0.023900000378489494,0.061860367606790784,0.051608314,0.3188,40713,0
1903,FRA,0.028068458661437035,0.013269084505736828,0.027000000700354576,0.0611805833473755,0.051694008,0.33891,40786,0
1904,FRA,0.0629340335726738,-0.023891454562544823,0.021400000900030136,0.0611805833473755,0.05166220800000001,0.33071,40859,0
1905,FRA,0.05404086410999298,0.10570073872804642,0.0210999995470047,0.0611805833473755,0.05167961600000001,0.33215000000000006,40890,0
1906,FRA,0.028873179107904434,-0.01088752131909132,0.026799999177455902,0.061860367606790784,0.051830028,0.35615,40942,0
1907,FRA,0.01749630831182003,0.030166415497660637,0.03350000083446503,0.06254015186620607,0.051849252000000005,0.38741,40942,0
1908,FRA,0.06305345892906189,0.04519106447696686,0.021400000900030136,0.06321993612562135,0.05168119499999999,0.37326,41046,0
1909,FRA,0.09491437673568726,0.048972271382808685,0.017500000074505806,0.06321993612562135,0.051706296,0.40101,41109,0
1910,FRA,0.03348471596837044,0.020308585837483406,0.023900000378489494,0.06389972038503663,0.05187288,0.40914,41224,0
1911,FRA,0.07698795199394226,0.006021533627063036,0.026100000366568565,0.06661885742269777,0.051957763000000004,0.45089,41307,0
1912,FRA,0.06303086131811142,-0.01954321376979351,0.031199999153614044,0.06661885742269777,0.051870255,0.4936,41359,0
1913,FRA,0.002376275137066841,-0.02016141265630722,0.03819999843835831,0.06661885742269777,0.051840000000000004,0.49571,41463,0
1914,FRA,-0.11047793179750443,-0.14229680597782135,0.028699999675154686,0.06797842594152834,0.050949999999999995,0.4699124051688797,41476,0
1915,FRA,-0.09544692188501358,-0.048620786517858505,,0.07997461875473923,0.055689999999999996,0.5415329722316874,40481,0
1916,FRA,0.15625160932540894,-0.009595845825970173,,0.09197081156795012,0.05887,0.6542395948395077,39884,0
1917,FRA,0.04952055588364601,0.021741995587944984,,0.10796573531889796,0.057640000000000004,0.6507295511126721,39288,0
1918,FRA,0.10341951996088028,0.10619137436151505,,0.13995558282079365,0.056159999999999995,0.6654603422993651,38542,0
1919,FRA,0.08083564043045044,0.004498492460697889,,0.17594416126042628,0.07309,0.9858250102570287,38700,0
1920,FRA,-0.06666947156190872,-0.012265819124877453,,0.24392258720195462,0.14205,1.75371,39000,0
1921,FRA,-0.04545501619577408,0.024496935307979584,,0.21193273970005894,0.13413,1.33729,39240,0
1922,FRA,0.23332425951957703,0.1367598921060562,0.042899999767541885,0.203935277824585,0.12193,1.55636,39420,0
1923,FRA,0.26318517327308655,-0.014654206112027168,0.04390000179409981,0.2279276634510068,0.16444,1.8896100000000002,39880,0
1924,FRA,0.03414793312549591,-0.0348542183637619,0.05209999904036522,0.2599175109529025,0.19096,2.17288,40310,0
1925,FRA,0.15127940475940704,-0.020186226814985275,0.05689999833703041,0.27591243470385035,0.20977,2.47945,40610,0
1926,FRA,0.24503205716609955,0.12870529294013977,0.05660000070929527,0.35988578439632657,0.30838,3.23766,40870,0
1927,FRA,0.2542186975479126,0.22421546280384064,0.029100000858306885,0.3758807081472744,0.25484,3.04506,40940,0
1928,FRA,0.4836086928844452,0.17705826461315155,0.03020000085234642,0.3758807081472744,0.25504,3.3036900000000005,41050,0
1929,FRA,0.0008978269179351628,0.2976835370063782,0.034699998795986176,0.39987309377369623,0.25536000000000003,3.46426,41230,0
1930,FRA,-0.2678622901439667,0.10396109521389008,0.023499999195337296,0.4038718247114332,0.25478,3.3408300000000004,41610,1
1931,FRA,-0.31904923915863037,-0.005037562921643257,0.015599999576807022,0.3878769009604854,0.2551,2.9878500000000003,41860,0
1932,FRA,0.2392289936542511,-0.04007633030414581,0.013000000268220901,0.3518883225208527,0.25461,2.6622399999999997,41860,0
1933,FRA,0.011746611446142197,-0.09696350991725922,0.016300000250339508,0.3398921297076418,0.19876000000000002,2.4874,41890,0
1934,FRA,-0.07379765808582306,0.20516248047351837,0.02019999921321869,0.3278959368944309,0.15223,2.2999,41950,0
1935,FRA,0.00704527460038662,0.003634041640907526,0.03240000084042549,0.29990482033027216,0.15148999999999999,2.04412,41940,0
1936,FRA,0.17633824050426483,0.07457545399665833,0.03680000081658363,0.31989847501895696,0.16356,2.46318,41910,0
1937,FRA,-0.052771586924791336,-0.03756151720881462,0.03830000013113022,0.4038718247114332,0.24716000000000002,3.4676400000000003,41930,0
1938,FRA,0.05885542556643486,0.1970670372247696,0.02759999968111515,0.45985405783975064,0.34745,4.13952,41960,0
1939,FRA,0.16453315317630768,-0.08082632720470428,0.020500000566244125,0.4878451744039094,0.39836,4.706387023079433,41900,0
1940,FRA,0.47404372692108154,0.23628093302249908,0.01720000058412552,0.5798159859718596,0.48015,4.615756493146014,41000,0
1941,FRA,0.5289880037307739,0.15037405490875244,0.016699999570846558,0.6797842594152836,0.4666666666666667,4.279247593374399,39600,0
1942,FRA,0.5363517999649048,0.04343295469880104,0.016200000420212746,0.8197398422360773,0.4666666666666667,4.625495550130588,39400,0
1943,FRA,-0.17693762481212616,0.022032812237739563,0.016499999910593033,1.0156776581851885,0.4666666666666667,5.442037284663827,39000,0
1944,FRA,-0.1168389767408371,0.08315281569957733,0.01640000008046627,1.2436053216361955,0.4666666666666667,5.627533889014769,38900,0
1945,FRA,-0.20052199065685272,0.018398543819785118,0.013700000010430813,1.8434149622967397,0.5017921146953406,9.045471111095084,39700,0
1946,FRA,0.2732030153274536,-0.05693613365292549,0.013100000098347664,2.8111078492290846,3.45,20.97370677388649,40290,0
1947,FRA,-0.18458309769630432,-0.2121814340353012,0.015699999406933784,4.194668753686074,3,33.91659510854401,40680,0
1948,FRA,-0.10739078372716904,-0.05598824471235275,0.020899999886751175,6.653888280394305,5.2,57.726495029565356,41110,0
1949,FRA,-0.1578512340784073,0.028760485351085663,0.025200000032782555,7.49882647473009,3.95,88.1,41480,0
1950,FRA,-0.1507614701986313,-0.025585055351257324,0.024299999698996544,8.238147394773902,3.91,101.75860941,42518,0
1951,FRA,0.4429471492767334,-0.08233800530433655,0.027000000700354576,9.611171960569553,4.26,128.18711693999998,42862,0
1952,FRA,0.1394517570734024,0.27172791957855225,0.03709999844431877,10.772961977781257,4.12,149.36796847,43184,0
1953,FRA,0.2316017746925354,-0.0006581632769666612,0.04039999842643738,10.561727429197312,3.76,154.91080512,43495,0
1954,FRA,1.1585566997528076,0.09001980721950531,0.03590000048279762,10.561727429197312,3.74,164.52713474,43822,0
1955,FRA,-0.03663197532296181,0.07533801347017288,0.031599998474121094,10.667344703489285,3.9,176.83288806,44218,0
1956,FRA,0.03150513768196106,-0.0335666760802269,0.03189999982714653,10.984196526365203,4.03,194.91106298,44657,0
1957,FRA,0.142935648560524,0.03250940144062042,0.05350000038743019,11.512282897825068,4.79,220.04077565,45152,0
1958,FRA,-0.08519486337900162,0.11640352010726929,0.0649000033736229,13.20215928649664,4.95,254.04558653,45654,0
1959,FRA,0.26738566160202026,0.1476273387670517,0.040699999779462814,14.047097480832424,4.93706000393706,277.22710691,46129,0
1960,FRA,-0.07177717238664627,0.04463484138250351,0.040800001472234726,14.57518385229229,4.93706000393706,307.21090138,46584,0
1961,FRA,0.049007512629032135,0.05796389281749725,0.0364999994635582,14.997652949460184,4.93706000393706,333.06216674999996,47128,0
1962,FRA,-0.1058787927031517,0.06794358044862747,0.03610000014305115,15.736973869503995,4.93706000393706,373.27889042000004,48089,0
1963,FRA,-0.18257169425487518,0.031173741444945335,0.039799999445676804,16.476294789547808,4.93706000393706,418.46120858,48799,0
1964,FRA,-0.07980641722679138,0.04384492710232735,0.04740000143647194,17.004381161007675,4.93706000393706,464.12237534999997,49357,0
1965,FRA,-0.047821152955293655,0.041485171765089035,0.042100001126527786,17.532467532467543,4.93706000393706,501.29545854,49802,0
1966,FRA,-0.1716182827949524,-0.029218623414635658,0.04780000075697899,18.05251078345347,4.93706000393706,543.30294482,50254,0
1967,FRA,-0.021920576691627502,0.056464653462171555,0.04800000041723251,18.556496644461216,4.93706000393706,587.37669565,50650,0
1968,FRA,0.17394950985908508,0.01106756180524826,0.061500001698732376,19.399556302604143,4.93706000393706,640.75847631,51034,0
1969,FRA,0.23662078380584717,-0.032305166125297546,0.08959999680519104,20.572446268121812,5.55419000455419,737.0726426199999,51470,0
1970,FRA,-0.0876227542757988,-0.0968756452202797,0.0868000015616417,21.662712115781577,5.55419000455419,824.52482986,51918,0
1971,FRA,-0.05678573623299599,0.04328281804919243,0.058400001376867294,22.831961043615824,5.11572151321783,919.5992374399999,52432,0
1972,FRA,0.16952449083328247,0.0898943617939949,0.0494999997317791,24.216263548837663,5.11572151321783,1026.48743059,52894,0
1973,FRA,-0.03170337900519371,-0.015123654156923294,0.08910000324249268,26.003569353981568,4.7085,1177.41001715,53333,0
1974,FRA,-0.27134865522384644,-0.02877856232225895,0.1290999948978424,29.55287908936983,4.444499999,1373.35749219,53690,0
1975,FRA,0.3195025324821472,0.20875142514705658,0.07919999957084656,33.006407039833874,4.485499999,1547.24513332,53955,0
1976,FRA,-0.11292722076177597,0.042499203234910965,0.08560000360012054,36.18343735709608,4.969749999,1788.21749684,54159,0
1977,FRA,-0.16803032159805298,0.08917210251092911,0.09070000052452087,39.61889359913981,4.704999999,2012.52199299,54378,0
1978,FRA,0.6209439635276794,0.1630989909172058,0.07980000227689743,43.28386251560354,4.179999999,2286.76449555,54602,0
1979,FRA,0.09008408337831497,-0.06151473894715309,0.09040000289678574,47.892180296869434,4.019999999,2612.0863697,54836,0
1980,FRA,0.08802468329668045,-0.01986602507531643,0.1185000017285347,54.387595011803086,4.515999999,2963.4169389,55110,0
1981,FRA,-0.11161229759454727,0.008606255054473877,0.15299999713897705,61.62897999035977,5.747999999,3345.28230645,55399,0
1982,FRA,0.10401709377765656,0.21635621786117554,0.14869999885559082,69.01119007304324,6.724999999,3843.83586473,55697,0
1983,FRA,0.5866885185241699,0.23915626108646393,0.12533333897590637,75.53933704935056,8.347499999,4267.07899984,55929,0
1984,FRA,0.14483685791492462,0.2182217240333557,0.11740833520889282,81.3360766768425,9.592,4637.8127771,56246,0
1985,FRA,0.37105792760849,0.20889988541603088,0.09934166818857193,86.07886443128874,7.561,4970.11403373,56490,0
1986,FRA,0.3824115991592407,0.2203206866979599,0.07742500305175781,88.26399871463704,6.455,5343.39948372,56725,0
1987,FRA,-0.23758669197559357,-0.0016969421412795782,0.07975833117961884,91.16691179196906,5.34,5614.88040731,56989,0
1988,FRA,0.6234999895095825,0.18388058245182037,0.0752333328127861,93.62916167146624,6.059,6069.01255755,57255,0
1989,FRA,0.30861103534698486,0.05563484504818916,0.09071666747331619,96.90459270062166,5.788,6540.68499797,57821,0
1990,FRA,-0.21963445842266083,0.035571373999118805,0.0984666645526886,100,5.129,6910.80873522,58168,0
1991,FRA,0.16629000008106232,0.17315655946731567,0.09490666538476944,103.21340732409693,5.18,7161.11536685,58514,0
1992,FRA,0.04760394245386124,0.08240700513124466,0.10351666808128357,105.65312503862282,5.5065,7418.76215731,58859,0
1993,FRA,0.3644101619720459,0.3382056951522827,0.08749166876077652,107.87655572171893,5.8955,7491.80952883,59169,0
1994,FRA,-0.14312708377838135,-0.12338694930076599,0.05692499876022339,109.66246863838047,5.346,7739.42017719,59445,0
1995,FRA,0.018922608345746994,0.17114123702049255,0.06354166567325592,111.63253451323071,4.9,7991.347022610001,59712,0
1996,FRA,0.30595406889915466,0.17583270370960236,0.037283334881067276,113.84607778917584,5.237,8214.32648562,59981,0
1997,FRA,0.2776792645454407,0.17691382765769958,0.03240833431482315,115.21671960549259,5.9881,8480.06122589,60254,0
1998,FRA,0.31296631693840027,0.22877176105976105,0.033925000578165054,115.96692662307973,5.6221,8867.85644472,60535,0
1999,FRA,0.5562789440155029,-0.09272031486034393,0.027305249124765396,116.58983327359697,6.529534142942465,9189.95101043,60824,0
2000,FRA,0.005336062982678413,0.08872941136360168,0.042405251413583755,118.54383211182676,7.049511015583019,9698.88180845,61137,0
2001,FRA,-0.1923835575580597,0.07612371444702148,0.04257899895310402,120.48176391343587,7.443061386587995,10089.930574,61479,0
2002,FRA,-0.2927267551422119,0.09355005621910095,0.03295133262872696,122.79912496446728,6.254953752264709,10415.47547353,61829,0
2003,FRA,0.21222859621047974,0.05324016883969307,0.022755416110157967,125.37603045321416,5.193642121931908,10696.46777362,62171,0
2004,FRA,0.12997828423976898,0.14477097988128662,0.020249083638191223,128.06169742062275,4.815777108876,11177.63191183,62534,0
2005,FRA,0.2843312919139862,0.14485499262809753,0.02071041613817215,130.29748736265788,5.560371280834111,11583.57746085,62912,0
2006,FRA,0.22560936212539673,0.019455082714557648,0.02889150008559227,132.48013249125594,4.980690964312831,12123.075855070001,63293,0
2007,FRA,0.030629167333245277,-0.0966138243675232,0.038640499114990234,134.45143429199993,4.455926907139458,12734.4868152,63682,0
2008,FRA,-0.40892547369003296,0.22131675481796265,0.036189332604408264,138.23336752728324,4.713350578429257,13069.1560766,64058,1
2009,FRA,0.2903197407722473,-0.0640435665845871,0.006472249981015921,138.35448826488386,4.553359711231429,12702.09565854,64399.24403315361,0
2010,FRA,0.041892267763614655,0.09389825910329819,0.0037625832483172417,140.47286524699993,4.90912288579554,13088.237865730001,64707.49770660658,0
2011,FRA,-0.13389000296592712,0.002216957276687026,0.006933583412319422,143.43908739232012,5.069611252801608,13502.01554133,65021.93707250341,0
2012,FRA,0.20368699729442596,0.18912792205810547,0.0004933333257213235,146.24216731964805,4.971631044414128,13701.65605428,65337.4073871409,0
2013,FRA,0.22217300534248352,-0.03871776536107063,0.0004306666669435799,147.50528358319613,4.75641360307447,13887.84944873,65669.3728816287,0
2014,FRA,0.027084000408649445,0.3238297402858734,0.0005729166441597044,148.25425467488967,5.402825137962275,14101.534001049999,66009.58596604168,0
2015,FRA,0.11944600194692612,0.00014310303959064186,-0.001990749966353178,148.30987134011397,6.025140075319188,14420.76859424,66291.03497223786,0
2016,FRA,0.08940000087022781,0.03527684509754181,-0.0031940000000000002,148.5817750367696,6.222910539796983,14654.92556453,66464.23436066628,0
2017,FRA,0.1851000040769577,0.03584440425038338,-0.003534,150.11555907107788,5.469498874343369,15068.91970594,66639.49564657599,0
2018,FRA,-0.07450000196695328,0.009596725925803185,-0.003629,152.89392048052804,5.728882096069867,15502.271138420001,66850.84013840828,0
2019,FRA,0.28369998931884766,0.07744557410478592,-0.003917,154.58837488104194,5.839033291792769,15989.83741695,66999.29675706122,0
2020,FRA,-0.00839999970048666,0.039300255477428436,-0.004963,155.3249867137966,5.345587156710943,15105.771370199998,67139.50578578899,0
1870,GBR,,0.02442333661019802,0.030500000342726707,2.1972130379435137,0.179,1.0562024248317248,31400,0
1871,GBR,0.26190000772476196,0.04514363780617714,0.02630000002682209,2.2279740204747234,0.1832,1.1416643196064273,31685,0
1872,GBR,0.06310000270605087,0.01621621660888195,0.039000000804662704,2.332688799437035,0.1837,1.2113605067968172,31874,0
1873,GBR,0.04969999939203262,0.04395604506134987,0.04490000009536743,2.405002152219583,0.1803,1.2700453089255994,32177,0
1874,GBR,0.031700000166893005,0.0285326074808836,0.0340999998152256,2.3256370811963367,0.1845,1.2628970528012518,32501,0
1875,GBR,0.07530000060796738,0.05729876831173897,0.028999999165534973,2.281449976653606,0.1789,1.2362135160304137,32839,0
1876,GBR,0.06840000301599503,0.033288948237895966,0.01889999955892563,2.2746056267236447,0.1844,1.2199570661959416,33200,0
1877,GBR,0.08870001137256622,0.04454787075519562,0.023399999365210533,2.2586833873365793,0.197,1.2067037000313108,33576,0
1878,GBR,0.0051999990828335285,0.022980960085988045,0.03229999914765358,2.2089923528151743,0.2045,1.1750970680397863,33932,0
1879,GBR,0.15649999678134918,0.06357616186141968,0.01759999990463257,2.1117966892913067,0.206,1.1338586452263069,34304,0
1880,GBR,0.13809999823570251,0.044929396361112595,0.02319999970495701,2.1751505899700456,0.2064,1.2089683072536384,34623,0
1881,GBR,0.16680000722408295,0.03572433069348335,0.028599999845027924,2.151223933480375,0.207,1.233361730941166,34935,0
1882,GBR,0.015599999576807022,0.04567711427807808,0.033799998462200165,2.1727361728151795,0.2053,1.273562388077339,35206,0
1883,GBR,0.003100000089034438,0.026658400893211365,0.030300000682473183,2.1618724919511028,0.2062,1.2754934168687306,35450,0
1884,GBR,0.03399999812245369,0.018208956345915794,0.024000000208616257,2.103501934668423,0.206,1.2352181773002469,35724,0
1885,GBR,0.029600001871585846,0.036947548389434814,0.021299999207258224,2.0403968766283707,0.2059,1.2079566289432988,36015,0
1886,GBR,0.026500001549720764,0.03500000014901161,0.021299999207258224,2.0077505266023166,0.2057,1.2165618409037138,36313,0
1887,GBR,0.031700000166893005,0.04179104417562485,0.024000000208616257,1.9977117739693044,0.2061,1.2690201275511925,36598,0
1888,GBR,0.13610000908374786,0.008849557489156723,0.023800000548362732,2.0116957563870894,0.2053,1.322937438231832,36881,0
1889,GBR,0.09220000356435776,0.03802715614438057,0.026900000870227814,2.0398594969765087,0.2054,1.397142843680691,37178,0
1890,GBR,0.0421999990940094,0.011831275187432766,0.03660000115633011,2.0439392159704624,0.2057,1.4316269554317091,37485,1
1891,GBR,-0.004100000951439142,0.025104600936174393,0.02630000002682209,2.0582467904822552,0.2057,1.4330090826405157,37802,0
1892,GBR,0.00430000014603138,0.05118110030889511,0.014299999922513962,2.0664797776441843,0.2052,1.3946792968131971,38134,0
1893,GBR,-0.0009000006248243153,0.03530167043209076,0.021299999207258224,2.0520144192006753,0.2056,1.3958294155586417,38490,0
1894,GBR,0.10750000178813934,0.07966858148574829,0.009700000286102295,2.0109741308166615,0.205,1.4729557891403693,38859,0
1895,GBR,0.12319999933242798,0.061212118715047836,0.00800000037997961,1.9908643895084954,0.2046,1.509769366822559,39221,0
1896,GBR,0.12210000306367874,0.06854130327701569,0.014700000174343586,1.9848917963399701,0.2053,1.5585576286389358,39599,0
1897,GBR,0.06830000132322311,0.03820224851369858,0.017799999564886093,2.0146651732850693,0.2056,1.6035870105728756,39987,0
1898,GBR,0.052400004118680954,0.002771618776023388,0.026599999517202377,2.0207091688049243,0.2063,1.6924998280105072,40381,0
1899,GBR,0.04670000076293945,-0.06345608830451965,0.03180000185966492,2.0348541329865584,0.2056,1.7956273473897653,40773,0
1900,GBR,0.09459999948740005,-0.004350528586655855,0.03660000115633011,2.1386316937688727,0.2056,1.8714349064986506,41155,0
1901,GBR,0.04909999668598175,-0.01604621298611164,0.031599998474121094,2.149324852237717,0.2052,1.8785182857809597,41538,0
1902,GBR,0.05889999866485596,0.019486257806420326,0.02969999983906746,2.149324852237717,0.2053,1.8919458597158065,41893,0
1903,GBR,0.016699999570846558,-0.02763073705136776,0.0340999998152256,2.157922151646668,0.2056,1.8668271160785994,42246,0
1904,GBR,0.1111999973654747,0.04145753011107445,0.026799999177455902,2.1536063073433747,0.2054,1.866781811169302,42611,0
1905,GBR,0.10940000414848328,0.035829976201057434,0.025599999353289604,2.1622207325727483,0.2056,1.9348655631012548,42981,0
1906,GBR,0.09630001336336136,-0.010845726355910301,0.039900001138448715,2.1622207325727483,0.2061,2.017663249683303,43361,0
1907,GBR,-0.0015999986790120602,0.00013163972471375018,0.04470000043511391,2.188167381363621,0.2058,2.097790788168081,43737,0
1908,GBR,0.04568224027752876,0.03594530373811722,0.02319999970495701,2.1991082182704393,0.2055,1.9960522946311978,44124,0
1909,GBR,0.11060185730457306,0.018179669976234436,0.02290000021457672,2.2101037593617914,0.2052,2.0367114578110277,44520,0
1910,GBR,0.014817390590906143,-0.013062200509011745,0.031599998474121094,2.2299946931960473,0.2056,2.123974440616431,44916,0
1911,GBR,0.016035713255405426,0.0022499999031424522,0.029100000858306885,2.2322246878892433,0.2057,2.2106091708297955,45268,0
1912,GBR,0.03442201763391495,0.007546975743025541,0.03620000183582306,2.299191428525921,0.2055,2.308645913502377,45426,0
1913,GBR,-0.037962961941957474,-0.013174142688512802,0.043699998408555984,2.289994662811817,0.2054,2.4022142008375655,45649,0
1914,GBR,-0.000639998004771769,0.04468188434839249,0.029100000858306885,2.2831246788233814,0.2028,2.4327477351255142,46049,0
1915,GBR,0.026000000536441803,0.03400000184774399,0.03660000115633011,2.5685152636763036,0.2102,2.927498680768331,46340,0
1916,GBR,-0.024708330631256104,-0.20298629999160767,0.052000001072883606,3.033416526401715,0.2098,3.412901360308623,46514,0
1917,GBR,0.09510112553834915,0.030637342482805252,0.0478999987244606,3.7978374910549473,0.2099,4.2514249010007825,46614,0
1918,GBR,0.20774193108081818,0.1279672086238861,0.0357000008225441,4.633361739087035,0.2099,5.072258235179151,46575,0
1919,GBR,0.09555556625127792,-0.08426263183355331,0.03480000048875809,5.101331274734826,0.2259,5.447924051357988,46534,0
1920,GBR,-0.21339653432369232,-0.07338728755712509,0.06210000067949295,5.886936291043988,0.2729,6.022474339139348,46821,0
1921,GBR,-0.007441862020641565,0.1646491289138794,0.04580000042915344,5.380659770014207,0.2598,4.7383480309660015,44072,0
1922,GBR,0.2624000012874603,0.15967193245887756,0.025699999183416367,4.627367402212217,0.2258,4.304843739481654,44372,0
1923,GBR,0.0091249980032444,0.04222064092755318,0.026200000196695328,4.349725358079485,0.2186,4.1080620161561745,44596,0
1924,GBR,0.20171739161014557,0.07352049648761749,0.033900000154972076,4.319277280572929,0.2264,4.216194547290473,44915,0
1925,GBR,0.15123584866523743,0.003138648346066475,0.04089999943971634,4.332235112414647,0.2071,4.353552086839447,45059,0
1926,GBR,0.06591453403234482,0.02875451371073723,0.045099999755620956,4.297577231515329,0.2058,4.1996337091888245,45232,0
1927,GBR,0.0857815146446228,0.07168807834386826,0.042500000447034836,4.194435377958961,0.2057,4.441227112083473,45389,0
1928,GBR,0.1646854728460312,0.05931127071380615,0.04149999842047691,4.181852071825085,0.2055,4.441227112083473,45578,0
1929,GBR,-0.1423381268978119,-0.015964725986123085,0.05260000005364418,4.144215403178658,0.2059,4.53085047122181,45672,0
1930,GBR,-0.04860176891088486,0.13142776489257812,0.024800000712275505,4.028177371889656,0.2057,4.456813783237966,45866,0
1931,GBR,-0.20131374895572662,-0.005442906636744738,0.03590000048279762,3.854965744898401,0.2205,4.168460366879837,46074,0
1932,GBR,0.34228572249412537,0.403181791305542,0.01489999983459711,3.7547366355310428,0.2852,4.077862840794343,46335,0
1933,GBR,0.24409089982509613,0.03166131302714348,0.005900000222027302,3.6758871661848906,0.236,4.150925361831031,46520,0
1934,GBR,0.14047059416770935,0.2769678235054016,0.007300000172108412,3.6758871661848906,0.1985,4.362319589363849,46666,0
1935,GBR,0.13990840315818787,-0.031189655885100365,0.005499999970197678,3.701618376348184,0.204,4.558127145742173,46868,0
1936,GBR,0.19197221100330353,0.002684210427105427,0.005799999926239252,3.7275297049826217,0.2012,4.816281386738471,47081,0
1937,GBR,-0.13043372333049774,-0.09203407168388367,0.00559999980032444,3.854265714952031,0.2023,5.15139481656008,47289,0
1938,GBR,-0.09789854288101196,-0.021812833845615387,0.006099999882280827,3.9159339663912647,0.2045,5.31310652978795,47494,0
1939,GBR,0.0182711873203516,0.009540311060845852,0.013199999928474426,4.02558011745022,0.2255,5.715437478963311,47991,0
1940,GBR,-0.048894740641117096,0.15936720371246338,0.010300000198185444,4.7018775771818575,0.2611,6.937042830696734,48226,0
1941,GBR,0.22733333706855774,0.10564341396093369,0.010099999606609344,5.209680355517499,0.248,8.357378239649949,48216,0
1942,GBR,0.184369757771492,0.027593262493610382,0.009999999776482582,5.579567660759241,0.2478,9.157169303264892,48400,0
1943,GBR,0.1104000061750412,-0.004981905687600374,0.009999999776482582,5.769272961225055,0.2478,9.746540306294175,48789,0
1944,GBR,0.12449999898672104,0.0572500005364418,0.009999999776482582,5.925043331178131,0.2478,9.831292830696734,49016,0
1945,GBR,0.06461538374423981,0.14814859628677368,0.008999999612569809,6.090944544451118,0.2481,9.568267754964657,49182,0
1946,GBR,0.17731250822544098,0.10761002451181412,0.004999999888241291,6.279763825329102,0.3333333333333333,9.626717771794008,49217,0
1947,GBR,-0.02576923370361328,-0.14334677159786224,0.005100000184029341,6.719347293102139,0.4,10.403128828677213,49519,0
1948,GBR,-0.036758825182914734,0.006969696842133999,0.005100000184029341,7.236737034671004,0.33003300330033003,11.577,50014,0
1949,GBR,-0.05700637027621269,-0.08934739232063293,0.005200000014156103,7.43936567164179,0.42016806722689076,12.331,50312,0
1950,GBR,0.10957446694374084,0.040641751140356064,0.005200000014156103,7.7308768656716405,0.3968253968253968,12.898,50127,0
1951,GBR,0.08229530602693558,-0.09683731198310852,0.00559999980032444,8.430503731343283,0.41841004184100417,14.477,50290,0
1952,GBR,-0.001411764300428331,-0.006849757395684719,0.02199999988079071,9.328358208955224,0.37735849056603776,15.715,50430,0
1953,GBR,0.2443055510520935,0.13861016929149628,0.023000000044703484,9.666511194029852,0.3717472118959108,16.843,50593,0
1954,GBR,0.4861646890640259,0.06063833087682724,0.017899999395012856,9.888059701492539,0.3731343283582089,17.756,50765,0
1955,GBR,0.10862810164690018,-0.10118304938077927,0.03750000149011612,10.38945895522388,0.36900369003690037,19.292,50946,0
1956,GBR,-0.09164062142372131,-0.02981370873749256,0.0494999997317791,10.925839552238806,0.3589890868606365,20.933,51184,0
1957,GBR,-0.009477273561060429,-0.06305692344903946,0.04809999838471413,11.34561567164179,0.34972371838487926,22.18,51430,0
1958,GBR,0.47742438316345215,0.17027078568935394,0.04560000076889992,11.672108208955223,0.3568242641772789,23.27,51652,0
1959,GBR,0.5486228466033936,0.009832060895860195,0.033799998462200165,11.742070895522389,0.3571428572704081,24.378,51956,0
1960,GBR,0.018391203135252,-0.07103174924850464,0.048900000751018524,11.835354477611942,0.35665882029982837,26.189,52372,0
1961,GBR,0.01812826655805111,-0.079440176486969,0.05139999836683273,12.220149253731343,0.3561126741768857,27.905,52807,0
1962,GBR,0.003789731068536639,0.2477676272392273,0.04170000180602074,12.73320895522388,0.3568242641772789,29.224,53292,0
1963,GBR,0.198081836104393,0.036339953541755676,0.03669999912381172,13.001399253731341,0.35757705798382927,31.09,53625,0
1964,GBR,-0.054099999368190765,-0.023651685565710068,0.045899998396635056,13.421175373134329,0.3584100929566718,34.038,53991,0
1965,GBR,0.11174321174621582,0.04392683133482933,0.05909999832510948,13.992537313432832,0.3567860711990817,36.818,54350,0
1966,GBR,-0.03840654343366623,0.042148884385824203,0.06120000034570694,14.552238805970147,0.35839724763758773,39.383,54643,0
1967,GBR,0.34190231561660767,0.023493671789765358,0.05810000002384186,14.87873134328358,0.41557578041623067,41.666,54959,0
1968,GBR,0.4819520115852356,-0.023348286747932434,0.07029999792575836,15.473414179104475,0.41939271951828244,45.786,55214,0
1969,GBR,-0.11873120069503784,-0.002488371916115284,0.0763000026345253,16.277985074626862,0.4165451744976653,49.754,55461,0
1970,GBR,-0.034857142716646194,0.03452681377530098,0.07020000368356705,17.339085820895523,0.4177632954913997,56.02,55632,0
1971,GBR,0.4660159945487976,0.2690797448158264,0.055799998342990875,18.971548507462686,0.3917727719458463,62.841,55907,0
1972,GBR,0.16374468803405762,-0.041293784976005554,0.0551999993622303,20.33582089552239,0.42587624054592066,70.502,56079,0
1973,GBR,-0.28000888228416443,-0.08787097036838531,0.09380000084638596,22.236473880597014,0.43044077153514154,81.687,56210,0
1974,GBR,-0.5019515156745911,-0.15767984092235565,0.11379999667406082,25.734608208955223,0.4258037046735379,92.534,56224,1
1975,GBR,1.4960688352584839,0.36125683784484863,0.10180000215768814,31.576492537313435,0.49419322979698205,114.936,56215,0
1976,GBR,0.0232649315148592,0.1388256847858429,0.11150000244379044,36.520522388059696,0.5874060153826398,136.8,56206,0
1977,GBR,0.48560190200805664,0.4555555582046509,0.07660000026226044,41.9776119402985,0.5246589719436826,159.524,56179,0
1978,GBR,0.08665914088487625,-0.02575177140533924,0.08510000258684158,45.1142723880597,0.4915212585360144,185.837,56167,0
1979,GBR,0.11481428891420364,0.04183606803417206,0.12999999523162842,50.24486940298508,0.44964028797196054,220.586,56228,0
1980,GBR,0.34833088517189026,0.1912524402141571,0.15119999647140503,57.85914179104478,0.41928721191584367,259.499,56314,0
1981,GBR,0.13627363741397858,0.0998682975769043,0.1298000067472458,64.69216417910447,0.5241090149497426,289.653,56382.6,0
1982,GBR,0.2849203944206238,0.5352219939231873,0.11379999667406082,69.9393656716418,0.6193868074446496,318.999,56339.7,0
1983,GBR,0.28779226541519165,0.07828254252672195,0.09589999914169312,73.39085820895524,0.6893699163721011,350.813,56382.62,0
1984,GBR,0.3157407343387604,0.0375610888004303,0.09300000220537186,76.51585820895524,0.8646779082271318,377.386,56462.23,0
1985,GBR,0.20136570930480957,0.19918380677700043,0.11599999666213989,80.28218283582089,0.6922810665920949,414.161,56620.24,0
1986,GBR,0.27217575907707214,0.1253899335861206,0.10339999943971634,82.95242537313432,0.678195998643608,446.361,56796.26,0
1987,GBR,0.08650869131088257,0.17899125814437866,0.09229999780654907,85.61100746268657,0.5343307507347048,496.226,56981.62,0
1988,GBR,0.11483954638242722,0.06868434697389603,0.09799999743700027,88.82929104477613,0.5526388505111909,555.98,57159.6,0
1989,GBR,0.3546816408634186,0.08210000395774841,0.13279999792575836,93.48180970149254,0.6228589224540642,615.125,57324.47,0
1990,GBR,-0.09610787779092789,0.08210886269807816,0.14090000092983246,100,0.5186721991701245,669.873,57493.31,0
1991,GBR,0.20805393159389496,0.18482428789138794,0.10819999873638153,107.53264925373134,0.5345592558935158,706.821,57665.65,1
1992,GBR,0.19888730347156525,0.20016290247440338,0.08940000087022781,112.11520522388064,0.6613756613756614,732.295,57866.35,0
1993,GBR,0.2754807472229004,0.22790634632110596,0.05209999904036522,114.9253731343284,0.6751282743721306,771.414,58026.92,0
1994,GBR,-0.059496473520994186,-0.10413049906492233,0.051500000059604645,117.19916044776122,0.64,812.289,58212.52,0
1995,GBR,0.23020999133586884,0.17560122907161713,0.0632999986410141,120.31249999999997,0.6451612903225806,853.228,58426.01,0
1996,GBR,0.15809932351112366,0.0776439756155014,0.05779999867081642,123.2003710766023,0.5889281507656066,911.191,58618.66,0
1997,GBR,0.23567114770412445,0.16759464144706726,0.06480000168085098,125.448292773266,0.6046680372475511,952.585,58808.27,0
1998,GBR,0.1367396116256714,0.21169418096542358,0.0681999996304512,127.40202137291483,0.6011421701232341,998.318,59035.65,0
1999,GBR,0.23799023032188416,-0.041475020349025726,0.05040000006556511,129.09482516187444,0.6186587478346943,1041.97,59293.32,0
2000,GBR,-0.0594029575586319,0.09794456511735916,0.057999998331069946,130.12300915002194,0.6701514542286557,1098.5,59522.47,0
2001,GBR,-0.13219822943210602,0.029548566788434982,0.047600001096725464,131.72809207638275,0.689464975179261,1142.023,59723.24,0
2002,GBR,-0.22260260581970215,0.10208654403686523,0.038600001484155655,133.38643409789282,0.6204243702692642,1190.336,59912.43,0
2003,GBR,0.2017573118209839,0.021113665774464607,0.035599999129772186,135.20261399802453,0.5603182607721185,1259.97,60094.65,0
2004,GBR,0.12595011293888092,0.06638054549694061,0.04439999908208847,137.0190922684372,0.5177591384487936,1322.795,60270.71,0
2005,GBR,0.21643610298633575,0.08501417189836502,0.045499999076128006,139.83749794227387,0.5807538184563563,1399.656,60441.46,0
2006,GBR,0.16431647539138794,-0.005019864067435265,0.04650000110268593,143.0939111885426,0.5094243504839531,1476.722,60609.15,0
2007,GBR,0.05081511661410332,0.06206125766038895,0.05530000105500221,146.4177561183055,0.49915144254766897,1552.47,60776.24,1
2008,GBR,-0.29751068353652954,0.15972906351089478,0.04320000112056732,151.69160001920542,0.6859651529702291,1598.752,60943.91,0
2009,GBR,0.2895195484161377,-0.015163527801632881,0.0052999998442828655,154.97620925702367,0.617474529175671,1557.12,61067.49465695664,0
2010,GBR,0.1415793001651764,0.101185142993927,0.004999999888241291,160.08759053994729,0.638773554774832,1612.195,61556.92913172931,0
2011,GBR,-0.03427261859178543,0.18407876789569855,0.004800000227987766,167.2334095835162,0.646788694133627,1669.509,62071.865202381916,0
2012,GBR,0.12145595997571945,0.03848639130592346,0.0031300000846385956,171.963175277107,0.633713561470215,1721.355,62483.81405890401,0
2013,GBR,0.20538218319416046,-0.06127094104886055,0.003019999945536256,176.37368477008337,0.60723828030119,1793.155,62877.12713382153,0
2014,GBR,0.011954274028539658,0.15596400201320648,0.003800000064074993,178.95055970149247,0.640697078421322,1876.162,63358.714963708066,0
2015,GBR,0.010998629964888096,0.007676143664866686,0.004399999976158142,179.02231775406054,0.674809366354005,1935.212,63861.88106703147,0
2016,GBR,0.15410000085830688,0.0712653249502182,0.0020239999999999998,180.203267326054,0.812875955129247,2016.638,64389.56793562405,0
2017,GBR,0.14069999754428864,0.03743851184844971,0.004123,185.06875554385743,0.740110276431188,2097.143,64774.05353504466,0
2018,GBR,-0.09549999982118607,0.022330274805426598,0.006998,189.69547443245386,0.787680674254657,2174.38,65162.46245690836,0
2019,GBR,0.18379999697208405,0.05720197409391403,0.007098,193.10999297223805,0.762107990702283,2255.283,65516.5423073952,0
2020,GBR,-0.09440000355243683,0.05752429738640785,0.000394,194.84798290898817,0.745156482861401,2152.646,65795.098200853,0
1870,IRL,,,,,,,,
1871,IRL,,,,,,,,
1872,IRL,,,,,,,,
1873,IRL,,,,,,,,
1874,IRL,,,,,,,,
1875,IRL,,,,,,,,
1876,IRL,,,,,,,,
1877,IRL,,,,,,,,
1878,IRL,,,,,,,,
1879,IRL,,,,,,,,
1880,IRL,,,,,,,,
1881,IRL,,,,,,,,
1882,IRL,,,,,,,,
1883,IRL,,,,,,,,
1884,IRL,,,,,,,,
1885,IRL,,,,,,,,
1886,IRL,,,,,,,,
1887,IRL,,,,,,,,
1888,IRL,,,,,,,,
1889,IRL,,,,,,,,
1890,IRL,,,,,,,,
1891,IRL,,,,,,,,
1892,IRL,,,,,,,,
1893,IRL,,,,,,,,
1894,IRL,,,,,,,,
1895,IRL,,,,,,,,
1896,IRL,,,,,,,,
1897,IRL,,,,,,,,
1898,IRL,,,,,,,,
1899,IRL,,,,,,,,
1900,IRL,,,,,,,,
1901,IRL,,,,,,,,
1902,IRL,,,,,,,,
1903,IRL,,,,,,,,
1904,IRL,,,,,,,,
1905,IRL,,,,,,,,
1906,IRL,,,,,,,,
1907,IRL,,,,,,,,
1908,IRL,,,,,,,,
1909,IRL,,,,,,,,
1910,IRL,,,,,,,,
1911,IRL,,,,,,,,
1912,IRL,,,,,,,,
1913,IRL,,,,,,,,
1914,IRL,,,,,,,,
1915,IRL,,,,,,,,
1916,IRL,,,,,,,,
1917,IRL,,,,,,,,
1918,IRL,,,,,,,,
1919,IRL,,,,,,,,
1920,IRL,,,,,0.29654292244374614,,,0
1921,IRL,,,,,0.2823079928577693,,3102.2693216334787,0
1922,IRL,,,,3.3531908821745797,0.24536237408500505,132.84122504560654,3008.078974012824,0
1923,IRL,,,,3.2818463953198016,0.2375385959919491,131.24679319209292,3020.1032737090773,0
1924,IRL,,,,3.3175186387471904,0.24601435559275975,131.2187680905908,3011.0850489368872,0
1925,IRL,,,,3.388863125601969,0.22504228375998475,131.80025216715757,2991.044549443131,0
1926,IRL,,,,3.2996825170334962,0.22362965715984967,131.3450889504154,2977.016199797502,0
1927,IRL,,,,3.1213212998965503,0.2235209935752239,134.57743066302584,2962.9878501518724,0
1928,IRL,,,,3.1034851781828556,0.22330366640597235,138.9788886020149,2949.961525480931,0
1929,IRL,,,,3.139157421610245,0.22373832074447547,143.5316926302038,2942.9473506581166,0
1930,IRL,,,,3.049976813041772,0.2235209935752239,146.8163921026657,2932.9271009112385,0
1931,IRL,,,,2.8537794741911315,0.23960320409983896,149.55133705632204,2938.939250759365,0
1932,IRL,,,,2.800271109050048,0.3099085433527169,144.90127114597993,2954.9716503543705,0
1933,IRL,,,,2.6932543787678807,0.25644605971683443,140.35603131260928,2967.9979750253124,0
1934,IRL,,,,2.7110905004815753,0.21569721548216797,152.47439999552788,2977.0161997975024,0
1935,IRL,,,,2.7824349873363534,0.2216737126365857,156.7971421387064,2977.0161997975024,0
1936,IRL,,,,2.8537794741911315,0.21863113226706393,159.1016268850131,2973.0080998987514,0
1937,IRL,,,,3.0321406913280775,0.2198264316979475,165.09328722541045,2953.969625379683,0
1938,IRL,,,,3.085649056469161,0.22221703055971456,168.22738648038757,2942.947350658117,0
1939,IRL,,,,3.174829665037634,0.24503638333112782,178.79607591600774,2939.9412757340538,0
1940,IRL,,,,3.6564049513073873,0.2837206194579045,195.13941009480186,2963.9898751265614,0
1941,IRL,,,,4.030963507294974,0.26948568987192767,212.5722998855156,2999.0607492406352,0
1942,IRL,,,,4.4590304284236435,0.2692683627026761,235.3440121746354,2969.0000000000005,0
1943,IRL,,,,5.011950201548175,0.2692683627026761,262.90976915620155,2951.9655754303076,0
1944,IRL,,,,5.261655905539899,0.2692683627026761,274.5680142037413,2949.961525480932,0
1945,IRL,,,,5.243819783826204,0.26959435345655347,299.77461282843467,2957.9777252784343,0
1946,IRL,,,,5.1724752969714265,0.362211948752591,313.51383182129325,2962.9878501518733,0
1947,IRL,,,,5.475689366104234,0.4346543385031092,344.12957178175776,2980.022274721566,0
1948,IRL,,,,5.65405058324118,0.3586256918342485,380.86844311636935,2991.044549443132,0
1949,IRL,,,,5.671886704954875,0.4565696833015852,409.85426726286147,2987.0364495443805,0
1950,IRL,,,,5.743231191809652,0.43120470089594154,416.3738751255984,2969,0
1951,IRL,,,,6.206970356365711,0.45465934989864965,438.39957736457416,2960.6,0
1952,IRL,,,,6.742054007776549,0.4100512627387822,503.8599644188102,2952.9,0
1953,IRL,,,,7.09877644205044,0.4039538461924806,554.6071823774105,2949,0
1954,IRL,,,,7.120179788106873,0.405461136663348,557.3383694550433,2941.2,0
1955,IRL,,,,7.305675453929297,0.4009726369954881,584.033520568682,2920.9,0
1956,IRL,,,,7.616023971747583,0.3900904101981128,593.0200070821842,2898.5,0
1957,IRL,,,,7.929939713908607,0.3800223286835683,614.0765784226451,2885.3,0
1958,IRL,,,,8.28131131166839,0.38773803626958453,635.9260750437089,2852.7,0
1959,IRL,,,,8.28309492383976,0.3880842309449489,679.7131710947929,2845.6,0
1960,IRL,,,,8.318767167267149,0.38755825902180296,710.9896682741385,2832.1,0
1961,IRL,,,,8.54885313737381,0.38696479706731873,765.6134098267984,2818.3,0
1962,IRL,,,,8.912710020333177,0.3877380362695846,828.1664041854897,2830.1,0
1963,IRL,,,,9.132094317411621,0.38855604900462304,890.719398544181,2850,0
1964,IRL,,,,9.745656904362715,0.38946125466730014,1013.1823029928862,2863.8,0
1965,IRL,,,,10.236150251489315,0.38769653441040014,1079.2594097098138,2875.8,0
1966,IRL,,,,10.541147932793493,0.38944729648312676,1137.4072636207097,2884,0
1967,IRL,,,,10.871116184496842,0.4515795398368252,1242.2496062782345,2899.7,0
1968,IRL,,,,11.388363714193986,0.4557271626880976,1401.7156904884193,2912.2,0
1969,IRL,,,,12.232012271251739,0.4526329181948622,1618.448600519941,2925.2,0
1970,IRL,,,,13.234402311561373,0.453956572131733,1824.3172604048389,2949.9,0
1971,IRL,,,,14.420504405522061,0.4257143375841281,2085.3326319662947,2978.2,0
1972,IRL,,,,15.661898476795205,0.4627723890466952,2534.4406299389875,3024.4,0
1973,IRL,,,,17.45086148467877,0.4677323720409371,3060.3570574813784,3073,0
1974,IRL,,,,20.411657689152072,0.46269356896762454,3400.45369104757,3123.9,0
1975,IRL,,,,24.672707166553703,0.5370080784753055,4275.896558468448,3177.2,0
1976,IRL,,,,29.110334248920914,0.638296432622221,5267.053241793353,3227.8,0
1977,IRL,,,,33.07887133021796,0.5701132459747565,6411.323726875704,3271.9,0
1978,IRL,,,,35.60446616487711,0.5341046187229676,7576.94609752091,3314,0
1979,IRL,,,,40.31855313380658,0.48859525483200006,8975.908544755352,3368.2,0
1980,IRL,,,,47.665251667677374,0.48664524636800005,10652.098235357995,3401,0
1981,IRL,,,,57.3930724503264,0.6212982137040001,12925.175512725844,3443.4,0
1982,IRL,,,,67.22077551457211,0.7045618424760001,15333.046211897912,3480,0
1983,IRL,,,,74.26961081582421,0.80467776572,16900.175432574604,3504,0
1984,IRL,,,,80.64424071629863,0.9225532571639999,18716.28168182535,3529,0
1985,IRL,,,,85.03371027003888,0.9456147062120001,20331.10594459872,3540,0
1986,IRL,,,,88.27274997324582,0.743128063992,21653.99003524851,3540.6,0
1987,IRL,,,,91.04269967538256,0.672916733392,23139.215860340406,3546.5,0
1988,IRL,,,,92.9921877786894,0.656467671688,24715.88973572987,3530.7,0
1989,IRL,,,,96.78949809153497,0.70554314722,27413.147777895745,3509.5,0
1990,IRL,,,,100,0.6045884683160001,29719.134418219957,3505.8,0
1991,IRL,,,,103.19623301109407,0.6212974261399999,30920.600482097507,3525.7,0
1992,IRL,,,,106.41565298041593,0.587721210128,32930.181589402935,3554.5,0
1993,IRL,,,,107.91388720436628,0.677249122956,35463.988080867406,3574.1,0
1994,IRL,,,,110.44483287553953,0.6686284474120001,38114.64921626413,3585.9,0
1995,IRL,,,,113.22370063853315,0.623733361592,43177.408736000005,3601.3,0
1996,IRL,,,,115.13930011058395,0.6250281168080001,47426.62905920357,3626.1,0
1997,IRL,,,,116.81054471515714,0.659643129736,54722.608953544375,3664.3,0
1998,IRL,,,,119.63400278243498,0.7022708188000001,63419.75131111263,3703.1,0
1999,IRL,,,,121.59597617094138,0.7389579126120001,73165.5971442535,3741.6,0
2000,IRL,,,,128.3630007491171,0.8526994806200001,85548.18314454831,3789.5,0
2001,IRL,,,,134.61634502193843,0.8793411956120001,96267.03656329562,3847.2,0
2002,IRL,,,,140.85898762173153,0.832895396276,107234.26712099434,3917.2,0
2003,IRL,,,,145.76213748082617,0.696244379072,114787.29764167851,3979.9,0
2004,IRL,,,,148.9601541040916,0.633140026008,123210.83089697332,4045.2,0
2005,IRL,,,,152.58267042414298,0.6330439432,134286.87429649837,4133.8,0
2006,IRL,,,,158.59344344165805,0.627241959212,145806.05405186687,4232.9,0
2007,IRL,,,,166.30756608283096,0.574663399008,155388.68062226824,4375.8,0
2008,IRL,,,,173.0496200906075,0.5354828775720001,147672.43083884456,4485.1,1
2009,IRL,,,,165.29625798166447,0.564650310312,133666.32569854675,4533.4,0
2010,IRL,,,,163.7338137195448,0.5940666132760001,131965.53367086998,4554.8,0
2011,IRL,,,,167.96632540220455,0.565797003496,135371.84871934637,4574.9,0
2012,IRL,,,,170.80940320336745,0.612990988632,138391.79932945393,4593.7,0
2013,IRL,,,,171.6691042699675,0.59299237598,141465.36786162085,4614.7,0
2014,IRL,,,,172.00620697035637,0.592821474592,153705.23556937533,4645.4,0
2015,IRL,,,,171.4996611136874,0.709828282944,207217.49878231523,4687.8,0
2016,IRL,,,,171.4996611136874,0.7115018564440001,212940.42346329716,4739.6,0
2017,IRL,,,,171.9882293384962,0.6971563781840001,234125.02216871752,4792.5,0
2018,IRL,,,,172.81879532067325,0.666887930972,257084.53179407312,4857,0
2019,IRL,,,,174.36999943444306,0.703512019664,257084.53179407312,4921.5,0
2020,IRL,,,,174.16235793889837,0.6895170073839998,257084.53179407312,4977.4,0
1870,ITA,0.15863539278507233,0.07974119484424591,0.05999999865889549,0.0216246,4.699108,9.759187906181348,27888,0
1871,ITA,0.7913044095039368,0.22110718488693237,0.05999999865889549,0.0223969,4.8808144,9.839705467398932,28063,0
1872,ITA,0.29907727241516113,0.2826606035232544,,0.0252287,5.0376051,10.515738024912544,28233,0
1873,ITA,-0.18255597352981567,0.016473226249217987,,0.0267733,5.200753499999999,11.722128282389459,28387,1
1874,ITA,-0.12578696012496948,0.06350000202655792,,0.0274169,5.241645000000001,11.93927684402463,28505,0
1875,ITA,0.13225333392620087,0.12902794778347015,,0.0234267,4.8778874000000005,10.264428771501802,28630,0
1876,ITA,0.038082219660282135,0.06470055878162384,,0.0248426,5.050162800000001,10.102565084364928,28837,0
1877,ITA,0.10292883962392807,0.05248544365167618,,0.0257436,5.439564000000001,11.380096348656856,29067,0
1878,ITA,0.08520004898309708,0.11079488694667816,,0.0249713,5.645835999999999,11.324920598584045,29252,0
1879,ITA,0.23531688749790192,0.14499445259571075,,0.0245851,5.77521,10.872343860170346,29425,0
1880,ITA,0.00920048262923956,0.11320829391479492,,0.0254861,5.721820800000001,11.554948250439944,29534,0
1881,ITA,0.12710699439048767,0.03909534588456154,,0.0238386,5.37,11.380799958493997,29672,0
1882,ITA,-0.045723315328359604,0.037790894508361816,,0.0232722,5.4,11.738700960358107,29898,0
1883,ITA,0.07438600808382034,0.046364445239305496,,0.0225256,5.3,11.266658665847984,30113,0
1884,ITA,0.08346632122993469,0.13186807930469513,,0.022088,5.28,10.908733884118899,30366,0
1885,ITA,0.10835161805152893,0.05971667170524597,0.03999999910593033,0.0225771,5.31,11.67239702630378,30644,0
1886,ITA,0.08481410145759583,0.07968881726264954,0.04500000178813934,0.0225514,5.28,12.325884591872736,30857,0
1887,ITA,0.03644483909010887,0.03347677364945412,0.05249999836087227,0.0224999,5.35,11.89659452841192,31049,1
1888,ITA,0.03579999879002571,0.031976934522390366,0.04749999940395355,0.0227831,5.34,11.811079805959533,31243,0
1889,ITA,0.014500000514090061,0.030614517629146576,0.05249999836087227,0.0231692,5.32,12.294999659492888,31468,0
1890,ITA,-0.033299997448921204,0.04424433782696724,0.05249999836087227,0.023993,5.37,12.900739437398272,31702,0
1891,ITA,-0.14399999380111694,0.02137208729982376,0.042500000447034836,0.0239158,5.38,12.91237411001712,31892,0
1892,ITA,-0.025999998673796654,0.060412853956222534,0.03500000014901161,0.0237098,5.44,12.135357418561137,32091,0
1893,ITA,0.045100003480911255,0.05136119946837425,0.05999999865889549,0.023195,5.71,12.01737708193223,32303,1
1894,ITA,-0.05389999970793724,-0.024315595626831055,0.03999999910593033,0.023092,5.81,11.771736314481146,32513,0
1895,ITA,0.15880000591278076,0.200765460729599,0.029999999329447746,0.0229633,5.53,12.481422335812002,32689,0
1896,ITA,-0.019600000232458115,0.04389999806880951,0.03999999910593033,0.0228603,5.66,12.714839544603544,32863,0
1897,ITA,0.018400000408291817,0.0866222009062767,0.029999999329447746,0.0228088,5.53,12.76779722045603,33078,0
1898,ITA,0.19580000638961792,0.06649777293205261,0.03500000014901161,0.0229633,5.71,13.036861284795235,33285,0
1899,ITA,0.22629998624324799,0.05336007475852966,0.05000000074505806,0.0226029,5.57,13.532216092629996,33487,0
1900,ITA,0.0478999987244606,0.03335290402173996,0.04500000178813934,0.0227058,5.51,13.871326505785996,33672,0
1901,ITA,0.039799999445676804,0.05570000037550926,0.03999999910593033,0.0227316,5.39,14.17972450343026,33877,0
1902,ITA,-0.01640000008046627,0.06316164880990982,0.04500000178813934,0.0225771,5.23,14.256638972602351,34166,0
1903,ITA,0.16520000994205475,0.031885549426078796,0.03999999910593033,0.0232465,5.17,14.873672777064105,34436,0
1904,ITA,0.113599993288517,0.04222378134727478,0.03375000134110451,0.0235296,5.17,15.026552091841952,34715,0
1905,ITA,0.13490000367164612,0.060223549604415894,0.05000000074505806,0.0235554,5.16,15.766748246197736,35011,0
1906,ITA,0.05570000037550926,0.05986062064766884,0.05000000074505806,0.023993,5.18,17.29243045441208,35297,0
1907,ITA,0.05909999832510948,0.05676800385117531,0.054999999701976776,0.0251257,5.17,18.582324796361448,35594,1
1908,ITA,-0.03350000083446503,0.04815271496772766,0.03750000149011612,0.0248683,5.16,18.483123042817613,35899,0
1909,ITA,-0.0018000000854954123,0.045019812881946564,0.042500000447034836,0.0241732,5.19,19.224894543875372,36213,0
1910,ITA,0.03790000081062317,0.03660000115633011,0.05000000074505806,0.0248426,5.21,20.088018919689112,36572,0
1911,ITA,0.0005999999702908099,0.023175980895757675,0.054999999701976776,0.0254604,5.22,22.31343740954676,36917,0
1912,ITA,-0.00139999995008111,0.05633076652884483,0.057500001043081284,0.0256921,5.23,23.48405726117389,37150,0
1913,ITA,-0.04877600818872452,0.04191797599196434,0.05375000089406967,0.0257436,5.264,24.53926088897482,37248,0
1914,ITA,-0.16070590913295746,0.012099998071789742,0.042500000447034836,0.0257436,5.195,23.196709225959772,37526,0
1915,ITA,0.21826882660388947,-0.10234426707029343,,0.0275456,6.05,25.790424537370313,37982,0
1916,ITA,0.16123229265213013,0.051333338022232056,,0.0344707,6.55,36.74915659048461,38142,0
1917,ITA,0.21630734205245972,-0.11324415355920792,,0.0487583,7.509,52.525718524807814,37981,0
1918,ITA,0.2091558426618576,0.00015035152318887413,,0.0679888,7.862,72.2002615084469,37520,0
1919,ITA,0.015670262277126312,0.08412783592939377,,0.0690185,8.796,78.23303796430748,37250,0
1920,ITA,-0.18142379820346832,-0.11411428451538086,,0.0906946,20.121,110.37617326345618,37398,0
1921,ITA,-0.11719822883605957,0.025841092690825462,,0.1072992,23.29,111.30156562325205,37691,1
1922,ITA,0.2778649926185608,0.10317637771368027,0.057999998331069946,0.1066556,21.027,118.60479300886092,38086,0
1923,ITA,0.37691745162010193,0.04802478849887848,0.05380000174045563,0.1060378,21.732,128.31350661235365,38460,0
1924,ITA,0.7760998606681824,0.28963640332221985,0.05350000038743019,0.1097706,22.946,130.4788227239843,38810,0
1925,ITA,-0.05036471039056778,0.011451976373791695,0.07150000333786011,0.1233118,25.141,161.66083949465832,39165,0
1926,ITA,-0.3903886675834656,-0.005723529029637575,0.0843999981880188,0.1330171,25.711,173.30666253837225,39502,0
1927,ITA,0.32327574491500854,-0.04516250267624855,0.07720000296831131,0.1216127,19.395,152.21340004753307,39848,0
1928,ITA,0.23578710854053497,0.11149564385414124,0.05460000038146973,0.1127054,19.022,153.8327755334103,40186,0
1929,ITA,-0.11079128086566925,0.011807126924395561,0.06689999997615814,0.1145075,19.108,157.01938780876014,40469,0
1930,ITA,-0.14342430233955383,0.07335296273231506,0.05999999865889549,0.1108776,19.093,138.12654118449584,40791,1
1931,ITA,-0.2731724679470062,0.07599309831857681,0.05999999865889549,0.1001683,19.207,123.07884779172421,41132,0
1932,ITA,-0.015621870756149292,0.0699034035205841,0.058800000697374344,0.0975424,19.511,115.52682686147571,41431,0
1933,ITA,0.35110485553741455,0.13847166299819946,0.03880000114440918,0.0917759,14.904,105.67050246486214,41753,0
1934,ITA,0.18434560298919678,0.4242621660232544,0.03750000149011612,0.087039,11.68,105.80970018873273,42093,0
1935,ITA,0.11863307654857635,-0.12231557071208954,0.04500000178813934,0.0882747,12.125,117.23911373692815,42429,1
1936,ITA,0.35734307765960693,-0.014895486645400524,0.05000000074505806,0.0949423,13.714,121.52558144450232,42750,0
1937,ITA,0.12190339714288712,0.039642106741666794,0.05040000006556511,0.1039268,19.009,152.9930691175999,43068,0
1938,ITA,-0.01621580682694912,0.05498148128390312,0.05249999836087227,0.1119073,19.01,166.707712531102,43419,0
1939,ITA,0.4163191616535187,0.0024000024423003197,0.05260000005364418,0.1168501,19.246,184.09704052495172,43865,0
1940,ITA,0.1802414059638977,0.07215236872434616,0.05260000005364418,0.1363637,19.839,218.10809468667946,44341,0
1941,ITA,0.2895455062389374,0.06490737199783325,0.05260000005364418,0.1577824,19.7227,260.4187432102259,44734,0
1942,ITA,0.1954246461391449,0.04580133780837059,0.04919999837875366,0.1823675,225.53,324.43474171877233,45004,0
1943,ITA,1.0191632509231567,-0.25339365005493164,0.0502999983727932,0.3058337,269.179,442.357223255136,45177,0
1944,ITA,1.5152757167816162,0.32956045866012573,0.050999999046325684,1.359107,574.713,865.6096677450807,45290,0
1945,ITA,-0.46599438786506653,0.17351789772510529,0.0471000000834465,2.676817,588.582,1605.1491302224053,45442,0
1946,ITA,1.6019675731658936,0.07696724683046341,0.0471000000834465,3.159149,675,3600.9299939609255,45725,0
1947,ITA,-0.26268690824508667,-0.03162875771522522,0.04859999939799309,5.119755,585,6964.052546103058,46040,0
1948,ITA,0.2750566601753235,0.0973188653588295,0.05260000005364418,5.4208,660,8198.713057345309,46381,0
1949,ITA,0.10102730989456177,0.15809039771556854,0.04859999939799309,5.45856,665,8663.6599615985,46733,0
1950,ITA,0.09795109927654266,0.03075833059847355,0.0471000000834465,5.4208,700,9800.96603746993,47105,0
1951,ITA,0.13667988777160645,0.01124117337167263,0.0471000000834465,6.1952,690,11639.054,47418,0
1952,ITA,0.418801486492157,0.08589135855436325,0.04360000044107437,6.3104,634,12579.511084269057,47666,0
1953,ITA,0.0817960798740387,0.029031870886683464,0.04170000180602074,6.4,629,13962.142499422022,47957,0
1954,ITA,0.34935715794563293,0.05572429299354553,0.04170000180602074,6.6,638.5,14924.436105518029,48299,0
1955,ITA,0.07480223476886749,0.03966581076383591,0.04170000180602074,6.8,635.5,16473.194005514917,48633,0
1956,ITA,0.04602910578250885,0.029112018644809723,0.04170000180602074,7,624.969999998,17984.701146447474,48921,0
1957,ITA,0.03657224401831627,0.06640532612800598,0.04170000180602074,7.1,624.89,19356.811764539172,49182,0
1958,ITA,0.292067289352417,0.12639211118221283,0.038600001484155655,7.3,624,20861.278258970546,49476,0
1959,ITA,0.6040031909942627,0.0766841247677803,0.03629999980330467,7.3,620.600000001,22201.309014342347,49832,0
1960,ITA,0.23027563095092773,0.06093873456120491,0.03629999980330467,7.4,620.600000001,24169.43382162082,50197.6,0
1961,ITA,0.05375538766384125,0.05962608754634857,0.03629999980330467,7.6,620.600000001,27164.306625051893,50523.2,0
1962,ITA,-0.13782739639282227,0.06267280876636505,0.034699998795986176,7.9,620.600000001,30524.84732917836,50843.2,0
1963,ITA,-0.11273371428251266,-0.009039239957928658,0.03590000048279762,8.5,622.380000002,35115.05650117723,51198.3,0
1964,ITA,-0.22266444563865662,0.05480778589844704,0.03629999980330467,9,624.799999997,38648.88069953199,51600.2,0
1965,ITA,0.25352564454078674,0.06925103813409805,0.03629999980330467,9.4,624.700000002,41693.465413846214,51987.1,0
1966,ITA,0.009048501029610634,0.033573511987924576,0.03579999879002571,9.7,624.450000002,45504.99150027524,52331.6,0
1967,ITA,0.04692518711090088,0.04986898973584175,0.03579999879002571,10,623.859999999,50517.38007849978,52667.1,0
1968,ITA,0.05510016530752182,0.048333555459976196,0.035599999129772186,10.2,623.5,54830.94472273256,52986.6,0
1969,ITA,0.18874378502368927,0.007867126725614071,0.05000000074505806,10.4,625.5,60626.6087744376,53317,0
1970,ITA,-0.16629339754581451,0.028087154030799866,0.0737999975681305,10.9,623,68512.27170149457,53661.1,0
1971,ITA,-0.13208214938640594,0.11630895733833313,0.05758333206176758,11.5,594,74778.44322312981,54005.5,0
1972,ITA,0.13676495850086212,0.05711907893419266,0.051750000566244125,12.1,582.5,81918.60148971646,54365.56,0
1973,ITA,0.19722919166088104,0.04161802679300308,0.06925000250339508,13.4,607.920000001,98905.49474001107,54796.84,0
1974,ITA,-0.27806997299194336,-0.09743837267160416,0.14569999277591705,16,649.429999999,125409.75724511086,55226.26,0
1975,ITA,-0.019697628915309906,0.11637929826974869,0.10634999722242355,18.7,683.549999997,143729.3517596261,55571.89,0
1976,ITA,-0.07536392658948898,-0.006462664809077978,0.15676666796207428,21.8,875,180723.0273723342,55838.54,0
1977,ITA,-0.2516883909702301,0.0632086917757988,0.14034999907016754,25.6,871.549999997,219627.79621389235,56059.25,0
1978,ITA,0.316068172454834,0.1428711861371994,0.11989166587591171,28.7,829.75,258422.95866782407,56240.14,0
1979,ITA,0.09937705844640732,0.08992024511098862,0.12511666119098663,32.9,804,316127.9130117504,56367.71,0
1980,ITA,0.8384684920310974,0.0803605243563652,0.15915000438690186,39.9,930.5,395033.26016013796,56451.25,0
1981,ITA,0.08284942060709,0.029185419902205467,0.19702500104904175,47,1200,473408.7880349526,56502.49,0
1982,ITA,-0.08782131224870682,0.11914767324924469,0.19437666237354279,54.7,1370,558825.8888527186,56535.64,0
1983,ITA,0.3255695104598999,0.17824819684028625,0.17894808948040009,62.7,1659.5,650878.2021366771,56630.13,0
1984,ITA,0.2012701779603958,0.2706901431083679,0.1536725014448166,69.5,1935.879999995,744182.0679631078,56696.96,0
1985,ITA,0.9993825554847717,0.1500656008720398,0.13711674511432648,75.9,1678.5,835268.165863375,56731.21,0
1986,ITA,0.7331879734992981,0.1786288321018219,0.11404166370630264,80.3,1358.13,923643.4499599676,56733.83,0
1987,ITA,-0.28499266505241394,0.11740931868553162,0.1072937473654747,84.1,1169.25,1010382.1750255509,56729.7,0
1988,ITA,0.2798401415348053,0.09217756241559982,0.11186400055885315,88.4,1305.77,1122818.4962247175,56734.03,0
1989,ITA,0.12505295872688293,0.10965000092983246,0.1257963329553604,93.9,1270.5,1232723.3613073626,56737.53,0
1990,ITA,-0.2800699472427368,0.14646059274673462,0.12378616631031036,100,1130.15,1364058.494816061,56742.89,1
1991,ITA,0.04991228133440018,0.1626669317483902,0.12536565959453583,106.3,1151.06,1489815.1391165652,56747.46,0
1992,ITA,-0.018592800945043564,0.09093836694955826,0.14317916333675385,111.7,1470.86,1567605.2542483695,56840.85,0
1993,ITA,0.5139912962913513,0.4020310938358307,0.10580574721097946,116.7,1703.97,1614633.5130203033,57026.75,0
1994,ITA,0.09470987319946289,-0.10907217860221863,0.09165050089359283,121.4,1629.74,1707792.9688603445,57179.46,0
1995,ITA,-0.00281835300847888,0.214763343334198,0.10849591344594955,127.7667,1584.72,1843635.346941426,57274.53,0
1996,ITA,0.07913046330213547,0.31477782130241394,0.08462508022785187,132.825,1530.5699,1954001.6050857382,57367.03,0
1997,ITA,0.597172200679779,0.19460085034370422,0.06333349645137787,135.28012541610696,1759.1899,2041479.9810935515,57479.47,0
1998,ITA,0.4518551528453827,0.17690575122833252,0.04592150077223778,138.02808174677332,1653.1,2126180.856650374,57550.32,0
1999,ITA,0.2305457890033722,-0.06736255437135696,0.030064333230257034,140.30673290311276,1927.4039418674101,2275406.722365,57603.63,0
2000,ITA,0.08858243376016617,0.07741548120975494,0.045278917998075485,143.92736414471761,2080.891993551854,2403904.182883,57719.34,0
2001,ITA,-0.22175303101539612,0.06520403921604156,0.04051608219742775,147.27261796998187,2197.0611596505164,2525160.961736,57844.92,0
2002,ITA,-0.18565772473812103,0.11665387451648712,0.03264300152659416,151.1182054108509,1846.352627062077,2614465.800303,57927,0
2003,ITA,0.17215919494628906,0.04747196286916733,0.021879833191633224,155.36910186591135,1533.0720506730008,2700502.602364,57998.35,0
2004,ITA,0.2637886106967926,0.10491939634084702,0.020795000717043877,158.87531573030427,1421.5329270978636,2812081.71013,58057.48,0
2005,ITA,0.2089715600013733,0.06488417088985443,0.021724000573158264,162.3815295946972,1641.3240654403662,2892081.222331,58103.03,0
2006,ITA,0.22232277691364288,-0.007144015282392502,0.0318271666765213,166.00216083630204,1470.2126044039483,3006420.870236,58133.51,0
2007,ITA,-0.04195459187030792,0.018521400168538094,0.04035716503858566,169.3629288822052,1315.311459819305,3126765.859546,58147.73,0
2008,ITA,-0.468401163816452,0.07478711009025574,0.03757699951529503,175.2777255007884,1391.2984120140827,3171028.217238,58145.32,1
2009,ITA,0.2256501317024231,0.09448951482772827,0.009549999609589577,176.61970558605384,1344.0719144800769,3053993.2814929998,58558.23632622623,0
2010,ITA,-0.07459145784378052,-0.007230008952319622,0.01133333332836628,179.48014001635227,1449.0869630294867,3119871.963838,58823.330578624445,0
2011,ITA,-0.21318712830543518,-0.06486330926418304,0.02785833366215229,184.74915720084095,1496.460313780045,3192436.392866,59077.58454560862,0
2012,ITA,0.13067872822284698,0.24545426666736603,0.018950000405311584,190.8733957980494,1467.5382749734729,3145197.0200489997,59232.30498288192,0
2013,ITA,0.2284296452999115,0.08849933743476868,0.008552500046789646,193.24901083338202,1404.0098615038794,3122721.959651,59401.80762753803,0
2014,ITA,0.03466249629855156,0.1959235817193985,0.0042409999296069145,193.70086250949018,1594.8192076435216,3151096.641112,59469.805781498915,0
2015,ITA,0.17594458162784576,0.046005044132471085,0.0004866666567977518,193.9122437656953,1778.5156608799487,3205214.22585,59419.5462763974,0
2016,ITA,-0.046300001442432404,0.016326265409588814,-0.0017000000000000001,193.81527988670211,1836.8940328242102,3283501.1072360002,59290.44833192094,0
2017,ITA,0.17990000545978546,0.03153122961521149,-0.0034000000000000002,196.38482268002105,1614.5001250729601,3362512.540856,59194.856724178826,0
2018,ITA,-0.1242000013589859,0.006926932372152805,0.0012,198.82443387548915,1691.065502183406,3429891.638824,59067.729740686744,0
2019,ITA,0.2816999852657318,0.24425256252288818,-0.0006,200.0849643024003,1723.5802029553136,3478768.127926,58948.48660113215,0
2020,ITA,-0.04179999977350235,0.1256023347377777,-0.002,199.7940726654208,1577.9235596120932,3208323.294589,58775.042034507285,0
1870,JPN,,,,0.0181121877842565,1.0695999999999999,,34437,0
1871,JPN,,,,0.01519062301838813,,,34648,1
1872,JPN,,,,0.011103459874427199,,,34859,0
1873,JPN,,,,0.011269973928440423,0.9539,,35070,0
1874,JPN,,,,0.013097844112267396,0.9823999999999999,,35235,0
1875,JPN,,,,0.01445644741660256,1.003,0.0005616778846153846,35436,0
1876,JPN,,,0.06599999964237213,0.012098759788188057,1.044,0.0005512764423076924,35713,0
1877,JPN,,,0.05999999865889549,0.012484769640673257,1.0308,0.0005294334134615385,36018,0
1878,JPN,,,0.0575999990105629,0.0139758273061553,1.0801,0.0006168055288461538,36315,0
1879,JPN,,,0.04800000041723251,0.018630651997888582,1.1215000000000002,0.0007915497596153846,36557,0
1880,JPN,,,0.06400000303983688,0.021344074196240424,1.0971,0.0007624257211538462,36807,0
1881,JPN,,0.30596640706062317,0.057999998331069946,0.023512541308730806,1.1299435028248588,0.0008258745192307694,37112,0
1882,JPN,,0.06588008254766464,0.06400000303983688,0.021881460461464913,1.1363636363636365,0.0007780278846153848,37414,0
1883,JPN,,0.3138205409049988,0.0560000017285347,0.018800950462220287,1.1396011396011396,0.0007385024038461539,37766,0
1884,JPN,,0.07788658887147903,0.05000000074505806,0.01818787599062615,1.1560693641618498,0.0007728271634615385,38138,0
1885,JPN,,0.09043934941291809,0.05400000140070915,0.018195444811263114,1.2232415902140672,0.0008654,38427,0
1886,JPN,0.9451611042022705,0.18288762867450714,0.04800000041723251,0.016045899750365144,1.3745704467353952,0.0008657000000000001,38622,0
1887,JPN,-0.050011612474918365,0.05892271175980568,0.03759999945759773,0.017063906126036896,1.36986301369863,0.0008738999999999999,38866,0
1888,JPN,0.07331641763448715,0.031312666833400726,0.036400001496076584,0.016772506531513756,1.3793103448275863,0.0008608,39251,0
1889,JPN,0.3047422766685486,0.07101444154977798,0.0384799987077713,0.01776023762463765,1.3605442176870748,0.0009381,39688,0
1890,JPN,-0.18456022441387177,0.03363262861967087,0.041600000113248825,0.018937189233685658,1.3377926421404682,0.0011733,40077,1
1891,JPN,0.03819898143410683,0.16563737392425537,0.04047999903559685,0.018142463066804365,1.3333333333333333,0.0010812,40380,0
1892,JPN,0.5672988891601562,0.06390640884637833,0.035999998450279236,0.016916314123616088,1.5267175572519083,0.0011485999999999998,40684,0
1893,JPN,0.07362118363380432,0.09018898010253906,0.03351999819278717,0.017120672280814132,1.8348623853211008,0.0011683,41001,0
1894,JPN,0.24448436498641968,-0.06503638625144958,0.041600000113248825,0.01766562736667559,1.7467248908296944,0.0013893,41350,0
1895,JPN,0.34495964646339417,0.057913511991500854,0.04368000105023384,0.019334552317126302,2.13903743315508,0.0015253,41775,0
1896,JPN,0.5441056489944458,0.03360004350543022,0.04487999901175499,0.021275954810507744,2.0151133501259446,0.0015871,42196,0
1897,JPN,-0.3439725637435913,0.02832316793501377,0.05000000074505806,0.02370554623497341,2.0779220779220777,0.00191,42643,0
1898,JPN,-0.2610924541950226,0.05676259472966194,0.0568000003695488,0.02571128370376905,2.061855670103093,0.0024318,43145,0
1899,JPN,0.3314482569694519,0.056013986468315125,0.04839999973773956,0.024261854551790314,2.030456852791878,0.0021952,43626,0
1900,JPN,-0.16178876161575317,0.012380175292491913,0.05920000001788139,0.027259107524028332,2.0408163265306123,0.0024928000000000003,44103,0
1901,JPN,-0.0845838338136673,0.003706093644723296,0.05920000001788139,0.0266649551040266,2.035623409669211,0.0025196,44662,1
1902,JPN,0.4164491891860962,0.10329514741897583,0.052000001072883606,0.02769809912097228,2.0253164556962022,0.0024564,45255,0
1903,JPN,0.16901464760303497,0.06505955755710602,0.04376000165939331,0.02908319329753682,2.0408163265306123,0.0028096999999999996,45841,0
1904,JPN,0.01382222305983305,-0.016033146530389786,0.04343999922275543,0.029756818334226675,2.056555269922879,0.0029406999999999997,46378,0
1905,JPN,0.466028094291687,0.11059436947107315,0.047040000557899475,0.030903494660726824,2.035623409669211,0.0030586999999999997,46829,0
1906,JPN,0.8607869744300842,0.06517153978347778,0.04408000037074089,0.03151278472200248,2.030456852791878,0.0035638,47227,0
1907,JPN,-0.12072458863258362,0.01024533435702324,0.04368000105023384,0.03480900610940061,2.030456852791878,0.0039905999999999995,47691,1
1908,JPN,-0.3409651517868042,0.06476780772209167,0.04960000142455101,0.033609348038441705,2.030456852791878,0.004033800000000001,48260,0
1909,JPN,0.3388136923313141,0.15564852952957153,0.041760001331567764,0.032303726478565296,2.0253164556962022,0.0039339,48869,0
1910,JPN,0.33671119809150696,0.09290012717247009,0.03432000055909157,0.03238698350557191,2.030456852791878,0.003964,49518,0
1911,JPN,-0.113685242831707,-0.03735111281275749,0.036079999059438705,0.03480143728876365,2.030456852791878,0.004594,50215,0
1912,JPN,0.09653174132108688,-0.009020470082759857,0.048239998519420624,0.03673148655118965,2.030456852791878,0.005085,50941,0
1913,JPN,0.0002897811646107584,0.03375234454870224,0.04879999905824661,0.03784410318482346,2.035623409669211,0.005293,51672,0
1914,JPN,-0.03165173903107643,0.008718928322196007,0.04896000027656555,0.034861987853859376,2.0408163265306123,0.004848,52396,0
1915,JPN,0.327100932598114,0.14100202918052673,0.03471999987959862,0.03262918576595479,2.0833333333333335,0.005114,53124,0
1916,JPN,0.9550908803939819,0.05272892490029335,0.03359999880194664,0.03525178211666306,1.97,0.006576,53815,0
1917,JPN,-0.06729060411453247,0.04521998018026352,0.04024000093340874,0.043244456709297774,1.95,0.00873,54437,0
1918,JPN,0.19255919754505157,0.021139051765203476,0.04391999915242195,0.058208015108576976,1.89,0.011582,54886,0
1919,JPN,0.3674312233924866,0.023707007989287376,0.04543999955058098,0.07744417275742274,1.95,0.015659,55253,0
1920,JPN,-0.030862323939800262,0.013158585876226425,0.052719999104738235,0.08100908727743313,1.99,0.015471,55818,1
1921,JPN,-0.1263897567987442,0.08325275778770447,0.04520000144839287,0.0742387772176682,2.07,0.015188,56490,0
1922,JPN,-0.03842872381210327,0.05954737216234207,0.05071999877691269,0.07311102294276046,2.09,0.015483,57209,0
1923,JPN,0.0799502581357956,0.06916419416666031,0.05104000121355057,0.07245253554734453,2.06,0.015727,57937,0
1924,JPN,0.07428982853889465,0.0652194395661354,0.05031999945640564,0.07309966971180502,2.43,0.016531,58686,0
1925,JPN,0.122518390417099,0.07795313000679016,0.05087999999523163,0.0739852217263299,2.44,0.017163,59522,0
1926,JPN,0.16275745630264282,0.06350142508745193,0.0509600006043911,0.07062844977383606,2.12,0.016657,60490,0
1927,JPN,-0.0653478354215622,0.10681214183568954,0.04495999962091446,0.06954610842275011,2.11,0.016145,61430,1
1928,JPN,0.10608211159706116,0.06799893081188202,0.04464000090956688,0.06690459002044942,2.15,0.016969,62361,0
1929,JPN,-0.10819262266159058,0.03901367262005806,0.03872000053524971,0.06537190384146407,2.17,0.017193,63244,0
1930,JPN,-0.2740750312805176,0.053371500223875046,0.03872000053524971,0.05873026373252755,2.02,0.014454,64203,0
1931,JPN,0.12479005753993988,0.0073433322831988335,0.03936000168323517,0.051959953672762633,2.05,0.012986,65205,0
1932,JPN,0.13486121594905853,0.18254396319389343,0.036079999059438705,0.052538968451490434,3.56,0.014259,66189,0
1933,JPN,0.33765870332717896,0.0975756049156189,0.03215999901294708,0.05414355842652694,3.9,0.016161,67182,0
1934,JPN,0.05998978763818741,0.0434214249253273,0.030959999188780785,0.05490800931086038,3.37,0.016978,68090,0
1935,JPN,0.0933295413851738,0.05984007194638252,0.030959999188780785,0.05626661261519555,3.48,0.018104,69238,0
1936,JPN,0.08184301108121872,0.02904479019343853,0.02751999907195568,0.05756844976475348,3.45,0.019902,70171,0
1937,JPN,0.17716388404369354,0.04702990874648094,0.02727999910712242,0.06206054481279204,3.47,0.023318,71278,0
1938,JPN,-0.023710934445261955,0.0535585843026638,0.02727999910712242,0.06801720665408324,3.52,0.027226,71879,0
1939,JPN,0.07508634775876999,0.04338591918349266,0.0272000003606081,0.07605529417053974,3.85,0.033817,72364,0
1940,JPN,0.09559104591608047,0.029784230515360832,0.026799999177455902,0.08842274709134006,4.27,0.039513,72967,0
1941,JPN,-0.17919501662254333,0.03830000013113022,0.026799999177455902,0.08966024926548377,4.27,0.04502933414559854,74005,0
1942,JPN,0.24850156903266907,0.03779999911785126,0.026799999177455902,0.09213146920345273,4.29,0.05454551203167834,75029,0
1943,JPN,0.23009781539440155,0.037700001150369644,0.026799999177455902,0.09769833678194027,4.29,0.06401354736521474,76005,0
1944,JPN,0.07221201062202454,0.03759999945759773,0.026399999856948853,0.1321780991936329,4.29,0.07472426233627778,77178,0
1945,JPN,0.038293447345495224,0.03759999945759773,0.026399999856948853,1.4217613281403143,6.9,,76224,0
1946,JPN,,0.03700000047683716,0.026399999856948853,2.711344557086996,180,0.4895869548387096,77199,0
1947,JPN,,0.03700000047683716,0.02800000086426735,6.109385504103888,238,1.3520449870967741,78119,0
1948,JPN,0.4750979244709015,0.04500000178813934,0.03359999880194664,10.748084823470123,310,2.6916953677419353,80155,0
1949,JPN,1.1306854486465454,0.0551999993622303,0.03519999980926514,14.175367909017927,595,3.485983064516129,81971,0
1950,JPN,-0.278197318315506,0.054999999701976776,0.03519999980926514,13.201987299821722,425,4.076792638709677,83805,0
1951,JPN,0.42148053646087646,0.054999999701976776,0.03999999910593033,15.574089747139322,435,5.623019793548386,85164,0
1952,JPN,0.8101934790611267,0.054999999701976776,0.03999999910593033,16.35115785547458,415,6.421439025806451,86459,0
1953,JPN,0.5697740912437439,0.054999999701976776,0.03999999910593033,17.42269471510126,435,7.246713238709677,87655,0
1954,JPN,-0.07893805205821991,0.06320000439882278,0.03999999910593033,18.543311592148346,424,8.053395541935483,88754,0
1955,JPN,0.21122434735298157,0.06320000439882278,0.03999999910593033,18.322457190372035,401,8.87866975483871,89815,0
1956,JPN,0.4645882844924927,0.06340000033378601,0.03999999910593033,18.40425721940603,402,10.025170851612902,90766,0
1957,JPN,0.1763453483581543,0.06320000439882278,0.11774200201034546,18.976830931771776,400,11.438155987096772,91563,0
1958,JPN,0.1252676546573639,0.06320000439882278,0.09688329696655273,18.895034687148097,391,11.896756425806451,92389,0
1959,JPN,0.5374970436096191,0.06320000439882278,0.08353330194950104,19.058630960805772,402,13.358287103225805,93297,0
1960,JPN,0.3631729781627655,0.06430000066757202,0.08399999886751175,19.794800946829188,380,16.0097,94092,0
1961,JPN,0.2045900523662567,0.06430000066757202,0.08290830254554749,20.858155911347314,373,19.3365,94943,0
1962,JPN,-0.020123757421970367,0.06430000066757202,0.08837500214576721,22.248699638770468,398.5,21.9427,95832,0
1963,JPN,0.10704467445611954,0.06430000066757202,0.07544170320034027,23.96643212909865,381,25.1132,96812,0
1964,JPN,-0.08891943842172623,0.06892000138759613,0.1002419963479042,24.866194604369415,380,29.5413,97826,0
1965,JPN,0.004955881740897894,0.07354000210762024,0.06967499852180481,26.502127065663604,386,32.866,98883,0
1966,JPN,0.25859126448631287,0.07102128118276596,0.058400001376867294,27.892670793086758,384,38.17,99790,0
1967,JPN,0.056218501180410385,0.06371820718050003,0.06390000134706497,28.9560295420152,386,44.7305,100825,0
1968,JPN,0.13842448592185974,0.06582039594650269,0.07880000025033951,30.510165758685716,373,52.9749,101961,0
1969,JPN,0.3406941294670105,0.06623998284339905,0.07699999958276749,32.1460982199799,376,62.2289,103172,0
1970,JPN,0.09357983618974686,0.06650999188423157,0.08284170180559158,34.6000006963315,380,73.3449,104345,0
1971,JPN,0.12732847034931183,0.06760000437498093,0.06414169818162918,36.7000002573399,314.799999998,80.7013,105697,0
1972,JPN,0.6118003726005554,0.0875796228647232,0.04722829908132553,38.39999900091568,301.999999999,92.3944,107188,0
1973,JPN,0.30897682905197144,-0.001894754939712584,0.07160750031471252,42.80000042385395,279.999999999,112.4981,108707,0
1974,JPN,-0.12447168678045273,0.05651911348104477,0.12539100646972656,53.30000201330628,300.949999999,134.2438,110162,0
1975,JPN,0.05088333785533905,0.07995752990245819,0.10671299695968628,59.600000696331485,305.149999999,148.3271,111573,0
1976,JPN,0.14641252160072327,0.08122211694717407,0.06977000087499619,65.20000078715734,292.799999998,166.5733,112775,0
1977,JPN,0.10224128514528275,0.21640902757644653,0.05679750069975853,70.40000006055055,239.999999999,185.622,113872,0
1978,JPN,0.13753899931907654,0.07360129058361053,0.04357000067830086,73.10000273991305,194.599999999,204.4041,114913,0
1979,JPN,0.10140237957239151,-0.05966472253203392,0.05857190117239952,75.70000237660966,239.699999999,221.5466,115890,0
1980,JPN,0.06383026391267776,0.06629834324121475,0.10929799824953079,81.80000254312371,202.999999999,242.8387,116807,0
1981,JPN,0.1754758507013321,0.13920196890830994,0.07434120029211044,85.79999936421905,219.899999999,261.0682,117648,0
1982,JPN,0.006099101155996323,0.1023116186261177,0.06935250014066696,88.10000122614892,234.999999999,274.0866,118455,0
1983,JPN,0.2230827361345291,0.1119571179151535,0.06392259895801544,89.70000071146912,232.199999999,285.0583,119270,0
1984,JPN,0.27473002672195435,0.1300048530101776,0.0609997995197773,91.70000101422195,251.1,302.9749,120035,0
1985,JPN,0.21526658535003662,0.11858998984098434,0.07314830273389816,93.50000280046362,200.5,325.4019,120754,0
1986,JPN,0.3169224262237549,0.06091896444559097,0.04961320012807846,94.1000021344074,159.1,340.5595,121492,0
1987,JPN,0.4751652777194977,0.0459652803838253,0.03668789938092232,94.20000139266297,123.5,354.1702,122091,0
1988,JPN,0.0966309905052185,0.0490647591650486,0.03834779933094978,94.89999998486233,125.85,380.7429,122613,0
1989,JPN,0.2069246917963028,-0.008510000072419643,0.05117100104689598,96.99999954587075,143.45,410.1222,123108,0
1990,JPN,-0.13175012171268463,-0.01740814372897148,0.07397899776697159,100,134.4,442.781,123537,0
1991,JPN,-0.15509459376335144,0.16107077896595,0.07525339722633362,103.30000201330628,125.2,469.4218,123946,0
1992,JPN,-0.2612000107765198,0.11533394455909729,0.046598099172115326,105.00000075688206,124.75,480.7828,124329,0
1993,JPN,0.12972959876060486,0.15003052353858948,0.030593499541282654,106.40000172569111,111.85,483.7118,124668,0
1994,JPN,0.0654173418879509,-0.06224455311894417,0.021957099437713623,107.10000031789048,99.74,510.9161,125014,0
1995,JPN,-0.1368192583322525,0.15774154663085938,0.012134600430727005,107.0000010596349,102.83,521.6137,125341,0
1996,JPN,0.16980524361133575,0.07175596803426743,0.004698200151324272,107.10000031789048,116,535.562,125645,0
1997,JPN,-0.1279274821281433,0.10779929161071777,0.004840400069952011,109.00000136238772,129.95,543.5453,125956,1
1998,JPN,-0.14892786741256714,0.024724364280700684,0.003714800113812089,109.69999995458708,115.6,536.4973,126246,0
1999,JPN,0.2051677256822586,0.04510399326682091,0.0005855999770574272,109.40000217982036,102.2,528.0698,126494,0
2000,JPN,0.12054871767759323,0.014768584631383419,0.0010837999871000648,108.60000054495511,114.9,535.4177,126729,0
2001,JPN,-0.21789491176605225,0.05541997775435448,0.0005796999903395772,107.79667639088315,131.8,531.6539,126972,0
2002,JPN,-0.16842016577720642,0.06775378435850143,0.00010940000356640667,106.80046676461929,119.9,524.4787,127187,0
2003,JPN,-0.04552192613482475,-0.027012040838599205,1.359999987471383e-05,106.52428983852634,107.1,523.9686,127358,0
2004,JPN,0.2529008090496063,0.017643442377448082,8.508330211043358e-06,106.51333043669726,104.12,529.4008,127480,0
2005,JPN,0.15390020608901978,0.019996384158730507,1.238329969055485e-05,106.21194688639743,117.97,532.5155,127537,0
2006,JPN,0.2716871201992035,0.004491496831178665,0.0012452700175344944,106.4793562910271,118.95,535.1702,127515,0
2007,JPN,0.02686212584376335,0.03880532830953598,0.00472651980817318,106.54620864218451,114,539.2816,127433,0
2008,JPN,-0.27346742153167725,0.054805245250463486,0.004614170175045729,108.02134412837941,90.75,527.8238,127288,0
2009,JPN,-0.24992184340953827,0.009677507914602757,0.001052499981597066,106.56374368511106,92.06,494.9384,127147.44610468941,0
2010,JPN,0.03775440528988838,0.0391831174492836,0.0009350000182166696,105.79439367670928,81.45,505.5306,127190.31005857847,0
2011,JPN,-0.04824220389127731,0.034295596182346344,0.000777499983087182,105.50616140860433,77.72,497.4489,127426.5602230367,0
2012,JPN,-0.043643102049827576,0.03614780306816101,0.0008258330053649843,105.44698063872727,86.55,500.4748,127148.44294082638,0
2013,JPN,0.7216812968254089,0.016943883150815964,0.000750000006519258,105.80864089908711,105.3,508.7006,126930.13582683333,0
2014,JPN,0.10385403782129288,0.053687285631895065,0.0006791666382923722,108.73041742672126,120.64,518.8111,126717.809729662,0
2015,JPN,0.11165733635425568,0.017814068123698235,0.0007283333106897771,109.59182641048737,120.5,538.0323,126576.25899821446,0
2016,JPN,0.005200000014156103,0.1626727283000946,-0.00058,109.4668892296358,116.8,544.3646,126558.31594774927,0
2017,JPN,0.21940000355243683,-0.0008904983988031745,-0.00062,109.99914857360977,112.9,553.073,126344.993014441,0
2018,JPN,-0.1517000049352646,0.03348882868885994,-0.00055,111.08710006286479,110.83,556.2937,126094.78714406541,0
2019,JPN,0.18479999899864197,0.046603456139564514,-0.00068,111.60708508234462,109.12,558.4912,125821.65404253986,0
2020,JPN,0.07829999923706055,0.004444560967385769,-0.00033,111.57695719494987,103.63,538.1554,125450.83099959277,0
1870,NLD,,0.017562780529260635,0.03750000149011612,6.861802,2.125267,931.4075585421684,3610,0
1871,NLD,,0.042435601353645325,0.02500000037252903,7.531862,2.1806296,972.091836153805,3636,0
1872,NLD,,0.0937749445438385,0.05000000074505806,8.402618,2.2078903,1093.8014976277377,3662,0
1873,NLD,,0.06298181414604187,0.04690000042319298,8.577742,2.1661241999999996,1181.0007249544224,3670,0
1874,NLD,,0.101692333817482,0.03500000014901161,8.558529,2.191491,1148.7040148651577,3745,0
1875,NLD,,0.08420655131340027,0.03189999982714653,7.622025,2.1230063,1115.881852630966,3788,0
1876,NLD,,0.042412564158439636,0.027499999850988388,7.456004,2.2255236,1118.8565883197846,3832,0
1877,NLD,,0.05770277604460716,0.027499999850988388,7.757039,2.383503,1152.1396789002802,3883,0
1878,NLD,,0.02897341176867485,0.03310000151395798,7.388066,2.472814,1094.9703266425,3834,0
1879,NLD,,0.05754128471016884,0.029999999329447746,7.003095,2.48642,1037.5085556204385,3986,0
1880,NLD,,0.05185486003756523,0.02500000037252903,7.132564,2.4941375999999997,1120.4649357961518,4043,0
1881,NLD,,0.054215043783187866,0.030700000002980232,7.268859,2.5046999999999997,1134.1663222596746,4079,0
1882,NLD,,0.05114086717367172,0.04259999841451645,7.254517,2.4843353,1190.919906650523,4130,0
1883,NLD,,0.013577977195382118,0.038100000470876694,6.723037,2.4935766,1170.2997768488808,4180,0
1884,NLD,,0.054099954664707184,0.02800000086426735,6.390245,2.4926,1158.2267596716783,4226,0
1885,NLD,,0.0510135255753994,0.02370000071823597,6.022478,2.4848012,1109.8255890164028,4276,0
1886,NLD,,0.12844549119472504,0.019200000911951065,5.768768,2.4825932999999996,1094.3514448544602,4326,0
1887,NLD,,0.030958786606788635,0.021299999207258224,5.929934,2.4901001999999997,1141.0273636605307,4378,0
1888,NLD,,0.06743460893630981,0.021299999207258224,5.933093,2.4855671,1178.3581562956065,4432,0
1889,NLD,,0.07734452188014984,0.021800000220537186,6.088611,2.481232,1237.2104444629576,4485,0
1890,NLD,,0.05091746896505356,0.02590000070631504,6.198106,2.4854731,1240.9433862744522,4535,0
1891,NLD,,0.005663428921252489,0.027499999850988388,6.316848,2.4821819,1259.5451382933043,4585,0
1892,NLD,,0.04447954520583153,0.019999999552965164,5.809324,2.4792263999999995,1209.1350045709999,4632,0
1893,NLD,,0.07463332265615463,0.02879999950528145,5.71468,2.483648,1186.069700626395,4684,0
1894,NLD,,0.10913662612438202,0.017500000074505806,5.673238,2.47435,1229.47068990979,4743,0
1895,NLD,,0.07685663551092148,0.015399999916553497,5.380884,2.4768876,1209.422499942431,4803,0
1896,NLD,,-0.006346721202135086,0.024399999529123306,5.437947,2.4851565,1279.5745680760401,4866,0
1897,NLD,,-0.0044020782224833965,0.02319999970495701,5.391495,2.48262,1288.1720276336246,4935,0
1898,NLD,,0.004162004217505455,0.024900000542402267,5.451661,2.4894221,1361.6516992243585,5003,0
1899,NLD,,-0.0011003335239365697,0.03240000084042549,5.460253,2.4891992,1393.823990249368,5070,0
1900,NLD,0.06770267337560654,-0.006991000380367041,0.03440000116825104,5.817804,2.485704,1466.615731233281,5142,0
1901,NLD,0.008843154646456242,0.06149692460894585,0.029999999329447746,5.716451,2.4796367999999998,1500.791889471905,5221,0
1902,NLD,0.024988284334540367,0.027941059321165085,0.024700000882148743,5.763882,2.4892625,1532.5947647258308,5305,0
1903,NLD,0.02581818401813507,0.003249569796025753,0.03189999982714653,5.912365,2.485704,1561.7602399106318,5389,0
1904,NLD,0.14784686267375946,0.03914450854063034,0.027699999511241913,6.134073,2.4783563999999996,1642.154056881661,5470,0
1905,NLD,0.12083153426647186,0.0037340617273002863,0.023900000378489494,5.952556,2.4848816,1710.9686442513873,5551,0
1906,NLD,0.08097179234027863,0.01877283863723278,0.037700001150369644,6.321865,2.4962832,1822.9273188677166,5632,0
1907,NLD,-0.03362658619880676,0.0025945717934519053,0.04859999939799309,6.460879,2.4875046000000003,1811.6056625000265,5710,0
1908,NLD,0.11794853955507278,0.03700454533100128,0.03009999915957451,6.32345,2.4822345,1778.1688901779917,5786,0
1909,NLD,0.13124535977840424,0.031684760004282,0.02070000022649765,6.337075,2.4806628,1880.3282381828283,5862,0
1910,NLD,-0.01444324105978012,0.024310577660799026,0.036400001496076584,6.51565,2.48262,2000.4905895384513,5922,0
1911,NLD,0.15398892760276794,-0.050078440457582474,0.031700000166893005,6.698619,2.4852673999999997,2201.942947394982,5984,0
1912,NLD,0.04107831418514252,-0.004241136834025383,0.03909999877214432,6.770419,2.482029,2309.96605896208,6068,0
1913,NLD,0.010376780293881893,0.024145744740962982,0.04879999905824661,7.037938,2.4925,2414.3895450757727,6164,0
1914,NLD,0.005688557401299477,0.028237110003829002,0.029999999329447746,7.037938,2.4622,,6277,0
1915,NLD,0.06257780641317368,-0.059014588594436646,0.02759999968111515,8.093629,2.4696,,6395,0
1916,NLD,0.21933425962924957,0.1038646325469017,0.018400000408291817,9.008561,2.3915,,6516,0
1917,NLD,0.15254339575767517,-0.028616011142730713,0.026799999177455902,9.571596,2.3825,,6654,0
1918,NLD,-0.03686181828379631,-0.022243216633796692,0.029899999499320984,11.40146,2.1256,,6752,0
1919,NLD,0.16226699948310852,-0.05345171317458153,0.03869999945163727,12.38677,2.5545,,6805,0
1920,NLD,-0.24908199906349182,-0.022281236946582794,0.0364999994635582,13.6536,2.9054,,6848,0
1921,NLD,-0.15922383964061737,0.10385835915803909,0.039900001138448715,11.89412,2.972,5792,6921,1
1922,NLD,-0.22420945763587952,0.12488560378551483,0.03550000116229057,10.48653,2.5976,5523,7032,0
1923,NLD,0.06275292485952377,0.02584945410490036,0.026200000196695328,10.13463,2.5575,5323,7150,0
1924,NLD,0.0184926874935627,0.08792297542095184,0.04190000146627426,10.20501,2.6171,5598,7264,0
1925,NLD,0.1488078087568283,0.13927191495895386,0.03099999949336052,10.13463,2.49,5733,7366,0
1926,NLD,0.13335184752941132,0.05402461439371109,0.0284000001847744,9.712355,2.4939,5849,7471,0
1927,NLD,0.1511128544807434,0.032375022768974304,0.03669999912381172,9.712355,2.4934,6032,7576,0
1928,NLD,0.08459398150444031,0.06670661270618439,0.04230000078678131,9.782734,2.4861,6308,7679,0
1929,NLD,0.050753623247146606,0.011618012562394142,0.04820000007748604,9.712355,2.4899,6489,7782,0
1930,NLD,-0.20957300066947937,0.10260695219039917,0.020800000056624413,9.360457,2.486,6248,7884,0
1931,NLD,-0.24899999797344208,-0.09810959547758102,0.014700000174343586,8.797422,2.4857,5774,7999,0
1932,NLD,-0.3043571412563324,0.23947642743587494,0.008100000210106373,8.164008,2.4817,5233,8123,0
1933,NLD,0.17043477296829224,0.0028801264706999063,0.010999999940395355,8.093629,1.9335,5044,8237,0
1934,NLD,0.10269230604171753,0.12409166991710663,0.008899999782443047,8.093629,1.4841,4959,8341,0
1935,NLD,0.05199999734759331,-0.019990919157862663,0.03180000185966492,7.812111,1.4768,4886,8434,0
1936,NLD,0.23799999058246613,0.11624212563037872,0.01640000008046627,7.460215,1.5509,4955,8516,0
1937,NLD,0.6067575812339783,0.033293209969997406,0.0019000000320374966,7.882491,1.8167,5409,8599,0
1938,NLD,-0.04592307657003403,0.03386714309453964,0.001500000013038516,8.02325,1.8179,5506,8685,0
1939,NLD,-0.027499999850988388,-0.18498408794403076,0.010999999940395355,8.093629,1.8749,6061,8782,0
1940,NLD,1.3007243871688843,0.10837271809577942,0.019600000232458115,9.290078,1.8823,,8879,0
1941,NLD,-0.2770136594772339,0.12655310332775116,0.019999999552965164,10.62729,1.88,,8966,0
1942,NLD,0.107944056391716,0.07886311411857605,0.017500000074505806,11.40146,1.8791946308724834,,9042,0
1943,NLD,0.2109404057264328,0.06776490062475204,0.011699999682605267,11.75336,1.8791946308724834,,9103,0
1944,NLD,0.06342857331037521,0.01251564733684063,0.009700000286102295,12.10525,1.8791946308724834,,9175,0
1945,NLD,-0.0835932195186615,0.10435054451227188,0.017100000753998756,13.93512,2.65,4200,9262,0
1946,NLD,-0.1048627495765686,0.02176697552204132,0.012000000104308128,15.20195,6.5,9300,9424,0
1947,NLD,0.2147907018661499,0.0281110480427742,0.013500000350177288,15.76498,5.85,12100,9630,0
1948,NLD,0.13199999928474426,0.02611243911087513,0.013000000268220901,16.32802,5.1,14200,9800,0
1949,NLD,-0.028246913105249405,0.03558775410056114,0.01269999984651804,17.31333,4.15,16800,9956,0
1950,NLD,0.025154361501336098,0.007388468831777573,0.028218740597367287,18.87153,4.11,19400,10113.53,0
1951,NLD,0.03892810270190239,-0.07683178037405014,0.029117299243807793,21.12226,4.23,21500,10264.31,0
1952,NLD,-0.04733774811029434,0.11061902344226837,0.029804479330778122,21.12226,3.94,22400,10381.99,0
1953,NLD,0.22624242305755615,0.08535558730363846,0.030113309621810913,21.12226,3.82,23800,10493.18,0
1954,NLD,0.7294193506240845,0.050397977232933044,0.029743710532784462,21.96715,3.76,26600,10615.38,0
1955,NLD,0.22892306745052338,-0.0061354548670351505,0.029681449756026268,22.3896,3.83,29700,10750.84,0
1956,NLD,0.11082352697849274,-0.07411324977874756,0.030939320102334023,22.81204,3.829999999,32299.999999999996,10889.35,0
1957,NLD,-0.07762962579727173,-0.1103704646229744,0.03480437025427818,24.20259,3.790999999,35100,11026.38,0
1958,NLD,0.4030638039112091,0.054349418729543686,0.03703587129712105,24.73065,3.774999999,35400,11186.88,0
1959,NLD,0.32759055495262146,0.01659231074154377,0.037385229021310806,24.99467,3.769999999,37800,11347.64,0
1960,NLD,0.07463374733924866,0.07465800642967224,0.037385229021310806,25.57554,3.769999999,42400,11486,0
1961,NLD,0.05401207506656647,0.05962354689836502,0.037385229021310806,25.90997,3.599999999,44700,11638.71,0
1962,NLD,-0.05241766944527626,0.01262657716870308,0.037385229021310806,26.50229,3.599999999,48100,11805.69,0
1963,NLD,0.13271749019622803,-0.033540476113557816,0.037385229021310806,27.38831,3.599999999,52200,11965.97,0
1964,NLD,0.17242947220802307,0.000939985562581569,0.04026101157069206,28.97433,3.591999999,61500,12127.12,0
1965,NLD,-0.0708138719201088,-0.052885670214891434,0.047325000166893005,30.65336,3.610999999,68700,12292,0
1966,NLD,-0.14301848411560059,0.007319710683077574,0.06424999982118607,32.4303,3.613999999,74900,12454.8,0
1967,NLD,0.3305763304233551,0.037672009319067,0.056716665625572205,33.56108,3.595999999,82300,12596.82,0
1968,NLD,0.3461647033691406,-0.014909213408827782,0.051908332854509354,34.79465,3.605999999,91200,12724.68,0
1969,NLD,-0.030795181170105934,-0.02966146729886532,0.0775500014424324,37.37928,3.623999999,114268.97463,12873,0
1970,NLD,-0.044182926416397095,0.13090357184410095,0.07954999804496765,38.75482,3.596999999,128114.88456,13032.33,0
1971,NLD,-0.05352688208222389,0.0712258592247963,0.048500001430511475,41.65274,3.258099999,144647.11698,13193.78,0
1972,NLD,0.3085682690143585,0.016836795955896378,0.01926666684448719,44.89822,3.226499999,162041.00001,13329.87,0
1973,NLD,-0.1372591108083725,-0.08628728985786438,0.06435833126306534,48.49615,2.824499999,185479.65957,13438.4,0
1974,NLD,-0.19212745130062103,0.16156280040740967,0.09204166382551193,53.15632,2.506499999,210443.28645,13540.58,0
1975,NLD,0.47473058104515076,0.12143894284963608,0.04167500138282776,58.58503,2.688499999,232312.90449,13653.44,0
1976,NLD,0.05432892218232155,0.10412230342626572,0.07280833274126053,63.89136,2.456999999,264105.82866,13769.91,0
1977,NLD,0.0930171087384224,0.11160175502300262,0.037941668182611465,68.02776,2.279999999,288589.04676,13852.99,0
1978,NLD,0.05775785446166992,0.051091283559799194,0.06238333508372307,70.8033,1.968999999,311434.90833,13936.75,0
1979,NLD,0.11091044545173645,0.033699311316013336,0.09031666815280914,73.78444,1.905499999,330162.03591,14030,0
1980,NLD,0.18620124459266663,0.025301935151219368,0.10125000029802322,78.61105,2.129499999,384723.69180000003,14143.9,0
1981,NLD,-0.005940594244748354,0.05031965672969818,0.11011666804552078,83.91608,2.468499999,403413.35631000006,14246.05,0
1982,NLD,0.24103586375713348,0.36074990034103394,0.08061666786670685,88.8353,2.624499999,419745.05112,14310.4,0
1983,NLD,0.6051364541053772,0.02593427337706089,0.052841667085886,91.34314,3.064499999,436085.56077000004,14362.38,0
1984,NLD,0.281000018119812,0.16299772262573242,0.0578249990940094,94.33325,3.5495,455987.26578,14420.02,0
1985,NLD,0.33099138736724854,0.09610182046890259,0.06304166465997696,96.43115,2.771999999,476528.04669,14491.38,0
1986,NLD,0.09501466900110245,0.07744600623846054,0.056816671043634415,96.52761,2.192,491909.94249,14571.88,0
1987,NLD,-0.17889662086963654,0.07333189994096756,0.05359166860580444,95.84438,1.7775,499446.6306900001,14665.28,0
1988,NLD,0.35225048661231995,0.06234928220510483,0.0481666699051857,96.55976,1.9995,521146.56305999996,14761.34,0
1989,NLD,0.2749638259410858,-0.02321000024676323,0.07388333231210709,97.60469,1.9155,551908.15095,14848.91,0
1990,NLD,-0.13129019737243652,-0.0006859201821498573,0.08682499825954437,100,1.69,583870.7607900001,14951.51,0
1991,NLD,0.1872822344303131,0.1239704117178917,0.09281667321920395,103.1333,1.7104,616840.4661000001,15066.22,0
1992,NLD,0.07923697680234909,0.17519345879554749,0.0935249999165535,106.4167,1.8141,642238.2238500001,15174.24,0
1993,NLD,0.47246772050857544,0.18929064273834229,0.06854166835546494,109.1667,1.9409,660694.2951,15274.94,0
1994,NLD,0.0228531863540411,-0.08344201743602753,0.05176667124032974,112.225,1.7351,694690.9292700001,15382.2,0
1995,NLD,0.1981493979692459,0.21404531598091125,0.04372499883174896,114.3833,1.6044,726226.0193700001,15459.05,0
1996,NLD,0.4032770097255707,0.08544904738664627,0.029975000768899918,116.7583,1.7436,759453.5587500001,15527.81,0
1997,NLD,0.4489929974079132,0.08732344955205917,0.0333416685461998,118.92444872588332,2.0172,813270.36066,15604.46,0
1998,NLD,0.2228810042142868,0.16239365935325623,0.03454999998211861,121.04649418874945,1.8888,868911.83445,15699.26,0
1999,NLD,0.30649200081825256,-0.0741998553276062,0.029634999111294746,123.51118807967228,2.193619350985467,924365.99289,15801.95,0
2000,NLD,-0.02127999998629093,0.09303924441337585,0.04391767084598541,126.41182576272665,2.3683073616335304,996092.34597,15907.85,0
2001,NLD,-0.19217999279499054,0.048151370137929916,0.042617831379175186,132.87465007409344,2.5005219562010668,1061925.97851,16017.45,0
2002,NLD,-0.328249990940094,0.1222471073269844,0.0331859216094017,137.9923248634356,2.1013731286354536,1104360.61827,16122.83,0
2003,NLD,0.09192100167274475,0.046264663338661194,0.023334670811891556,141.06598303986522,1.7448218527315915,1130084.5250999997,16223.25,0
2004,NLD,0.09735053032636642,0.10227183252573013,0.02106332965195179,143.01670428870295,1.6178768078702004,1166392.8510599998,16318.2,0
2005,NLD,0.3031788468360901,0.06985080987215042,0.02184683084487915,145.14892742764997,1.8680257692633722,1213986.37593,16407.49,0
2006,NLD,0.2013731151819229,-0.007734417915344238,0.030792249366641045,147.547466424047,1.6732801822323462,1288169.8656600001,16491.46,0
2007,NLD,0.08164761960506439,0.012221183627843857,0.04277608171105385,149.88833192265227,1.4969839005502334,1364471.1207,16570.61,0
2008,NLD,-0.49461978673934937,0.12287068367004395,0.04634232819080353,153.20625432502325,1.5834662642810944,1426236.70458,16645.31,1
2009,NLD,0.4453493356704712,0.04506802558898926,0.012283580377697945,154.69558759152721,1.529716784673052,1376970.56382,16727.49653520268,0
2010,NLD,0.09255631268024445,0.06842563301324844,0.008109582588076591,156.1340324776267,1.6492366412213741,1408582.78377,16817.800259067353,0
2011,NLD,-0.09284577518701553,0.12897846102714539,0.013906000182032585,159.98967543293818,1.7031532575933226,1433202.63189,16899.986794270033,0
2012,NLD,0.1257728934288025,0.11316732317209244,0.005731834098696709,164.50008221612043,1.670236471123238,1438947.70386,16975.07078939347,0
2013,NLD,0.18546512722969055,-0.029589669778943062,0.0022066670935600996,168.70346243752908,1.5979334348488146,1455468.9177299999,17025.803218530928,0
2014,NLD,0.09625290334224701,0.1813245415687561,0.0020993330981582403,169.24457554916322,1.8150976031628363,1479923.4875999999,17075.520999085635,0
2015,NLD,0.08113215118646622,-0.0014926785370334983,-0.00019366669584996998,169.6160607261158,2.024166437034996,1520577.5296800002,17148.575697043572,0
2016,NLD,0.07750000059604645,0.09969667345285416,-0.002637,169.8026514542655,2.090608101698131,1560969.33027,17227.718286498006,0
2017,NLD,0.1632000058889389,0.0016875044675543904,-0.003291,172.0078146051256,1.8374968731760204,1626659.72166,17332.227090521174,0
2018,NLD,-0.09260000288486481,0.021764283999800682,-0.003221,174.75592265124388,1.9246375545851526,1705642.89177,17432.67730021334,0
2019,NLD,0.33379998803138733,0.0654316172003746,-0.003563,179.42092087767927,1.9616432259213097,1791737.43405,17535.156807071005,0
2020,NLD,0.16329999268054962,0.03807523101568222,-0.004252000000000001,181.42432557055935,1.7958683073914103,1763177.3524500001,17663.0025284974,0
1870,NOR,,0.03549620509147644,0.03999999910593033,2.5387738437292033,3.2100666666666666,542,1735,0
1871,NOR,,0.16785824298858643,0.03500000014901161,2.564182239398749,3.2762266666666666,562,1745,0
1872,NOR,,0.059397608041763306,0.029999999329447746,2.722436778324087,3.3188466666666665,640,1755,0
1873,NOR,,0.03100649267435074,0.0333000011742115,2.8348204364014866,3.2574199999999998,729,1767,0
1874,NOR,,0.06674458086490631,0.03999999910593033,2.981607255114828,3.36405,790,1783,0
1875,NOR,,0.03855685144662857,0.0471000000834465,2.924268654054925,3.2395808333333336,771,1803,0
1876,NOR,,0.019283507019281387,0.04919999837875366,2.8439946125710778,3.35608,799,1829,0
1877,NOR,,0.041450776159763336,0.0478999987244606,2.8669300529950394,3.5854,797,1852,0
1878,NOR,,0.0260416679084301,0.05000000074505806,2.7293174104512725,3.7300799999999996,706,1877,0
1879,NOR,,0.1375979781150818,0.04580000042915344,2.557301607271564,3.73272,662,1902,0
1880,NOR,,0.06310679763555527,0.03669999912381172,2.651336913009798,3.739968,720,1919,0
1881,NOR,0.0748971477150917,0.0379757322371006,0.03500000014901161,2.655924001094594,3.7674,739,1923,0
1882,NOR,0.020856287330389023,0.03780936822295189,0.03959999978542328,2.665098177264185,3.722089,760,1920,0
1883,NOR,0.07385364174842834,0.057747844606637955,0.03500000014901161,2.688033617688146,3.740468,750,1919,0
1884,NOR,0.0482194721698761,0.07270190119743347,0.03500000014901161,2.584824135780321,3.7553799999999997,721,1929,0
1885,NOR,0.04606567695736885,0.05266348272562027,0.03500000014901161,2.474734021745311,3.7412030000000005,679,1944,0
1886,NOR,0.005631010048091412,0.05051948502659798,0.03500000014901161,2.3761116279222816,3.729341,667,1958,0
1887,NOR,-0.008618170395493507,0.044257424771785736,0.030799999833106995,2.3233601149471745,3.736593,659,1970,0
1888,NOR,0.0784548968076706,0.04338452219963074,0.029999999329447746,2.34170846728634,3.732354,710,1977,0
1889,NOR,0.2034824788570404,0.05418900400400162,0.02539999969303608,2.3761116279222816,3.72801,770,1984,0
1890,NOR,0.1116640567779541,0.03646889701485634,0.029600000008940697,2.410514788558223,3.739626,780,1997,0
1891,NOR,0.0033503049053251743,0.002751281950622797,0.03880000114440918,2.525191990678029,3.731398,802,2013,0
1892,NOR,-0.03715863451361656,0.050385117530822754,0.043299999088048935,2.4862017419572915,3.718224,799,2026,0
1893,NOR,-0.024247007444500923,0.03148813173174858,0.03999999910593033,2.357763275583116,3.729584,809,2038,0
1894,NOR,0.04417264461517334,0.07716841250658035,0.033799998462200165,2.2935440423960283,3.7146,816,2057,0
1895,NOR,0.0631561130285263,0.03868473693728447,0.028300000354647636,2.2935440423960283,3.7134899999999997,832,2083,0
1896,NOR,0.11728785187005997,0.04345668852329254,0.029999999329447746,2.3394149232439503,3.7303010000000008,875,2112,0
1897,NOR,0.08386531472206116,0.03141774982213974,0.03629999980330467,2.2981311304808236,3.7316399999999996,919,2142,0
1898,NOR,0.040412865579128265,0.014922679401934147,0.03290000185370445,2.362350363667911,3.762912,998,2174,0
1899,NOR,-0.008733035065233707,-0.01121657807379961,0.05000000074505806,2.4884952859996807,3.7645359999999997,1065,2204,1
1900,NOR,0.0013829410308972,0.027005011215806007,0.05380000174045563,2.5939983119499117,3.7378080000000002,1115,2230,0
1901,NOR,0.017377113923430443,0.08770422637462616,0.046300001442432404,2.543540343017194,3.722328,1101,2255,0
1902,NOR,0.014985128305852413,0.06878428161144257,0.03579999879002571,2.566475783441155,3.732354,1088,2275,0
1903,NOR,-0.03758150711655617,0.018729155883193016,0.042100001126527786,2.6261079285434477,3.7398640000000003,1081,2288,0
1904,NOR,0.007477966137230396,0.012218638323247433,0.03750000149011612,2.614640208331467,3.723902,1081,2297,0
1905,NOR,0.10825368016958237,0.034275513142347336,0.0333000011742115,2.6926207057729243,3.7357520000000006,1105,2309,0
1906,NOR,0.16172580420970917,0.03870648890733719,0.03669999912381172,2.674272353433759,3.765447,1187,2319,0
1907,NOR,0.06240817531943321,-0.02424251101911068,0.03629999980330467,2.740785130663253,3.780546,1265,2329,0
1908,NOR,0.037951331585645676,0.0683213472366333,0.03790000081062317,2.733904498536068,3.7400999999999995,1299,2346,0
1909,NOR,0.07810041308403015,0.056047409772872925,0.03500000014901161,2.6582175451369996,3.736692,1316,2367,0
1910,NOR,0.08569956570863724,0.0051358602941036224,0.03500000014901161,2.7545463949176234,3.7378080000000002,1435,2384,0
1911,NOR,0.0939556285738945,0.01522624772042036,0.03629999980330467,2.811115857000527,3.745797,1530,2401,0
1912,NOR,0.009023708291351795,-0.011715211905539036,0.043800000101327896,2.9851797200549703,3.742155,1680,2423,0
1913,NOR,0.03615977615118027,0.027203302830457687,0.04500000178813934,3.098320795854983,3.7423879999999996,1857,2447,0
1914,NOR,0.021543974056839943,0.011808497831225395,0.03790000081062317,3.133132280261626,3.920124,1919,2472,0
1915,NOR,0.18114539980888367,-0.09621183574199677,0.04170000180602074,3.585696597343195,3.69,2594,2498,0
1916,NOR,0.3269088864326477,0.054292477667331696,0.04039999842643738,4.273245399217899,3.64,3871,2522,0
1917,NOR,0.22470133006572723,0.025614140555262566,0.04540000110864639,5.3089197755672695,3.06,4489,2551,0
1918,NOR,-0.052890270948410034,0.03087826818227768,0.05000000074505806,7.458595981906627,3.57,5048,2578,0
1919,NOR,-0.11855985969305038,-0.03607730567455292,0.04670000076293945,7.976434245898413,4.88,6195,2603,0
1920,NOR,-0.19659313559532166,-0.07522138208150864,0.055799998342990875,9.294960235930711,6.81,7500,2635,0
1921,NOR,-0.26902467012405396,0.08229251950979233,0.054999999701976776,8.587321415204348,6.6,5448,2668,0
1922,NOR,0.05757308006286621,0.12024885416030884,0.03959999978542328,7.155142558951256,5.3,4980,2695,1
1923,NOR,0.12086549401283264,0.004473061766475439,0.043299999088048935,6.763583001402898,6.71,4997,2713,0
1924,NOR,0.20681867003440857,0.03838120773434639,0.05130000039935112,7.3993695372186945,6.65,5576,2729,0
1925,NOR,-0.03715341538190842,0.09072430431842804,0.03999999910593033,7.5356411120490785,4.93,5633,2747,0
1926,NOR,-0.04403366893529892,0.09469062834978104,0.03830000013113022,6.380872247414962,3.965,4646,2763,0
1927,NOR,0.026901686564087868,0.0148223377764225,0.030799999833106995,5.771189682102398,3.758,4218,2775,0
1928,NOR,0.10436251759529114,0.08460476994514465,0.03999999910593033,5.378745244198026,3.75,4221,2785,0
1929,NOR,0.08305645734071732,0.05670691654086113,0.03920000046491623,5.140712428422862,3.73,4345,2795,0
1930,NOR,-0.05877809599041939,0.09857284277677536,0.032499998807907104,4.9978042509221705,3.74,4377,2807,0
1931,NOR,-0.12324565649032593,-0.01460155937820673,0.0333000011742115,4.7310128235756626,5.433,3842,2824,1
1932,NOR,0.029523812234401703,0.13267989456653595,0.032099999487400055,4.63102134334298,5.95,3862,2842,0
1933,NOR,0.22137600183486938,0.020800460129976273,0.02669999934732914,4.564212876461854,3.92,3866,2858,0
1934,NOR,0.1166360080242157,0.12095054984092712,0.02500000037252903,4.5752738809123725,4.045,4068,2874,0
1935,NOR,0.3199999928474426,0.03027871437370777,0.02500000037252903,4.676150241501103,4.058,4362,2889,0
1936,NOR,0.3531706929206848,0.031275659799575806,0.02539999969303608,4.797821290456807,4.073,4850,2904,0
1937,NOR,0.12493059039115906,0.08826276659965515,0.029999999329447746,5.139385107888798,4.001,5581,2919,0
1938,NOR,0.01714663952589035,0.07006458938121796,0.02500000037252903,5.30928213624877,4.278,5827,2936,0
1939,NOR,0.037782493978738785,-0.12682533264160156,0.02630000002682209,5.376533043307913,4.4,6253,2954,0
1940,NOR,0.15718065202236176,0.13847941160202026,0.02329999953508377,6.273801724333958,4.393432336331311,,2973,0
1941,NOR,0.21721936762332916,0.16395454108715057,0.019999999552965164,7.353798198882558,4.387872451646628,,2990,0
1942,NOR,0.2305046021938324,0.023012449964880943,0.019999999552965164,7.795353496547248,4.3805541035023525,,3009,0
1943,NOR,0.06493221968412399,0.057219117879867554,0.019999999552965164,7.986045213274175,4.3805541035023525,,3032,0
1944,NOR,-0.02272319234907627,0.021050767973065376,0.019999999552965164,8.084266932794776,4.3805541035023525,,3060,0
1945,NOR,-0.10638986527919769,0.07674066722393036,0.019999999552965164,8.230272191541628,4.717937169237699,,3091,0
1946,NOR,-0.026080334559082985,0.05255947262048721,0.014999999664723873,8.435564434143236,7,10778,3127,0
1947,NOR,0.09097979217767715,0.01990666799247265,0.014999999664723873,8.477596251055214,8,12687,3165,0
1948,NOR,0.1096983402967453,0.035461824387311935,0.014999999664723873,8.420079027912509,9.25,13904,3201,0
1949,NOR,-0.04050028696656227,0.020034566521644592,0.014999999664723873,8.430570006201124,9.2,14917,3234,0
1950,NOR,0.1817142814397812,-0.009365413337945938,0.014999999664723873,8.8719911203569,9.7,16425,3265.126,0
1951,NOR,0.1237768679857254,0.006240263115614653,0.014999999664723873,10.277659395564646,8.8,20456,3295.871,0
1952,NOR,-0.020789096131920815,0.035147860646247864,0.014999999664723873,11.20292391276909,7.79,22564,3327.728,0
1953,NOR,-0.01151568628847599,0.01682295650243759,0.014999999664723873,11.428793937415044,7.79,22884,3360.888,0
1954,NOR,0.29333731532096863,0.010689872317016125,0.014999999664723873,11.935568307432838,7.93,24806,3394.246,0
1955,NOR,0.08790908753871918,-0.08263380825519562,0.01899999938905239,12.037611110445468,7.64,26376,3427.409,0
1956,NOR,0.17781993746757507,0.04190266504883766,0.021400000900030136,12.49164425643427,7.52,29747,3459.992,0
1957,NOR,-0.11735989898443222,0.014509806409478188,0.02160000056028366,12.835608760971233,7.45,31775,3491.938,0
1958,NOR,-0.03446025028824806,0.05939178541302681,0.0215000007301569,13.461624159228519,7.149999999,31919,3522.993,0
1959,NOR,0.13141898810863495,0.05356393754482269,0.0215000007301569,13.75628708478186,7.154999999,33946,3552.851,0
1960,NOR,0.10148824751377106,0.04405956342816353,0.021900000050663948,13.799855922023216,7.147499999,33058,3581.239,0
1961,NOR,0.08807653188705444,0.02832036465406418,0.022700000554323196,14.155285910044743,7.134999999,36062,3609.8,0
1962,NOR,-0.1903095245361328,0.05300138518214226,0.023900000378489494,14.897102691496144,7.149999999,38843,3638.919,0
1963,NOR,0.10737397521734238,0.06750953942537308,0.024399999529123306,15.288075678319835,7.162499999,41682,3666.54,0
1964,NOR,0.029817616567015648,0.0382368229329586,0.024900000542402267,16.149133488010712,7.159999999,45837,3694.339,0
1965,NOR,-0.029921719804406166,0.034422725439071655,0.02590000070631504,16.835915948736158,7.149999999,50563,3723.153,0
1966,NOR,-0.0857221782207489,0.047920819371938705,0.02630000002682209,17.391991897737572,7.154999999,54568,3753.628,0
1967,NOR,-0.03389856964349747,0.05902186781167984,0.027499999850988388,18.155593097809653,7.149999999,59700,3786.019,0
1968,NOR,0.14181335270404816,0.05072949454188347,0.02810000069439411,18.79651362459685,7.149999999,63749,3818.983,0
1969,NOR,0.21763259172439575,-0.04836420714855194,0.03480000048875809,19.374263177498296,7.149999999,69418,3850.977,0
1970,NOR,0.3628723919391632,0.0567249096930027,0.03840000182390213,21.425993343666335,7.139999999,91530,3877.386,0
1971,NOR,-0.18755298852920532,0.05064783990383148,0.03819999843835831,22.76272663374549,6.709999999,102897,3903.039,0
1972,NOR,0.16951382160186768,0.07403770089149475,0.038100000470876694,24.405545543019826,6.639999999,114362,3933.004,0
1973,NOR,0.43881869316101074,0.03943103179335594,0.040300000458955765,26.222928906991566,5.727499999,129928,3960.613,0
1974,NOR,-0.32542476058006287,-0.034527488052845,0.04439999908208847,28.693135505653057,5.204999999,150379,3985.258,0
1975,NOR,-0.11795850098133087,0.06705208122730255,0.04670000076293945,32.04572955340082,5.584999999,171849,4007.313,0
1976,NOR,0.12048246711492538,0.07990678399801254,0.04859999939799309,34.98462975645507,5.184999999,196119,4026.152,0
1977,NOR,-0.21684470772743225,-0.010584969073534012,0.05090000107884407,38.15548546780574,5.139499999,220968,4043.205,0
1978,NOR,0.0947144478559494,0.09266217052936554,0.0632999986410141,41.26655883165717,5.022499999,243888,4058.671,0
1979,NOR,0.6134979724884033,-0.04719572141766548,0.06870000064373016,43.23613163680921,4.925999999,269067,4072.517,0
1980,NOR,-0.04689003899693489,0.09093526750802994,0.07129999995231628,47.94722993187474,5.179999999,318279,4085.62,0
1981,NOR,0.20941348373889923,-0.061702996492385864,0.07590000331401825,54.50023429333523,5.807499999,365013,4099.702,0
1982,NOR,-0.12114652991294861,0.14721937477588654,0.08060000091791153,60.68197383123667,7.053999999,404325,4114.787,0
1983,NOR,0.9280383586883545,0.19336993992328644,0.08380000293254852,65.7859640269617,7.72218,449657,4128.432,0
1984,NOR,0.3228360414505005,0.14599138498306274,0.08720000088214874,69.91673575316301,9.087,506486,4140.095,0
1985,NOR,0.3579067587852478,0.07075813412666321,0.08980000019073486,73.87809537540998,7.5825,562402,4152.419,0
1986,NOR,-0.06622618436813354,0.14048552513122559,0.094200000166893,79.18754280359015,7.4,581913,4166.596,0
1987,NOR,-0.10823144018650055,0.15164756774902344,0.10890000313520432,86.09739393720936,6.2325,634875,4186.147,0
1988,NOR,0.33755502104759216,0.21263550221920013,0.11140000075101852,91.86461449735067,6.57,664084,4208.729,1
1989,NOR,0.5978066325187683,0.15526416897773743,0.09300000220537186,96.04945391630316,6.615,708635,4226.142,0
1990,NOR,-0.07799999415874481,0.12392409145832062,0.08950000256299973,100,5.9075,749860,4242.006,0
1991,NOR,-0.11708487570285797,0.1519794464111328,0.08699999749660492,103.42068269473393,5.973,790087,4261.733,0
1992,NOR,-0.047744039446115494,0.1383606344461441,0.08649999648332596,105.84291532999312,6.9245,813093,4286.357,0
1993,NOR,0.5936322808265686,0.3273673355579376,0.06419999897480011,108.2471254010021,7.518,855400,4311.964,0
1994,NOR,0.1140637993812561,-0.10257603973150253,0.04039999842643738,109.76102079803921,6.762,897243,4336.638,0
1995,NOR,0.16798806190490723,0.19415044784545898,0.04019999876618385,112.45719640990521,6.319,963124,4359.101,0
1996,NOR,0.33442699909210205,0.09554737061262131,0.03709999844431877,113.87376995998994,6.4425,1054657,4381.277,0
1997,NOR,0.3677644729614258,0.1126122772693634,0.027699999511241913,116.81144793281189,7.3157,1141324,4405.672,0
1998,NOR,-0.26890257000923157,0.06513593345880508,0.040699999779462814,119.71786190682019,7.6,1163192,4432.718,0
1999,NOR,0.47664692997932434,-0.004694001283496618,0.050599999725818634,122.51104591931161,8.0395,1265701,4463.377,0
2000,NOR,0.04273340106010437,0.0742870643734932,0.048900000751018524,126.29181999336255,8.8485,1507280,4492.4,0
2001,NOR,-0.14612595736980438,0.03836620971560478,0.05810000002384186,130.10252103897594,9.0116,1564310,4515.195,0
2002,NOR,-0.31086254119873047,0.10205128788948059,0.05559999868273735,131.77843144647073,6.9657,1561030,4535.591,0
2003,NOR,0.4839857518672943,0.15575510263442993,0.03709999844431877,135.0404713467732,6.68,1620370,4555.4,0
2004,NOR,0.3844534158706665,0.09490718692541122,0.013799999840557575,135.6689377495839,6.04,1783020,4574.56,0
2005,NOR,0.4047739803791046,0.0724172368645668,0.013799999840557575,137.73389878738996,6.77,1989990,4593.041,0
2006,NOR,0.32435116171836853,-0.005389324855059385,0.02019999921321869,140.94606040175506,6.26,2216320,4610.82,0
2007,NOR,0.11461077630519867,0.011821378022432327,0.034699998795986176,141.9735530920645,5.41,2350170,4627.926,0
2008,NOR,-0.540614902973175,0.12445572018623352,0.049800001084804535,147.320505344548,7,2607090,4644.457,0
2009,NOR,0.6478179693222046,0.018877530470490456,0.024299999698996544,150.51271564453825,5.78,2428480,4698.789482139127,0
2010,NOR,0.18347463011741638,0.08190334588289261,0.020899999886751175,154.1239035464022,5.86,2591480,4761.8539703363285,0
2011,NOR,-0.1245565339922905,0.1530110388994217,0.023600000888109207,156.12901064108354,5.99,2792680,4824.918458533529,0
2012,NOR,0.1536303460597992,0.061673354357481,0.024000000208616257,157.23630858889268,5.57,2964050,4887.982946730729,0
2013,NOR,0.23592065274715424,-0.04839929938316345,0.022600000724196434,160.58812940388233,6.08,3071220,4944.255874660539,0
2014,NOR,0.0495208241045475,0.159510999917984,0.021299999207258224,163.8401936469973,7.43,3140810,5002.469248381032,0
2015,NOR,0.05940559506416321,0.025012098252773285,0.014100000262260437,167.40150326292397,8.81,3111170,5050.010170252768,0
2016,NOR,0.18199999630451202,-0.0010549057042226195,0.0076,173.3370192894678,8.62,3098150,5095.610646333821,0
2017,NOR,0.1860000044107437,0.022426709532737732,0.0072,176.54375414632295,8.21,3295380,5132.4791163568,0
2018,NOR,-0.00019999999494757503,-0.004146312363445759,0.0073,181.42813134443008,8.69,3553900,5165.466694798413,0
2019,NOR,0.14720000326633453,0.02333327755331993,0.009300000000000001,185.37419320117144,8.78,3568490,5197.484050344685,0
2020,NOR,0.03460000082850456,0.0400049053132534,0.006,187.7377141644864,8.53,3413450,5224.650291414248,0
1870,PRT,,,,0.0441201020724524,0.8029337734766079,470,4327,0
1871,PRT,0.18433696031570435,0.2805124819278717,,0.04292766688130504,0.824066922450782,469,4353,0
1872,PRT,0.17882004380226135,0.17994758486747742,,0.04292766688130504,0.8227406961608978,497,4379,0
1873,PRT,0.09936778992414474,0.09969811141490936,,0.0566406715794997,0.8070440668217268,528,4405,0
1874,PRT,0.11990129202604294,0.08109602332115173,,0.04650497245474712,0.8314220452644336,563,4431,0
1875,PRT,0.09372056275606155,0.18708540499210358,,0.0471011900503208,0.8061864709908249,595,4458,0
1876,PRT,0.022962968796491623,0.0009615389280952513,,0.047697407645894474,0.8399799798697856,599,4484,0
1877,PRT,0.0028789089992642403,0.07141069322824478,,0.05425580119720497,0.89924534144125,613,4511,0
1878,PRT,-0.03401527926325798,0.050505053251981735,,0.05365958360163129,0.934044079724887,612,4538,0
1879,PRT,0.09710760414600372,0.10204081237316132,,0.05127471321933656,0.9282511084471038,596,4571,0
1880,PRT,0.1431676149368286,0.05098036304116249,0.05770000070333481,0.04769740764589448,0.929828506556815,608,4610,0
1881,PRT,0.2178405374288559,0.13932812213897705,0.05040000006556511,0.04888984283704184,0.944358144404678,634,4651,0
1882,PRT,0.01651339791715145,0.006404361687600613,0.056299999356269836,0.049486060432615525,0.9365640916856558,650,4691,0
1883,PRT,0.041455160826444626,0.057315994054079056,0.057999998331069946,0.0471011900503208,0.9394380608333982,649,4732,0
1884,PRT,-0.038838859647512436,0.0009160685585811734,0.05900000035762787,0.043523884476878716,0.9386523124755322,678,4773,0
1885,PRT,-0.012985043227672577,0.012740037404000759,0.05999999865889549,0.04173523169015767,0.9392335864578241,700,4815,0
1886,PRT,0.14666065573692322,0.20932644605636597,0.04500000178813934,0.04292766688130504,0.9262686895928548,737,4857,0
1887,PRT,0.09663046151399612,0.0880332961678505,0.04774999991059303,0.04173523169015767,0.9298726669997847,754,4899,0
1888,PRT,0.142854705452919,0.18938808143138885,0.04500000178813934,0.04173523169015767,0.9255335455192997,798,4942,0
1889,PRT,0.0575861930847168,0.04522020369768143,0.04500000178813934,0.04531253726359976,0.9263607473800938,813,4985,0
1890,PRT,-0.13252456486225128,-0.07552587240934372,0.07000000029802322,0.05127471321933657,0.9269003306147287,810,5028,1
1891,PRT,-0.15049532055854797,-0.17992033064365387,0.07000000029802322,0.049486060432615525,0.9939423999999999,811,5068,0
1892,PRT,0.02840721607208252,-0.20550686120986938,0.05999999865889549,0.05067849562376289,1.176822,841,5104,0
1893,PRT,0.006866922602057457,0.15507429838180542,0.05999999865889549,0.05187093081491025,1.15136,860,5141,0
1894,PRT,0.24692708253860474,0.16121454536914825,0.05000000074505806,0.05306336600605762,1.18695,880,5178,0
1895,PRT,0.1481635421514511,0.21302425861358643,0.05999999865889549,0.050082278028189216,1.1658108,931,5215,0
1896,PRT,0.12194059044122696,0.0245803352445364,0.05999999865889549,0.0506784956237629,1.2016209,953,5252,0
1897,PRT,0.02155468426644802,-0.016730910167098045,0.05999999865889549,0.05485201879277867,1.35182,946,5290,0
1898,PRT,0.09915975481271744,-0.019161514937877655,0.05999999865889549,0.05723688917507339,1.4663804,967,5327,0
1899,PRT,0.13143211603164673,0.2981704771518707,0.05000000074505806,0.05604445398392603,1.3191296000000001,988,5366,0
1900,PRT,0.10583502054214478,0.16888129711151123,0.05000000074505806,0.05425580119720499,1.299392,1019,5404,0
1901,PRT,0.09837999194860458,0.15269798040390015,0.05000000074505806,0.053659583601631304,1.3095864,994,5447,0
1902,PRT,0.11989510804414749,0.07425843924283981,0.05000000074505806,0.05187093081491026,1.1747266,998,5494,0
1903,PRT,0.09644003212451935,0.06735274940729141,0.05000000074505806,0.053659583601631304,1.1474536000000002,1033,5541,0
1904,PRT,0.09825378656387329,0.09018662571907043,0.05000000074505806,0.05723688917507339,1.1118302,1053,5589,0
1905,PRT,0.07279825955629349,0.13130319118499756,0.05000000074505806,0.05664067157949971,0.9854408,1059,5637,0
1906,PRT,0.059008460491895676,0.09147219359874725,0.05000000074505806,0.05664067157949971,0.9443502,1068,5686,0
1907,PRT,0.020625321194529533,0.07348916679620743,0.054999999701976776,0.0566406715794997,0.9553236000000002,1096,5735,0
1908,PRT,-0.002140421885997057,-0.013795306906104088,0.03999999910593033,0.05723688917507338,1.0683945,1120,5784,0
1909,PRT,0.08651522547006607,0.07592784613370895,0.05000000074505806,0.05783310677064706,1.0639619999999999,1137,5834,0
1910,PRT,-0.052463382482528687,0.039995964616537094,0.054999999701976776,0.055448236388352334,1.0064119999999999,1150,5884,0
1911,PRT,0.0064390613697469234,0.04851663112640381,0.054999999701976776,0.059025541961794416,1.0056673,1133,5935,0
1912,PRT,0.0732337012887001,0.07446933537721634,0.054999999701976776,0.05842932436622073,1.022157,1191,5964,0
1913,PRT,0.05820218473672867,0.09128042310476303,0.054999999701976776,0.060217977152941776,1.075269,1209,5972,0
1914,PRT,0.058386705815792084,0.06051422283053398,0.054999999701976776,0.0596217595573681,1.1484564000000002,1129,5980,0
1915,PRT,0.1238078847527504,0.08603575080633163,0.054999999701976776,0.06677637070425227,1.4180092,1208,5988,0
1916,PRT,0.13214808702468872,0.06122194230556488,0.054999999701976776,0.08168181059359429,1.4753136,1383,5996,0
1917,PRT,0.1406763643026352,0.12113074958324432,0.054999999701976776,0.09658725048293632,1.6216874000000001,1431,6005,0
1918,PRT,0.4366128444671631,0.07846596091985703,0.054999999701976776,0.17469175550308852,1.6584199,1737,6013,0
1919,PRT,0.14739912748336792,0.0680871531367302,0.054999999701976776,0.19973289451718312,1.8514764,2227,6021,0
1920,PRT,-0.07921444624662399,0.10332467406988144,0.07000000029802322,0.34580620543273494,5.0019841,3119,6029,1
1921,PRT,0.3538608253002167,0.2535931169986725,0.07000000029802322,0.541961794376476,10.0231,3870,6071,0
1922,PRT,0.5757917165756226,0.11664280295372009,0.07000000029802322,0.6552431375354754,14.9925,6131,6146,0
1923,PRT,0.13004609942436218,-0.06279004365205765,0.09000000357627869,1.0290715699601733,23.5145,9299,6223,1
1924,PRT,-0.0980149358510971,0.04118294641375542,0.09000000357627869,1.4303260117812606,29.5421,12133,6300,0
1925,PRT,0.014110464602708817,0.17120590806007385,0.09000000357627869,1.3748777753929082,19.8425,13450,6378,0
1926,PRT,0.06919052451848984,0.3308255076408386,0.07999999821186066,1.3164484510266876,19.5107,14203,6457,0
1927,PRT,0.3461938798427582,0.10798975080251694,0.07999999821186066,1.4136319191051976,19.8847,15344,6538,0
1928,PRT,0.24935969710350037,0.18215951323509216,0.07999999821186066,1.3528177243566821,22.3839,18249,6619,0
1929,PRT,-0.12906178832054138,0.19806523621082306,0.07999999821186066,1.4076697431494607,22.3644,20304,6701,0
1930,PRT,-0.18364742398262024,0.10536843538284302,0.07500000298023224,1.3373160668717663,22.2519,19877,6784,0
1931,PRT,-0.27711933851242065,0.04874558374285698,0.07000000029802322,1.186473015191625,23.5655,19191,6869,1
1932,PRT,0.09645986557006836,0.11359299719333649,0.06499999761581421,1.162028093773104,31.2891,19508,6954,0
1933,PRT,0.18616919219493866,0.1654510349035263,0.054999999701976776,1.1614318761775302,25.533,19892,7040,0
1934,PRT,0.2738158404827118,0.2781204283237457,0.05000000074505806,1.173356228089004,21.6972,20668,7127,0
1935,PRT,0.061398644000291824,0.0716005489230156,0.05000000074505806,1.1757410984712986,22.4341,20890,7216,0
1936,PRT,0.09477591514587402,0.07753633707761765,0.04500000178813934,1.2055519782499826,22.1582,21322,7305,0
1937,PRT,0.02783464454114437,0.03589755669236183,0.03999999910593033,1.253249385895877,22.3254,22288,7396,0
1938,PRT,0.04242356866598129,0.046255048364400864,0.03999999910593033,1.214495242183588,22.5902,23149,7488,0
1939,PRT,-0.07837256789207458,-0.016894260421395302,0.03999999910593033,1.14354534831032,24.7678,23414,7581,0
1940,PRT,-0.012486075982451439,-0.011142744682729244,0.03999999910593033,1.1978011495075247,26.9469,24454,7675,0
1941,PRT,0.2881705164909363,0.0885000005364418,0.03500000014901161,1.3462593308053714,24.9856,29039,7757,0
1942,PRT,0.7464381456375122,0.18012337386608124,0.03500000014901161,1.6443681285922118,24.82956,34111,7826,0
1943,PRT,0.02153950184583664,0.06208256259560585,0.02500000037252903,1.8590064629987368,24.82956,36282,7896,0
1944,PRT,0.13804632425308228,-0.0015644505620002747,0.019999999552965164,1.912666046600368,24.82956,35228,7967,0
1945,PRT,0.07121516019105911,0.0649285614490509,0.019999999552965164,2.0849729317211616,24.85962,36351,8038,0
1946,PRT,-0.05889206379652023,0.034929316490888596,0.019999999552965164,2.3729460303832495,25.3,42294,8109.999999999999,0
1947,PRT,-0.05124562233686447,-0.03083561360836029,0.012500000186264515,2.446280794638812,24.95,46930,8183,0
1948,PRT,-0.09154870361089706,-0.03181665763258934,0.013749999925494194,2.0158116906346146,25.8,47693,8256,0
1949,PRT,-0.10967759788036346,-0.1787191778421402,0.013749999925494194,2.3371729746488286,28.6,48599,8329,0
1950,PRT,0.00828226562589407,0.05013733357191086,0.013749999925494194,2.2769549974958867,29.1,50664,8442.75,0
1951,PRT,0.17748551070690155,0.10825735330581665,0.013749999925494194,2.3085545300612917,29.1,57360,8490.25,0
1952,PRT,0.15275737643241882,0.07014922797679901,0.017500000074505806,2.312131835634734,29,58678,8526.05,0
1953,PRT,0.12199395895004272,0.04994034394621849,0.017500000074505806,2.3329994514798127,29,58993,8578.95,0
1954,PRT,0.30218052864074707,0.1269715577363968,0.017500000074505806,2.351482196942597,28.75,62564,8632.1,0
1955,PRT,-0.002660732250660658,-0.0017988726031035185,0.017500000074505806,2.430779137153897,28.8,65447,8692.6,0
1956,PRT,-0.009058395400643349,0.024568142369389534,0.019999999552965164,2.537502086761586,28.899999999,69943,8756,0
1957,PRT,-0.034293632954359055,0.006100024562329054,0.019999999552965164,2.538098304357159,28.749999999,74250,8817.65,0
1958,PRT,-0.04943866655230522,0.070846326649189,0.021250000223517418,2.5744675776871535,28.749999999,79191,8888.55,0
1959,PRT,0.11209318041801453,0.019525818526744843,0.019999999552965164,2.6084519806348534,28.879999999,84042,8961.55,0
1960,PRT,0.08053308725357056,0.010313540697097778,0.019999999552965164,2.6662850874055004,28.829999999,88994,9036.7,0
1961,PRT,-0.023868823423981667,-0.027104316279292107,0.02250000089406967,2.65972669385419,28.799999999,92648,9031.2,0
1962,PRT,-0.06357715278863907,-0.005311539396643639,0.026249999180436134,2.6585342586630425,28.849999999,103987,9019.8,0
1963,PRT,0.1605657935142517,0.053910743445158005,0.026249999180436134,2.7276954997495895,28.889999999,107438,9081.6,0
1964,PRT,0.19378666579723358,0.05144836753606796,0.026249999180436134,2.861248241158094,28.949999999,116626,9122.5,0
1965,PRT,0.09500949829816818,0.05126461386680603,0.029999999329447746,2.9542581860675883,28.829999999,135681,9128.85,0
1966,PRT,0.14293165504932404,-0.020784780383110046,0.027499999850988388,3.029381603109872,28.979999999,144812,9108.8,0
1967,PRT,-0.043985724449157715,-0.036815326660871506,0.032499998807907104,3.1557797333714923,28.859999999,162217,9103,0
1968,PRT,0.053540345281362534,-0.02555665746331215,0.03500000014901161,3.218382580906729,28.769999999,175432,9115.05,0
1969,PRT,0.31890401244163513,-0.007483952678740025,0.03500000014901161,3.304834132264913,28.649999999,188229,9097.2,0
1970,PRT,0.09904681146144867,0.030036471784114838,0.04500000178813934,3.47117884142997,28.749999999,212358,9044.2,0
1971,PRT,0.19487176835536957,-0.0037027355283498764,0.04749999940395355,3.7281486251222264,27.559999999,245768,8990.45,0
1972,PRT,0.46551668643951416,0.07387969642877579,0.04749999940395355,4.041162862798409,26.999999999,303992.0795402,8970.45,0
1973,PRT,0.7381148338317871,0.14265696704387665,0.05249999836087227,4.351792230092296,25.844999999,370041.255356,8975.95,0
1974,PRT,-0.23353105783462524,-0.04811182618141174,0.07750000059604645,6.000333881853524,24.595999999,444877.176316,9098.3,0
1975,PRT,-0.4430306553840637,-0.20190449059009552,0.08500000089406967,7.112279697598439,27.471999999,494601.7043178,9411.09,0
1976,PRT,-0.4430306553840637,-0.18455368280410767,0.0949999988079071,8.58016741790084,31.548999999,614776.6897223999,9621.97,0
1977,PRT,-0.44080108404159546,-0.15908442437648773,0.12540000677108765,11.409219908897956,39.854999999,820614.5663524,9662.6,0
1978,PRT,-0.22109752893447876,0.26541292667388916,0.1842000037431717,14.462450215830774,46.009999999,1032280.113903,9698.78,0
1979,PRT,0.40605059266090393,0.17620067298412323,0.14869999885559082,17.947938279554513,49.780999999,1302452.8046704,9724.56,0
1980,PRT,1.0705386400222778,0.2753238081932068,0.09950000047683716,21.249791323841556,53.039999999,1646973.6436918,9777.8,0
1981,PRT,-0.3110315203666687,0.09528250992298126,0.09239999949932098,24.66671436407432,65.248999999,1968330.27118,9850.079,0
1982,PRT,-0.15459665656089783,0.16233877837657928,0.12417499721050262,30.19186282225562,89.064,2426311.953426,9859.65,0
1983,PRT,-0.036583174020051956,0.1788245439529419,0.18244199454784393,37.89082063389856,131.449999999,3018078.6022732,9872.243,0
1984,PRT,0.07049272209405899,0.30439135432243347,0.21273300051689148,48.80339128568363,169.28,3692071.2794198003,9885.387,0
1985,PRT,1.368821382522583,0.3013535141944885,0.20166699588298798,58.36910638906776,157.486999999,4620707.7125778,9897.192,0
1986,PRT,0.9267147779464722,0.2897605895996094,0.14522500336170197,65.25661205313492,146.117,5796167.7605178,9907.411,0
1987,PRT,1.118769884109497,0.15005674958229065,0.13692499697208405,71.23011614318762,129.865,6788616.0705643995,9915.289,0
1988,PRT,-0.2771500051021576,0.11366283148527145,0.12968333065509796,78.31556604898523,146.371,8111764.050697,9920.611,0
1989,PRT,0.3168845474720001,0.12068135291337967,0.14827272295951843,88.18356347332522,149.841,9541997.827129,9923.147,0
1990,PRT,-0.32945340871810913,0.16662748157978058,0.1690250039100647,100,133.6,11222768.866718201,9922.689,0
1991,PRT,-0.022982923313975334,0.2303956151008606,0.17737500369548798,111.40027664496435,134.184,12894397.8669628,9919.009,0
1992,PRT,-0.11211775988340378,0.17301328480243683,0.16705749928951263,121.31477904175908,146.758,14526855.7116856,9927.68,0
1993,PRT,0.5324628353118896,0.1616279035806656,0.13245083391666412,129.2003529608166,176.812,15279700.144686,9967.832,0
1994,PRT,0.08415631204843521,-0.0597858726978302,0.11106666922569275,135.91853282774082,159.093,16549853.1139026,10027.688,0
1995,PRT,-0.045937277376651764,0.24956780672073364,0.09786666929721832,141.491378693568,149.41299,17850379.98824,10065.543,0
1996,PRT,0.32568445801734924,0.2826637923717499,0.07366666942834854,145.877751544204,156.38499,18915752.964196,10099.918,0
1997,PRT,0.6524743437767029,0.15183506906032562,0.05741666629910469,149.08719086117668,183.326,20515523.542,10156.415,0
1998,PRT,0.2624458968639374,0.1731494516134262,0.04308333247900009,152.38988672550744,171.82899,22324352.3388,10224.828,0
1999,PRT,0.1256648302078247,-0.04440867900848389,0.029634999111294746,155.69476980564235,199.56400557435796,23978308.7906,10283.381,0
2000,PRT,-0.08214876800775528,0.07950299978256226,0.043917667120695114,160.0626397666149,215.45620634067703,25744775.740799997,10335.597,0
2001,PRT,-0.1903584599494934,0.062259770929813385,0.042617835104465485,167.12078516674424,227.48439804833768,27220443.55,10386.753,0
2002,PRT,-0.20652548968791962,0.11879698932170868,0.033185917884111404,173.30623146100078,191.1719271478974,28579571.172599997,10433.867,0
2003,PRT,0.17396891117095947,0.04937244951725006,0.023334667086601257,178.91643999875467,158.7347585114806,29283984.7278,10479.955,0
2004,PRT,0.1799686998128891,0.10716212540864944,0.02106333337724209,183.406794044762,147.18596285147933,30523063.7288,10524.145,0
2005,PRT,0.1718716323375702,0.0649326890707016,0.0218468327075243,187.3131614710499,169.94320589980504,31786962.401400004,10566.212,0
2006,PRT,0.33271774649620056,-0.004635931923985481,0.030792249366641045,193.01742028838407,152.22627182991647,33332237.561,10605.87,0
2007,PRT,0.1831146776676178,0.015394825488328934,0.04277608171105385,197.69368767774773,136.1877589837646,35181262.9988,10642.836,0
2008,PRT,-0.4971774220466614,0.09922552108764648,0.046342331916093826,202.9364439603973,144.05547172522807,35906887.5496,10676.91,1
2009,PRT,0.399630606174469,0.052625346928834915,0.012283583171665668,201.10355711648393,139.1656254338469,35167830.7048,10708,0
2010,PRT,-0.06211366131901741,-0.1244320198893547,0.008109583519399166,203.90100613004623,150.03891632989072,36008732.4056,10713.066237698715,0
2011,PRT,-0.20372962951660156,-0.3133552074432373,0.013906000182032585,211.14943930514033,154.9439678491383,35304118.3684,10697.867524602574,0
2012,PRT,0.07692946493625641,0.8112969994544983,0.005731833167374134,217.0111776603764,151.94937092617857,33740238.4792,10654.29788039364,0
2013,PRT,0.15601195394992828,0.12234269082546234,0.0022066666278988123,217.96480375100435,145.37161917192373,34180637.2886,10595.529523088568,0
2014,PRT,-0.21121133863925934,0.3433554768562317,0.002099333330988884,217.61703643813775,165.1280784119924,34694151.8834,10538.787660862981,0
2015,PRT,0.18604880571365356,0.053307197988033295,-0.00019999999494757503,218.72158041925496,184.14806650133187,36029261.7624,10495.21801665405,0
2016,PRT,-1.6875230357982218e-05,-0.03536726534366608,-0.002637,220.1126496707214,190.1925813490181,37387848.0836,10462.794095382285,0
2017,PRT,0.0017832271987572312,0.122087262570858,-0.003291,223.53782962008694,167.16584674393405,39283886.550400004,10436.449659348977,0
2018,PRT,-0.0006527925143018365,0.017489273101091385,-0.003221,226.14717807448864,175.09344978165936,41135718.7362,10420.237698713096,0
2019,PRT,0.0021239686757326126,0.05840226262807846,-0.003563,226.82521497378832,178.46003204557587,42978248.5572,10422.26419379258,0
2020,PRT,0.00129098875913769,-0.001965335803106427,-0.004252000000000001,226.54962578246005,163.37869774264522,40113962.2232,10446.582134746404,0
1870,SWE,,,0.04500000178813934,2.641633728590249,3.209112,936.3213955450816,4164,0
1871,SWE,0.5,0.07501952350139618,0.04500000178813934,2.7108036890645573,3.2684712,996.1315569117583,4186,0
1872,SWE,0.190476194024086,0.062040749937295914,0.04500000178813934,2.8194993412384703,3.2718807,1133.3115104318329,4227,0
1873,SWE,0.005714286118745804,0.03577907010912895,0.04600000008940697,3.043478260869564,3.2527923,1309.975551914996,4274,0
1874,SWE,-0.005681818351149559,0.043967172503471375,0.05000000074505806,3.1521739130434767,3.3625125000000002,1411.0679132259547,4320,0
1875,SWE,-0.011428572237491608,0.021185800433158875,0.05000000074505806,3.132411067193674,3.2656406,1360.7518355380512,4362,0
1876,SWE,0.023121388629078865,0.016022861003875732,0.05000000074505806,3.142292490118576,3.352392,1447.6662667347603,4406,0
1877,SWE,0.0451977401971817,0.05031075328588486,0.05000000074505806,3.125823451910407,3.5875670000000004,1411.5297472959935,4457,0
1878,SWE,0,0.022631363943219185,0.05000000074505806,2.921607378129116,3.7249674999999995,1274.024884942506,4508,1
1879,SWE,-0.01621621660888195,0.10565196722745895,0.04800000041723251,2.740447957839261,3.7485819999999994,1257.1348755638062,4555,0
1880,SWE,0.1538461446762085,0.10955112427473068,0.04100000113248825,2.882081686429511,3.7463664,1293.4773647609063,4572,0
1881,SWE,0.095238097012043,0.046119436621665955,0.03999999910593033,2.954545454545453,3.76993,1355.8745347019394,4570,0
1882,SWE,0.0521739162504673,0.02918188087642193,0.04500000178813934,2.875494071146243,3.7299018055555555,1333.582227166071,4576,0
1883,SWE,0.07851240038871765,0.04633832350373268,0.04500000178813934,2.8590250329380744,3.7466540000000004,1394.1572273463037,4591,0
1884,SWE,0.05747126415371895,0.03186256065964699,0.04100000113248825,2.753623188405795,3.7606444444444445,1368.226180802884,4624,0
1885,SWE,0.010869565419852734,0.0516207218170166,0.04500000178813934,2.6251646903820802,3.744177111111111,1350.3835630549574,4664,0
1886,SWE,0.02867383509874344,0.06979483366012573,0.04100000113248825,2.4967061923583644,3.738940333333333,1277.1513344825935,4700,0
1887,SWE,0.02787456475198269,0.04074283689260483,0.039000000804662704,2.4077733860342536,3.7376235,1219.2755252634925,4726,0
1888,SWE,0.1355932205915451,0.0789283961057663,0.03099999949336052,2.493412384716731,3.7341788888888887,1279.981997130925,4741,0
1889,SWE,0.16417910158634186,0.041767627000808716,0.03099999949336052,2.605401844532277,3.7323462222222226,1371.1980854479807,4761,0
1890,SWE,0.01794871874153614,0.009972483851015568,0.039000000804662704,2.6613965744400505,3.74374,1425.7702198103207,4780,0
1891,SWE,0.045340050011873245,-0.008232012391090393,0.04100000113248825,2.7437417654808933,3.735512,1510.8564296193592,4794,0
1892,SWE,0.10843373090028763,0.032037243247032166,0.0430000014603138,2.6943346508563875,3.718224,1526.7349386777469,4805,0
1893,SWE,0.06086956337094307,0.06985190510749817,0.03700000047683716,2.5856389986824744,3.729584,1513.7594506835505,4816,0
1894,SWE,0.13319672644138336,0.07686527073383331,0.03500000014901161,2.4538866930171253,3.7166499999999996,1505.0604331706534,4849,0
1895,SWE,0.13743218779563904,0.04176754131913185,0.03500000014901161,2.499999999999998,3.715536,1611.444012369346,4896,0
1896,SWE,0.11446741223335266,0.04688366502523422,0.02800000086426735,2.480237154150195,3.7282480000000002,1681.5623073089464,4941,0
1897,SWE,0.19115549325942993,0.036600127816200256,0.035999998450279236,2.5592885375494046,3.729584,1821.9313341264922,4986,0
1898,SWE,0.09580837935209274,0.015217000618577003,0.04100000113248825,2.6811594202898523,3.758786,1983.3363892235761,5036,0
1899,SWE,0.019672131165862083,-0.006546963471919298,0.04899999871850014,2.7997364953886663,3.756312,2161.49412969442,5080,0
1900,SWE,0.06430868059396744,0.01218749862164259,0.05000000074505806,2.8326745718050033,3.7378080000000002,2214.4674370618955,5117,0
1901,SWE,0.007049345411360264,0.0699385330080986,0.04800000041723251,2.763504611330695,3.726432,2176.474860944286,5156,0
1902,SWE,0.0020000000949949026,0.06082236394286156,0.04100000113248825,2.7865612648221307,3.732354,2190.6943509230828,5187,0
1903,SWE,0.09780439734458923,0.036600176244974136,0.03999999910593033,2.8326745718050033,3.7398640000000003,2404.684773770299,5210,0
1904,SWE,0.11454544961452484,0.033971209079027176,0.04100000113248825,2.799736495388666,3.72801,2404.618990650146,5241,0
1905,SWE,0.14681892096996307,0.004962155129760504,0.041999999433755875,2.859025032938073,3.7357520000000006,2476.2782329616853,5278,0
1906,SWE,0.13513512909412384,0.014842246659100056,0.04600000008940697,2.9183135704874803,3.765447,2781.0517464586737,5315,0
1907,SWE,-0.1077694222331047,-0.03008103556931019,0.050999999046325684,3.069828722002632,3.7784880000000003,3127.2012450351012,5357,1
1908,SWE,0.06671348214149475,0.09005559235811234,0.054999999701976776,3.115942028985504,3.738045,3065.1589841546133,5404,0
1909,SWE,0.0717577338218689,0.06483808159828186,0.041999999433755875,3.086297760210801,3.7387439999999996,3061.0314329081375,5453,0
1910,SWE,0.15540540218353271,0.005447224248200655,0.04100000113248825,3.086297760210801,3.7357520000000006,3269.114284824169,5499,0
1911,SWE,0.1488569974899292,0.029042663052678108,0.041999999433755875,3.178524374176545,3.741683,3344.231738098217,5542,0
1912,SWE,0.12262841314077377,0.008049319498240948,0.04100000113248825,3.24440052700922,3.742155,3605.6423078482435,5583,0
1913,SWE,0.0008244022610597312,-0.033870846033096313,0.04500000178813934,3.2542819499341213,3.7444420000000003,3879.7084966170573,5621,0
1914,SWE,-0.23599670827388763,-0.04533214494585991,0.04500000178813934,3.2971014492753596,3.8917320000000006,3977.109426998808,5659,0
1915,SWE,0.18652290105819702,0.04592936486005783,0.04500000178813934,3.7878787878787845,3.591818181818182,4676.997366515089,5696,0
1916,SWE,0.32621535658836365,0.05905318260192871,0.041999999433755875,4.281949934123843,3.4802500000000003,5934.179253239377,5735,0
1917,SWE,0.0051387459971010685,0.006782425567507744,0.04699999839067459,5.40184453227931,2.9615,7055.038369827613,5779,0
1918,SWE,-0.19870483875274658,-0.008810349740087986,0.05400000140070915,7.938076416337278,3.4760869565217387,9339.087081849193,5807,0
1919,SWE,-0.16673755645751953,0.06719999760389328,0.04899999871850014,8.76152832674571,4.678333333333334,11389.50949906849,5830,0
1920,SWE,-0.18631954491138458,-0.10597825795412064,0.05400000140070915,8.926218708827397,5.121538461538462,12903.971945040055,5876,0
1921,SWE,-0.21957340836524963,0.25804421305656433,0.05000000074505806,7.279314888010535,4.093846153846155,9964.082768848839,5929,0
1922,SWE,-0.06430868059396744,0.20536532998085022,0.032999999821186066,6.060606060606056,3.719166666666666,8593.583673216528,5971,1
1923,SWE,-0.002577319508418441,0.03435167297720909,0.03200000151991844,5.731225296442683,3.7948913043478254,8344.926930396576,5997,0
1924,SWE,0.17915590107440948,0.014366855844855309,0.03999999910593033,5.731225296442683,3.710899999999998,8847.238716193608,6021,0
1925,SWE,0.15266618132591248,0.09749671071767807,0.039000000804662704,5.830039525691695,3.7346000000000004,9104.117628693164,6045,0
1926,SWE,0.1571609526872635,0.05888355150818825,0.039000000804662704,5.632411067193671,3.7415000000000007,9265.527085587584,6064,0
1927,SWE,0.2639649510383606,0.08100447803735733,0.03999999910593033,5.566534914360997,3.7058695652173905,9486.423762385608,6081,0
1928,SWE,0.21837086975574493,0.031410589814186096,0.03799999877810478,5.632411067193671,3.7361875000000007,9828.938523398372,6097,0
1929,SWE,-0.02062588930130005,0.09110783785581589,0.04100000113248825,5.53359683794466,3.709565217391306,10315.700182751594,6113,0
1930,SWE,-0.0748002901673317,0.13135455548763275,0.035999998450279236,5.335968379446636,3.7291012000000006,10416.435492131299,6131,0
1931,SWE,-0.3449764549732208,-0.10691928118467331,0.03700000047683716,5.17127799736495,5.367083333333333,9744.998527116926,6152,1
1932,SWE,-0.21989215910434723,0.24972330033779144,0.038600001484155655,5.105401844532275,5.5778,9131.489438718612,6176,0
1933,SWE,0.190476194024086,0.12513376772403717,0.027899999171495438,4.973649538866926,3.7927272727272725,9219.107191835154,6201,0
1934,SWE,0.296129047870636,0.2760249376296997,0.019999999552965164,5.006587615283264,3.928695652173914,10008.267662525383,6222,0
1935,SWE,0.10154305398464203,-0.0640261098742485,0.019999999552965164,5.105401844532275,3.94,10621.685395777553,6242,0
1936,SWE,0.39945775270462036,0.13044075667858124,0.019999999552965164,5.17127799736495,3.9609090909090896,11207.37248210606,6259,0
1937,SWE,-0.006134969647973776,0.04812340810894966,0.019999999552965164,5.335968379446636,3.8876470588235286,12185.3631764319,6276,0
1938,SWE,0.08836907148361206,0.23999907076358795,0.019999999552965164,5.434782608695649,4.162608695652175,12675.645130473358,6297,0
1939,SWE,-0.1976119428873062,-0.3247416019439697,0.019999999552965164,5.599472990777335,4.2,13872.320428975812,6326,0
1940,SWE,0.115699402987957,0.0654081404209137,0.028300000354647636,6.357048748353092,4.201,14714.919937583007,6356,0
1941,SWE,0.24374791979789734,0.17578592896461487,0.027499999850988388,7.213438735177862,4.197,16291.072222900508,6389,0
1942,SWE,0.145844504237175,0.02644953317940235,0.02500000037252903,7.707509881422921,4.19,17748.084027444802,6432,0
1943,SWE,0.1179223284125328,0.017523087561130524,0.02500000037252903,7.740447957839258,4.19,19062.000488804377,6490,0
1944,SWE,0.15341146290302277,0.049230966717004776,0.02500000037252903,7.707509881422921,4.19,19855.631158511256,6560,0
1945,SWE,0.10070767253637314,0.10961003601551056,0.020500000566244125,7.674571805006584,4.19,20804.686482759,6635,0
1946,SWE,0.14259809255599976,0.027112483978271484,0.019999999552965164,7.707509881422922,3.9,23696.234304288486,6719,0
1947,SWE,-0.03505987673997879,0.02388450689613819,0.019999999552965164,7.938076416337283,4.45,26393.38600624014,6803,0
1948,SWE,-0.045005980879068375,0.01451479084789753,0.019999999552965164,8.399209486166004,5.2,28833.18099995281,6883,0
1949,SWE,0.1416940689086914,0.05448630824685097,0.019999999552965164,8.432147562582342,6.5,30209.456735929052,6955,0
1950,SWE,0.2848326861858368,-0.042044226080179214,0.02539999969303608,8.563899868247692,6.12,32066,7014,0
1951,SWE,0.231614887714386,0.0339583195745945,0.029999999329447746,10.013175230566532,6.21,39593,7070,0
1952,SWE,-0.11040817946195602,-0.022292163223028183,0.029999999329447746,10.737812911725952,5.76,43159,7125,0
1953,SWE,0.1832440346479416,0.0175965316593647,0.029999999329447746,10.803689064558625,5.56,44437,7171,0
1954,SWE,0.38267743587493896,-0.02250450849533081,0.029999999329447746,10.8695652173913,5.48,47279,7213,0
1955,SWE,-0.026318924501538277,-0.037376124411821365,0.03689999878406525,11.166007905138336,5.22,50827,7262,0
1956,SWE,0.02586839348077774,0.004093505907803774,0.040300000458955765,11.725955204216069,5.32,55241,7315,0
1957,SWE,0.08447094261646271,0.0228301789611578,0.04600000008940697,12.252964426877467,5.28,58963,7364,0
1958,SWE,0.22361476719379425,0.05500432476401329,0.04670000076293945,12.779973649538864,5.17,62269,7409,0
1959,SWE,0.48297393321990967,0.038519661873579025,0.04500000178813934,12.878787878787875,5.180999999,66245,7446,0
1960,SWE,0.037926752120256424,0.007198365405201912,0.04740000143647194,13.405797101449272,5.179999999,72161,7480,0
1961,SWE,0.02454542927443981,0.03352135792374611,0.04749999940395355,13.702239789196307,5.184999999,78522,7520,0
1962,SWE,-0.050706472247838974,0.09871512651443481,0.042500000447034836,14.361001317523053,5.187999999,85196,7562,0
1963,SWE,0.2825291156768799,0.016485746949911118,0.04749999940395355,14.789196310935438,5.199999999,91007,7604,0
1964,SWE,0.1993495374917984,0.0036484687589108944,0.057500001043081284,15.250329380764159,5.147999999,101508,7661,0
1965,SWE,0.10509373992681503,0.024690210819244385,0.0625,16.040843214756254,5.179999999,111664,7734,0
1966,SWE,-0.20086149871349335,0.05028808116912842,0.06750000268220901,17.094861660079047,5.179999999,121617,7808,0
1967,SWE,0.08164708316326141,0.08836401253938675,0.06499999761581421,17.78656126482213,5.164999999,132066,7868,0
1968,SWE,0.39471855759620667,0.06142466887831688,0.054999999701976776,18.14888010540184,5.179999999,140024,7912,0
1969,SWE,0.055658869445323944,-0.007555223535746336,0.07500000298023224,18.6429512516469,5.169999999,152127,7968,0
1970,SWE,-0.19097819924354553,0.07586933672428131,0.07500000298023224,19.927536231884055,5.169999999,172226,8043,0
1971,SWE,0.2689801752567291,0.09199663996696472,0.054999999701976776,21.40974967061923,4.864999999,186215,8098,0
1972,SWE,0.14547640085220337,0.06434932351112366,0.054999999701976776,22.694334650856387,4.742999999,203758,8122,0
1973,SWE,0.03352245315909386,0.07729547470808029,0.054999999701976776,24.209486166007903,4.587499999,226744,8137,0
1974,SWE,0.015281724743545055,0.0249515101313591,0.07500000298023224,26.613965744400524,4.080499999,256127,8161,0
1975,SWE,0.34351393580436707,0.019453464075922966,0.06499999761581421,29.21607378129117,4.385499999,300785,8193,0
1976,SWE,0.04854458197951317,0.05851482227444649,0.08500000089406967,32.246376811594196,4.126499999,340197,8222,0
1977,SWE,-0.12464790046215057,0.07737772911787033,0.08500000089406967,35.902503293807634,4.669499999,370016,8252,0
1978,SWE,0.2137739360332489,0.07829110324382782,0.07000000029802322,39.525691699604735,4.295499999,412450,8276,0
1979,SWE,0.037303511053323746,0.040875405073165894,0.0949999988079071,42.35836627140974,4.146499999,462307,8294,0
1980,SWE,0.28443795442581177,0.01626908965408802,0.11249999701976776,48.122529644268766,4.372799999,548581,8310,0
1981,SWE,0.6341965198516846,0.12233752012252808,0.11749999970197678,53.95256916996047,5.570999999,599426,8320,0
1982,SWE,0.4028656780719757,0.11768830567598343,0.11249999701976776,58.56389986824769,7.294499999,656083,8325,0
1983,SWE,0.6938130259513855,0.16253212094306946,0.09749999642372131,63.80105401844532,8.000999999,736242,8329,0
1984,SWE,-0.09382207691669464,0.13980066776275635,0.10750000178813934,68.90645586297761,8.9895,826116,8337,0
1985,SWE,0.2871450185775757,0.10996286571025848,0.11999999731779099,73.97891963109355,7.6155,899754,8350,0
1986,SWE,0.5361402630805969,0.24826763570308685,0.09000000357627869,77.1080368906456,6.819,985263,8370,0
1987,SWE,-0.05962241068482399,0.04697803407907486,0.08749999850988388,80.36890645586298,5.848,1068065,8398,0
1988,SWE,0.5541656017303467,0.17240767180919647,0.0949999988079071,85.04611330698287,6.157,1165476,8436,0
1989,SWE,0.2707771062850952,0.017175870016217232,0.09160000085830688,90.51383399209486,6.227,1293305,8493,0
1990,SWE,-0.293403685092926,0.1447550356388092,0.09929999709129333,100,5.698,1421418,8559,0
1991,SWE,0.08584516495466232,0.27808690071105957,0.07959999889135361,109.32147562582347,5.5295,1532495,8617,1
1992,SWE,0.025579186156392097,0.11286837607622147,0.07800000160932541,111.82476943346511,7.043,1529379,8668,0
1993,SWE,0.5664348602294922,0.29628098011016846,0.049508001655340195,117.0289855072464,8.3035,1657500,8719,0
1994,SWE,0.06545403599739075,-0.11582450568675995,0.04740700125694275,119.59815546772072,7.4615,1767220,8781,0
1995,SWE,0.2063262164592743,0.27249932289123535,0.06010099872946739,122.62845849802375,6.6582,1906770,8827,0
1996,SWE,0.4263000190258026,0.22524797916412354,0.023631000891327858,123.18840579710147,6.871,1956430,8841,0
1997,SWE,0.27918389439582825,0.13842692971229553,0.023711999878287315,123.84716732542822,7.877,2047270,8846,0
1998,SWE,0.1308850795030594,0.21363328397274017,0.018244000151753426,123.64953886693019,8.061,2152910,8851,0
1999,SWE,0.6975719332695007,-0.05522557720541954,0.03072916716337204,124.24242424242426,8.525,2264490,8858,0
2000,SWE,-0.10803400725126266,0.1441618800163269,0.03954608365893364,125.46113306982875,9.535,2408150,8872,0
2001,SWE,-0.1484220325946808,0.003363781375810504,0.03995641693472862,128.52437417654812,10.6675,2503730,8940,0
2002,SWE,-0.35903021693229675,0.11892542243003845,0.040665749460458755,131.29117259552044,8.825,2598340,8954,0
2003,SWE,0.3549365699291229,0.03935372084379196,0.030328333377838135,133.8274044795784,7.1892,2703550,8970,0
2004,SWE,0.21351516246795654,0.12241814285516739,0.02109166607260704,134.32147562582347,6.6146,2830190,8986,0
2005,SWE,0.3700100779533386,0.10456304252147675,0.01716666668653488,134.9472990777339,7.9584,2931090,9002,0
2006,SWE,0.2579578757286072,-0.008797730319201946,0.02331666648387909,136.79183135704878,6.8644,3121670,9017,0
2007,SWE,-0.02822384424507618,-0.010816063731908798,0.03552500158548355,139.7891963109355,6.4136,3320280,9031,0
2008,SWE,-0.3926890194416046,0.2494593858718872,0.03905000165104866,144.59815546772074,7.8106,3412250,9045,1
2009,SWE,0.5224274396896362,-0.051068175584077835,0.003991666715592146,144.2028985507247,7.1165,3341170,9128.062337942954,0
2010,SWE,0.26483967900276184,0.03128338232636452,0.0050416667945683,146.04743083003962,6.7097,3573580,9201.352636127916,0
2011,SWE,-0.13710713386535645,0.2058551162481308,0.01654166728258133,149.86824769433474,6.8877,3727910,9266.82530250648,0
2012,SWE,0.16564112901687622,0.024127259850502014,0.012533333152532578,151.18577075098824,6.5045,3743090,9338.161192739843,0
2013,SWE,0.27765005826950073,-0.0732402354478836,0.00925000011920929,151.11989459815558,6.4238,3822670,9425.132346585997,0
2014,SWE,0.1567372977733612,0.18815499544143677,0.004208333324640989,150.8563899868249,7.7366,3992730,9524.807152117544,0
2015,SWE,0.10191266238689423,0.004289864096790552,-0.0028916667215526104,150.7905138339922,8.4408,4260470,9626.436365600692,0
2016,SWE,0.09669999778270721,0.06136419624090195,-0.00655,152.2727272727274,9.0622,4415030,9767.153738115818,0
2017,SWE,0.10840000212192535,0.018196003511548042,-0.00695,155.00658761528337,8.208,4625090,9889.304235090753,0
2018,SWE,-0.04039999842643738,0.029907776042819023,-0.0068579999999999995,158.0368906455864,8.9562,4828310,9996.796672428698,0
2019,SWE,0.3384999930858612,0.057640135288238525,-0.004208,160.86956521739143,9.2993,5049620,10092.562662057047,0
2020,SWE,0.1656000018119812,0.01794249191880226,-0.00135,161.66007905138352,8.1772,4983360,10142.400064822821,0
1870,USA,,,0.05999999865889549,10.576832106722046,1,7.812,40240.63,0
1871,USA,,0.06511928886175156,0.05999999865889549,9.903127902710965,1,7.665,41098,0
1872,USA,0.13291139900684357,0.061484627425670624,0.05999999865889549,9.903127902710965,1,8.309,42136,0
1873,USA,-0.06311637163162231,0.06627899408340454,0.05999999865889549,9.700692745255711,1,8.837,43174,1
1874,USA,0.10180995613336563,0.06195678189396858,0.05999999865889549,9.229423698699883,1,8.563,44212,0
1875,USA,0.028634361922740936,0.06966714560985565,0.05999999865889549,8.892571596694342,1,8.239,45245,0
1876,USA,-0.11212814599275589,-0.012225779704749584,0.05999999865889549,8.69013643923909,1,8.388,46287,0
1877,USA,-0.03910614550113678,-0.010721578262746334,0.05999999865889549,8.48851102241366,1,8.604,47325,0
1878,USA,0.11692307144403458,0.054700817912817,0.05000000074505806,8.083640707503154,1,8.46,48362,0
1879,USA,0.4840579628944397,0.05479337275028229,0.05000000074505806,8.083640707503154,1,9.449,49400,0
1880,USA,0.2398373931646347,0.12775489687919617,0.05000000074505806,8.286075864958406,1,10.462,50458,0
1881,USA,0.08390411734580994,0.021617650985717773,0.03999999910593033,8.286075864958406,1,11.74,51743,0
1882,USA,0.024958403781056404,0.06539476662874222,0.03999999910593033,8.286075864958406,1,12.331,53027,0
1883,USA,-0.029109589755535126,0.051595915108919144,0.03999999910593033,8.151658920408117,1,12.435,54311,0
1884,USA,-0.12921348214149475,0.021898141130805016,0.03999999910593033,7.949223762952864,1,11.896,55595,0
1885,USA,0.2534562349319458,0.05115438997745514,0.03999999910593033,7.814806818402577,1,11.705,56879,0
1886,USA,0.126923069357872,0.039073556661605835,0.03999999910593033,7.612371660947323,1,12.297,58164,0
1887,USA,-0.021276595070958138,0.013824759982526302,0.03999999910593033,7.679580133222467,1,13.273,59448,0
1888,USA,0.018975332379341125,0.0546826496720314,0.03999999910593033,7.679580133222467,1,14,60732,0
1889,USA,0.07782100886106491,0.012131434865295887,0.03999999910593033,7.477954716397035,1,13.987,62016,0
1890,USA,-0.09398496896028519,-0.016784312203526497,0.03999999910593033,7.342728031216925,1,15.223,63302,0
1891,USA,0.2239130437374115,0.01893402636051178,0.03999999910593033,7.342728031216925,1,15.558,64612,0
1892,USA,0.0628465786576271,0.012937572784721851,0.03999999910593033,7.342728031216925,1,16.514,65922,0
1893,USA,-0.15426497161388397,0.02944769896566868,0.03999999910593033,7.275519558941782,1,15.566,67231,1
1894,USA,0.022675735875964165,0.05530650168657303,0.03999999910593033,6.938667456936243,1,14.28,68541,0
1895,USA,0.04883720725774765,0.007255651522427797,0.03999999910593033,6.804250512385956,1,15.754,69851,0
1896,USA,0.018518518656492233,0.048862989991903305,0.03999999910593033,6.804250512385956,1,15.643,71161,0
1897,USA,0.16824644804000854,0.049910999834537506,0.03999999910593033,6.7362322994809904,1,16.309,72471,0
1898,USA,0.23157894611358643,0.029604105278849602,0.03999999910593033,6.7362322994809904,1,18.263,73781,0
1899,USA,0.10265486687421799,0.052182797342538834,0.03500000014901161,6.7362322994809904,1,19.694,75091,0
1900,USA,0.191029891371727,0.043032702058553696,0.03500000014901161,6.804250512385955,1,20.766,76391,0
1901,USA,0.20378455519676208,-0.0011636837152764201,0.03999999910593033,6.871458984661099,1,22.484,77888,0
1902,USA,0.0540880486369133,0.01945633441209793,0.03999999910593033,6.938667456936243,1,24.294,79469,0
1903,USA,-0.14037266373634338,0.015004489570856094,0.03500000014901161,7.141102614391496,1,26.18,80946,0
1904,USA,0.30289193987846375,0.011025133542716503,0.03500000014901161,7.2083110866666384,1,25.928,82485,0
1905,USA,0.1963636428117752,0.022666197270154953,0.03999999910593033,7.141102614391496,1,29.066,84147,0
1906,USA,0.07337526232004166,0.029605422168970108,0.03500000014901161,7.275519558941783,1,31.336,85770,0
1907,USA,-0.28760161995887756,-0.02440689504146576,0.03999999910593033,7.612371660947323,1,34.178,87339,1
1908,USA,0.43531203269958496,0.03716139495372772,0.03999999910593033,7.477954716397035,1,30.423,89055,0
1909,USA,0.18936876952648163,0.012823841534554958,0.03999999910593033,7.342728031216926,1,32.54,90845,0
1910,USA,-0.0757281556725502,0.03598020225763321,0.03500000014901161,7.679580133222467,1,33.746,92767,0
1911,USA,0.058563537895679474,0.034620750695466995,0.03500000014901161,7.679580133222467,1,34.675,94234,0
1912,USA,0.08232710510492325,0.020212514325976372,0.03500000014901161,7.88201529067772,1,37.745,95703,0
1913,USA,-0.09168443828821182,0.00908129196614027,0.03500000014901161,8.016432235228008,1,39.517,97606,0
1914,USA,-0.033582087606191635,0.010866532102227211,0.03500000014901161,8.097406298210108,1,36.831,99505,0
1915,USA,0.3482993245124817,0.04490499570965767,0.03500000014901161,8.17838036119221,1,39.048,100941,0
1916,USA,0.09282700717449188,0.03297708183526993,0.03500000014901161,8.826172865049019,1,50.117,102364,0
1917,USA,-0.23571428656578064,-0.01406230591237545,0.03999999910593033,10.36468006170894,1,60.278,103817,0
1918,USA,0.24558822810649872,0.031293272972106934,0.03999999910593033,12.227083510297264,1,76.567,104958,0
1919,USA,0.19620253145694733,0.037024859338998795,0.03999999910593033,14.00851289590349,1,79.09,105473,0
1920,USA,-0.17937219142913818,-0.031147217378020287,0.03999999910593033,16.19481259642022,1,89.246,106881,0
1921,USA,0.1409691572189331,0.12308336049318314,0.03999999910593033,14.494357273796094,1,74.314,108964,0
1922,USA,0.27086183428764343,0.06760098040103912,0.03999999910593033,13.603642580992984,1,74.14,110484,0
1923,USA,0.03416856378316879,0.03598027303814888,0.03999999910593033,13.846564769939288,1,86.238,112387,0
1924,USA,0.2526315748691559,0.06484314799308777,0.03999999910593033,13.846564769939288,1,87.786,114558,0
1925,USA,0.2854330539703369,0.03509338200092316,0.03999999910593033,14.170461021867693,1,91.449,116284,0
1926,USA,0.13804173469543457,0.052919816225767136,0.03999999910593033,14.332409147831894,1,97.885,117857,0
1927,USA,0.3513713777065277,0.03722437471151352,0.03999999910593033,14.08948695888559,1,96.466,119502,0
1928,USA,0.37457045912742615,0.013918029144406319,0.039596520364284515,13.84656476993929,1,98.305,120971,0
1929,USA,-0.03369330242276192,0.03400000184774399,0.040735989809036255,13.84656476993929,1,104.556,122245,0
1930,USA,-0.22943925857543945,0.043433960527181625,0.040352221578359604,13.522668518010883,1,92.16,123668,1
1931,USA,-0.40296581387519836,-0.05111215263605118,0.04149239882826805,12.308057573279367,1,77.391,124633,0
1932,USA,-0.13270142674446106,0.17365306615829468,0.034688811749219894,11.09344662854785,1,59.522,125436,0
1933,USA,0.5263929963111877,-0.004036036320030689,0.030792640522122383,10.526628187673143,1,57.154,126180,0
1934,USA,-0.026078233495354652,0.1087663546204567,0.027821529656648636,10.850524439601546,1,66.8,126978,0
1935,USA,0.4589632749557495,0.04639130458235741,0.02287467010319233,11.09344662854785,1,74.241,127859,0
1936,USA,0.36349692940711975,0.07073504477739334,0.019324960187077522,11.255394754512054,1,84.83,128681,0
1937,USA,-0.3071512281894684,0.0014098361134529114,0.01835577003657818,11.66026506942256,1,93.003,129464,0
1938,USA,0.19782213866710663,0.060613445937633514,0.018016459420323372,11.417342880476255,1,87.352,130476,0
1939,USA,0.02364066056907177,0.05752032622694969,0.016273990273475647,11.255394754512054,1,93.437,131539,0
1940,USA,-0.0945836752653122,0.06237008050084114,0.014513099566102028,11.336368817494154,1,102.899,132637,0
1941,USA,-0.10066476464271545,0.01142424251884222,0.013585779815912247,11.903187258368861,1,129.309,133922,0
1942,USA,0.15410959720611572,0.019999999552965164,0.012112190015614033,13.19877226608248,1,165.952,135386,0
1943,USA,0.2699579894542694,0.024000000208616257,0.009783271700143814,14.008512895903491,1,203.084,137272,0
1944,USA,0.19686411321163177,0.02500000037252903,0.009044098667800426,14.251435084849795,1,224.447,138937,0
1945,USA,0.37328243255615234,0.10796946287155151,0.009133612737059593,14.575331336778198,1,228.007,140474,0
1946,USA,-0.08597806841135025,-0.0011267605004832149,0.009413247928023338,15.789942281509713,1,227.535,141940,0
1947,USA,0.048909448087215424,-0.029359713196754456,0.010075880214571953,18.057216045008545,1,249.616,144688,0
1948,USA,0.0725216269493103,0.031575758010149,0.011765670031309128,19.442604364604694,1,274.468,147203,0
1949,USA,0.16392362117767334,0.06159398704767227,0.010794909670948982,19.251911322559113,1,272.475,149770,0
1950,USA,0.28295043110847473,-0.0007391304243355989,0.011071509681642056,19.45675473168228,1,299.827,152271,0
1951,USA,0.25670886039733887,-0.03725925832986832,0.011931709945201874,21.00184005115405,1,346.914,154878,0
1952,USA,0.17257581651210785,0.011251968331634998,0.013198410160839558,21.481604877784626,1,367.341,157553,0
1953,USA,0.009216589853167534,0.035999998450279236,0.014211400412023067,21.644671012678725,1,389.218,160184,0
1954,USA,0.4703987240791321,0.06668253988027573,0.015180240385234356,21.7228349451073,1,390.549,163026,0
1955,USA,0.34429511427879333,-0.012167938984930515,0.01625104993581772,21.66690730380065,1,425.478,165931,0
1956,USA,0.06193520128726959,-0.057301588356494904,0.01866590976715088,21.986301303551897,1,449.353,168903,0
1957,USA,-0.09302325546741486,0.07747825980186462,0.024154970422387123,22.73222779664185,1,474.039,171984,0
1958,USA,0.36969998478889465,-0.05133333057165146,0.02554408088326454,23.352822467044604,1,481.229,174882,0
1959,USA,0.13834361732006073,-0.02563636377453804,0.028643619269132614,23.57046858923797,1,521.654,177830,0
1960,USA,-0.005248899571597576,0.131378635764122,0.029515879228711128,23.92220628516656,1,542.382,180671,0
1961,USA,0.2985915541648865,0.011214286088943481,0.030918510630726814,24.178260546570517,1,562.21,183691,0
1962,USA,-0.09715639799833298,0.07669725269079208,0.03570332005620003,24.462615542129644,1,603.921,186538,0
1963,USA,0.22046615183353424,-0.006247787270694971,0.037941139191389084,24.769880655814394,1,637.451,189242,0
1964,USA,0.16570042073726654,0.05025926232337952,0.03931428864598274,25.097360579609976,1,684.46,191889,0
1965,USA,0.12494045495986938,-0.0048715597949922085,0.04344166815280914,25.49357085778242,1,742.289,194303,0
1966,USA,-0.08208873867988586,0.04399999976158142,0.05483333021402359,26.255669198961037,1,813.414,196560,0
1967,USA,0.20767244696617126,-0.051153846085071564,0.050208330154418945,26.986771497969702,1,859.958,198712,0
1968,USA,0.1497376710176468,-0.0011914893984794617,0.05859167128801346,28.132277404250573,1,940.651,200706,0
1969,USA,-0.11483567953109741,-0.055359549820423126,0.07760833203792572,29.661864702637363,1,1017.615,202677,0
1970,USA,0.02282954752445221,0.1419493705034256,0.07564166933298111,31.407076642206437,1,1073.303,205052,0
1971,USA,0.13536924123764038,0.1796470582485199,0.050050001591444016,32.73451583948486,1,1164.85,207661,0
1972,USA,0.2165977656841278,0.055526312440633774,0.04665832966566086,33.805900775359305,1,1279.11,209896,0
1973,USA,-0.16459573805332184,-0.038333334028720856,0.08415833115577698,35.92171756696043,1,1425.376,211909,0
1974,USA,-0.2543785572052002,0.025545453652739525,0.1024416983127594,39.877082078647874,1,1545.243,213854,0
1975,USA,0.37736693024635315,0.06509523838758469,0.0643666610121727,43.52248616863579,1,1684.904,215973,0
1976,USA,0.22604283690452576,0.17338554561138153,0.052683331072330475,46.03586089241674,1,1873.412,218035,0
1977,USA,-0.05931232124567032,0.01405494473874569,0.05640833079814911,49.014176248746985,1,2081.826,220239,0
1978,USA,0.078448086977005,-0.029651163145899773,0.08221665769815445,52.753916119252146,1,2351.599,222585,0
1979,USA,0.18041826784610748,-0.015896104276180267,0.11225000023841858,57.75644264780191,1,2627.334,225055,0
1980,USA,0.2955473065376282,-0.03143478184938431,0.13066670298576355,64.2243557352198,1,2857.307,227726.5,0
1981,USA,-0.02299625426530838,-0.0006666667177341878,0.15910829603672028,70.28802425467407,1,3207.042,229966.2,0
1982,USA,0.18150241672992706,0.3634151220321655,0.12270829826593399,74.53259221829207,1,3343.789,232187.8,0
1983,USA,0.230200856924057,0.012692307122051716,0.09066666662693024,77.71601819100556,1,3634.038,234307.2,0
1984,USA,0.046411190181970596,0.14989830553531647,0.10365000367164612,80.94997473471449,1,4037.613,236348.3,1
1985,USA,0.3082066774368286,0.29332786798477173,0.08047500252723694,83.72915613946437,1,4338.979,238466.3,0
1986,USA,0.23917028307914734,0.25966668128967285,0.06518332660198212,85.19454269833248,1,4579.631,240650.8,0
1987,USA,0.004867256619036198,-0.031142856925725937,0.06860832870006561,88.12531581606872,1,4855.215,242803.5,0
1988,USA,0.18775933980941772,0.07466666400432587,0.07727500051259995,91.3087417887822,1,5236.438,245021.4,0
1989,USA,0.300759494304657,0.18259458243846893,0.09085000306367874,95.30065689742294,1,5641.58,247341.7,0
1990,USA,-0.022260470315814018,0.05430864170193672,0.08147499710321426,100,1,5963.144,250131.9,0
1991,USA,0.2188897281885147,0.1706075817346573,0.05835000053048134,103.63820111167254,1,6158.129,253492.5,0
1992,USA,0.1532006859779358,0.0729999989271164,0.03681667149066925,106.21526023244061,1,6520.327,256894.2,0
1993,USA,0.0984528511762619,0.15439535677433014,0.0317416712641716,108.89338049519958,1,6858.559,260255.4,0
1994,USA,0.005172228906303644,-0.07578494399785995,0.04629167169332504,111.16725618999494,1,7287.236,263435.7,0
1995,USA,0.3804345428943634,0.2915000021457672,0.059166669845581055,113.84537645275392,1,7639.749,266557.1,0
1996,USA,0.23362676799297333,-0.013164948672056198,0.05389999970793724,116.87721071248107,1,8073.122,269667.4,0
1997,USA,0.31566765904426575,0.1437777876853943,0.05615833029150963,119.40373926225368,1,8577.552,272911.8,0
1998,USA,0.2534160315990448,0.1208556741476059,0.054666668176651,121.02071753410816,1,9062.817,276115.3,0
1999,USA,0.2145456075668335,-0.09263106435537338,0.053300000727176666,123.59777665487623,1,9631.2,279294.7,0
2000,USA,-0.05703166499733925,0.20336362719535828,0.06455832719802856,127.79181404749878,1,10251,282158,0
2001,USA,-0.1279255896806717,0.03500000014901161,0.03686666861176491,131.43001515917135,1,10581.9,284915,0
2002,USA,-0.20060615241527557,0.15904080867767334,0.017258329316973686,133.50176856998488,1,10929.1,287501,0
2003,USA,0.22114592790603638,0.020222222432494164,0.011508329771459103,136.533602829712,1,11456.5,289986,0
2004,USA,0.12771135568618774,0.06904761493206024,0.01563332974910736,140.22233451238003,1,12217.2,292806,0
2005,USA,0.07094670832157135,0.07603738456964493,0.03511666879057884,144.97220818595252,1,13039.2,295583,0
2006,USA,0.14201273024082184,0.0005454545607790351,0.051533330231904984,149.67155128852957,1,13815.6,298442,0
2007,USA,0.06391465663909912,0.08609523624181747,0.052683331072330475,153.91611925214755,1,14474.2,301280,1
2008,USA,-0.3875488340854645,0.2468348741531372,0.029650000855326653,159.82819605861545,1,14769.9,304228,0
2009,USA,0.2908405065536499,-0.15220610797405243,0.005558332893997431,159.27235977766546,1,14478.1,306879.72903471405,0
2010,USA,0.13858318328857422,0.10107476264238358,0.0031166670378297567,161.89994946942898,1,15049,309238.9292263667,0
2011,USA,0.022730018943548203,0.2533893883228302,0.0030333329923450947,167.00353713996967,1,15599.7,311442.3802729081,0
2012,USA,0.16907955706119537,0.03229926899075508,0.0028250000905245543,170.5406771096513,1,16254,313661.80559074285,0
2013,USA,0.2956359088420868,-0.13242028653621674,0.0020833329763263464,173.06720565942393,1,16843.2,315822.3257831831,0
2014,USA,0.15816636383533478,0.24389655888080597,0.0008999999845400453,175.99797877716017,1,17550.7,318106.64657814766,0
2015,USA,0.021029368042945862,-0.018857143819332123,0.0013000000035390258,176.30116220313286,1,18206,320409.9368202732,0
2016,USA,0.036493316292762756,0.00227823993191123,0.004,178.57503789792818,1,18695.1,322701.24635892856,0
2017,USA,0.19302545487880707,0.025167474523186684,0.01,182.41536129358255,1,19479.6,324756.93539600546,0
2018,USA,0.14207513630390167,-0.017138032242655754,0.0183,186.86205154118238,1,20527.2,326497.1325750366,0
2019,USA,0.08163652569055557,0.1186676025390625,0.0216,190.24759979787768,1,21372.6,328018.6819157385,0
2020,USA,0.12535415589809418,0.11865632981061935,0.0038,192.62253663466396,1,20893.7,329239.7152777321,0
