year,iso,rgdpmad,pop,rgdp
1870,AUS,3273.2394366197186,1775,5810000.000000001
1871,AUS,3298.507462686567,1675,5525000.0
1872,AUS,3553.4262485482,1722,6119000.0
1873,AUS,3823.6291690220464,1769,6764000.0
1874,AUS,3834.7969264544454,1822,6986999.999999999
1875,AUS,4138.20704375667,1874,7754999.999999999
1876,AUS,4007.257646448937,1929,7730000.0
1877,AUS,4036.0902255639094,1995,8051999.999999999
1878,AUS,4277.400581959263,2062,8820000.0
1879,AUS,4204.983544898918,2127,8943999.999999998
1880,AUS,4285.3891670459725,2197,9415000.000000002
1881,AUS,4454.825914499779,2269,10107999.999999998
1882,AUS,4062.6064735945483,2348,9539000.0
1883,AUS,4475.2758479771155,2447,10951000.000000002
1884,AUS,4303.599374021909,2556,11000000.0
1885,AUS,4422.264150943397,2650,11719000.000000002
1886,AUS,4329.441809558555,2741,11867000.0
1887,AUS,4631.746031746032,2835,13131000.0
1888,AUS,4503.7517053206,2932,13205000.0
1889,AUS,4746.856386499007,3022,14345000.0
1890,AUS,4457.676214998391,3107,13850000.0
1891,AUS,4666.458072590738,3196,14913999.999999998
1892,AUS,3995.418448381185,3274,13081000.0
1893,AUS,3707.8584283143373,3334,12362000.0
1894,AUS,3765.5375552282767,3395,12784000.0
1895,AUS,3487.2832369942194,3460,12065999.999999998
1896,AUS,3684.9276185069543,3523,12982000.0
1897,AUS,3419.9665365309534,3586,12263999.999999998
1898,AUS,3891.2685337726525,3642,14172000.0
1899,AUS,3839.609861826063,3691,14171999.999999998
1900,AUS,4013.365410318097,3741,15014000.000000002
1901,AUS,3838.7351778656125,3795,14568000.0
1902,AUS,3822.5974025974024,3850,14717000.0
1903,AUS,4076.232032854209,3896,15880999.999999998
1904,AUS,4294.728839330968,3946,16947000.0
1905,AUS,4281.968031968032,4004,17145000.0
1906,AUS,4507.38552437223,4062,18309000.0
1907,AUS,4616.428398352314,4127,19052000.0
1908,AUS,4693.114129139862,4197,19697000.0
1909,AUS,4980.598410472183,4278,21307000.0
1910,AUS,5209.828571428571,4375,22793000.0
1911,AUS,5103.777777777778,4500,22967000.000000004
1912,AUS,5098.476721733533,4661,23763999.999999996
1913,AUS,5156.813939016802,4821,24861000.0
1914,AUS,5026.75856476789,4933,24797000.0
1915,AUS,4896.600281633474,4971,24341000.0
1916,AUS,4878.304742684158,4955,24172000.0
1917,AUS,4791.111111111111,4950,23716000.0
1918,AUS,4601.550079491256,5032,23155000.0
1919,AUS,4715.578663585596,5193,24488000.0
1920,AUS,4765.584173198955,5358,25534000.0
1921,AUS,4910.822193737411,5461,26818000.0
1922,AUS,5063.688554000717,5574,28224999.999999996
1923,AUS,5192.030893452694,5697,29578999.999999996
1924,AUS,5417.425674514521,5819,31524000.0
1925,AUS,5553.087666161871,5943,33002000.0
1926,AUS,5572.559366754618,6064,33792000.00000001
1927,AUS,5543.794440853264,6188,34305000.0
1928,AUS,5451.776649746193,6304,34368000.0
1929,AUS,5262.976860537836,6396,33662000.0
1930,AUS,4708.301128458803,6469,30457999.999999996
1931,AUS,4353.60808947449,6527,28415999.999999996
1932,AUS,4563.7634898920805,6579,30024999.999999996
1933,AUS,4842.40687679083,6631,32109999.999999996
1934,AUS,5059.862316671655,6682,33810000.0
1935,AUS,5317.587641117053,6732,35798000.0
1936,AUS,5515.848444641014,6783,37414000.0
1937,AUS,5745.651220581786,6841,39306000.0
1938,AUS,5886.326767091541,6904,40639200.0
1939,AUS,5845.561325491322,6971,40749408.00000001
1940,AUS,6166.139165009941,7042,43421952.00000001
1941,AUS,6788.230066094781,7111,48271103.99999999
1942,AUS,7505.452112086993,7173,53836608.0
1943,AUS,7702.8325041459375,7236,55737696.0
1944,AUS,7362.027089889179,7309,53809056.00000001
1945,AUS,6916.898091758018,7389,51108960.0
1946,AUS,6594.932833823923,7474,49290528.0
1947,AUS,6664.399049881235,7578,50502816.0
1948,AUS,6967.459753726508,7715,53753952.00000001
1949,AUS,7236.792524308626,7919,57308160.00000001
1950,AUS,7411.576424185927,8267.337,61274000.00000001
1951,AUS,7507.343783047023,8510.6,63891999.99999999
1952,AUS,7417.837696284477,8691.212,64470000.0
1953,AUS,7505.257439553556,8857.924,66481000.0
1954,AUS,7790.585564877029,9064.017,70614000.0
1955,AUS,8027.412052942912,9277.087,74471000.0
1956,AUS,8108.324879486634,9500.606,77033999.99999999
1957,AUS,8090.238535242324,9712.569,78577000.0
1958,AUS,8305.474779448703,9915.267,82351000.0
1959,AUS,8628.438443231162,10131.73,87421008.62843846
1960,AUS,8790.908221412563,10361.27,91084973.62727535
1961,AUS,8653.137983174343,10598.81,91712965.38744806
1962,AUS,9026.798412000851,10794.97,97444018.05359682
1963,AUS,9399.914538794452,11001.48,103412971.80025639
1964,AUS,9848.90407676597,11218.3,110487960.60438368
1965,AUS,10151.857827309583,11439.38,116130959.3925687
1966,AUS,10241.282709012024,11655.08,119362969.27615187
1967,AUS,10732.746509006201,11872.26,127421957.06901397
1968,AUS,11148.305273821938,12101.66,134913000.0
1969,AUS,11560.995280540616,12379.38,143117953.75601888
1970,AUS,12023.544726133005,12660.16,152220000.00000003
1971,AUS,12289.521689391831,12937.2,158992000.0
1972,AUS,12404.416786825528,13177,163452999.99999997
1973,AUS,12878.090341095933,13380.4,172314000.0
1974,AUS,12985.124015559853,13599.1,176586000.0
1975,AUS,13169.830227863544,13771.4,181367000.0
1976,AUS,13558.837267794905,13915.5,188678000.0
1977,AUS,13546.37241457713,14074.1,190653000.0
1978,AUS,13768.650955181562,14248.6,196184000.0
1979,AUS,14319.541807944863,14421.9,206515000.0
1980,AUS,14411.839161461148,14615.9,210642000.0
1981,AUS,14660.33561031571,14923.26,218780000.00000003
1982,AUS,14411.819021237303,15162,218512000.0
1983,AUS,14238.923638259055,15348,218538999.99999997
1984,AUS,15062.411347517731,15510,233618000.0
1985,AUS,15638.35616438356,15695,245443999.99999997
1986,AUS,15757.169811320753,15900,250538999.99999997
1987,AUS,16293.301109252032,16137,262925000.00000003
1988,AUS,16752.256097560978,16400,274737000.00000006
1989,AUS,17194.41280498771,16681,286820000.0
1990,AUS,17172.682236376502,16956,291180000.0
1991,AUS,16743.32398551786,17202,288018659.1988782
1992,AUS,16988.874013415483,17419,295929196.43968433
1993,AUS,17478.185210321713,17608,307755885.1833447
1994,AUS,18145.568488327885,17781,322646353.2909581
1995,AUS,18529.55820683624,17976,333087338.3260882
1996,AUS,19075.08247877645,18195,347071125.7013375
1997,AUS,19612.09177301113,18415,361156669.99999994
1998,AUS,20377.949762010507,18621,379457802.5183976
1999,AUS,20970.89428666414,18830,394881939.4178858
2000,AUS,21377.823125181403,19053,407311664.00408125
2001,AUS,21662.025668109953,19294,417947123.24051344
2002,AUS,22236.935272996816,19345,430173512.8561234
2003,AUS,22666.277788514366,19767,448044313.04556346
2004,AUS,23322.00788305354,19995,466323547.6216555
2005,AUS,23764.613687385267,20232,480805664.1231787
2006,AUS,24097.573450962896,20489,493735182.4367788
2007,AUS,24911.57786781549,20750,516915240.7571714
2008,AUS,25218.3018906546,21007,529760867.81698114
2009,AUS,25255.63884313768,21388.48305084746,540179803.334775
2010,AUS,25584.48835604182,21687.800521512385,554871279.9107913
2011,AUS,25883.527952005992,22030.157105606257,570218187.2300429
2012,AUS,26390.436830679035,22427.29074315515,591865999.6405087
2013,AUS,26525.71368012829,22789.210560625816,604500074.3273163
2014,AUS,26813.654579488142,23123.741851368974,620032026.5878613
2015,AUS,27043.29298405261,23461.207627118645,634468311.6198592
2016,AUS,27319.882367187696,23857.363102998697,651780353.5652084
2017,AUS,27547.339065707012,24231.999022164277,667527093.3034401
2018,AUS,27883.914290433742,24621.307366362453,686538424.3220756
2019,AUS,27986.814400679978,24999.855932203394,699666328.0183147
2020,AUS,27183.90781478999,25132.885919165587,683210053.9462306
1870,BEL,2691.5227629513347,5096,13716000.000000002
1871,BEL,2682.4648627603656,5137,13779821.999999998
1872,BEL,2823.6469679412903,5178,14620844.000000002
1873,BEL,2820.0584403142366,5219,14717885.0
1874,BEL,2889.7719064816574,5261,15203090.0
1875,BEL,2860.7850273430136,5303,15170743.0
1876,BEL,2874.6164639850326,5345,15364825.0
1877,BEL,2884.4840563589173,5394,15558907.0
1878,BEL,2942.257442116869,5442,16011765.0
1879,BEL,2944.919883466861,5492,16173500.0
1880,BEL,3064.8213318895505,5541,16982175.0
1881,BEL,3069.676061362826,5606,17208604.000000004
1882,BEL,3136.056760091662,5673,17790850.0
1883,BEL,3144.5341463414634,5740,18049626.0
1884,BEL,3136.10487342862,5807,18211360.999999996
1885,BEL,3137.8131381892445,5876,18437790.0
1886,BEL,3153.2723433012334,5919,18664219.0
1887,BEL,3249.8914793693393,5962,19375853.0
1888,BEL,3247.0852338937902,6007,19505240.999999996
1889,BEL,3378.5000826309697,6051,20443303.999999996
1890,BEL,3427.8480971128606,6096,20896162.0
1891,BEL,3395.280499675536,6164,20928509.000000004
1892,BEL,3441.8329321136257,6231,21446061.0
1893,BEL,3455.4811111111117,6300,21769531.000000004
1894,BEL,3468.289010989011,6370,22093001.0
1895,BEL,3511.5006988662844,6439,22610553.000000004
1896,BEL,3551.4953803510934,6494,23063411.0
1897,BEL,3586.4266951740988,6548,23483922.0
1898,BEL,3614.7919442761963,6604,23872086.0
1899,BEL,3656.152957069949,6662,24357291.0
1900,BEL,3731.0500074415836,6719,25068925.0
1901,BEL,3719.3580355830027,6801,25295354.0
1902,BEL,3739.375054324207,6903,25812906.000000004
1903,BEL,3772.352722595398,6997,26395152.0
1904,BEL,3820.835309060118,7086,27074438.999999996
1905,BEL,3881.6399999999994,7175,27850766.999999996
1906,BEL,3917.4721686414996,7258,28433013.000000004
1907,BEL,3932.0692286726626,7338,28853523.999999996
1908,BEL,3932.62002428822,7411,29144647.0
1909,BEL,3970.920834447714,7478,29694546.000000004
1910,BEL,4063.866897839424,7498,30470874.0
1911,BEL,4148.2649993348405,7517,31182507.999999996
1912,BEL,4206.388537549407,7590,31926489.000000004
1913,BEL,4219.54082963736,7666,32347000.0
1914,BEL,3923.3325132720447,7723,30299897.0
1915,BEL,3858.079391674185,7759,29934838.0
1916,BEL,4080.4346817830456,7762,31672334.0
1917,BEL,3519.110622331479,7729,27199206.000000004
1918,BEL,2861.279765013055,7660,21917403.000000004
1919,BEL,3389.4199003670687,7628,25854495.0
1920,BEL,3961.993511652542,7552,29920974.999999996
1921,BEL,4056.3069029850744,7504,30438527.0
1922,BEL,4413.479196935676,7571,33414451.0
1923,BEL,4533.2403405370005,7635,34611290.0
1924,BEL,4637.788374205267,7707,35743434.99999999
1925,BEL,4665.552641727729,7779,36293334.0
1926,BEL,4783.595104538501,7844,37522520.0
1927,BEL,4923.259235829959,7904,38913440.99999999
1928,BEL,5139.47063253012,7968,40951302.0
1929,BEL,5054.21875,8032,40595485.0
1930,BEL,4978.618251609708,8076.000000000001,40207321.00000001
1931,BEL,4860.409426532119,8125.999999999999,39495686.99999999
1932,BEL,4607.451991204495,8186,37716602.0
1933,BEL,4680.509901591544,8231,38525277.0
1934,BEL,4623.796538368434,8262,38201807.0
1935,BEL,4894.201013513514,8288,40563138.00000001
1936,BEL,4913.320625375826,8315,40854260.99999999
1937,BEL,4960.958543014618,8346,41404160.0
1938,BEL,4832.349773107236,8374,40466096.99999999
1939,BEL,5149.617731172546,8392,43215592.00000001
1940,BEL,4561.75641025641,8346,38072419.0
1941,BEL,4358.011720637989,8276,36066905.0
1942,BEL,3996.7979871468415,8247,32961593.0
1943,BEL,3906.600800776511,8242,32198203.8
1944,BEL,4112.138222168617,8291,34093738.00000001
1945,BEL,4332.84554502938,8339,36131599.0
1946,BEL,4573.503167204494,8367,38266501.0
1947,BEL,4800.371360946747,8450,40563138.00000001
1948,BEL,5023.859179619025,8557,42989162.99999999
1949,BEL,5193.394590201997,8614,44735901.0
1950,BEL,5462.204473498006,8639,47187984.446549274
1951,BEL,5746.921144092922,8678,49871781.68843838
1952,BEL,5668.2364678385475,8730,49483704.36423052
1953,BEL,5818.152073970539,8798,51188101.9467928
1954,BEL,6029.108622148043,8841,53303349.32841085
1955,BEL,6280.222924459955,8896,55868863.13599576
1956,BEL,6422.455791197629,8951,57487401.78700998
1957,BEL,6494.635565185477,9027,58627075.2469293
1958,BEL,6441.830051497303,9079,58485375.03754402
1959,BEL,6608.281068120547,9129,60326997.870872475
1960,BEL,6952.0874686084635,9178,63806258.78688848
1961,BEL,7252.831176765804,9190,66653518.51447774
1962,BEL,7583.094680204808,9251,70151208.88657469
1963,BEL,7862.459738664885,9328,73341024.44226605
1964,BEL,8340.77079107505,9428,78636787.01825558
1965,BEL,8559.392893809336,9499,81305673.09829488
1966,BEL,8775.952375943962,9556,83863000.9045205
1967,BEL,9071.835923193637,9606,87144055.87819809
1968,BEL,9415.524828463576,9632,90690335.14776117
1969,BEL,10018.205082859133,9660,96775861.10041922
1970,BEL,10610.824046981676,9651,102405062.87742016
1971,BEL,10969.55285603515,9695,106349814.93926078
1972,BEL,11502.507956453224,9727,111884894.89242052
1973,BEL,12169.966318902489,9757,118742361.37353158
1974,BEL,12642.96975777555,9788,123749387.98910709
1975,BEL,12440.7849062768,9813,122081422.28529423
1976,BEL,13122.311690959128,9823,128900467.74029152
1977,BEL,13189.944816632391,9837,129749487.16121283
1978,BEL,13553.923314038067,9842,133397713.25676265
1979,BEL,13860.651404871303,9855,136596719.5950067
1980,BEL,14467.441199171306,9863,142692372.54742658
1981,BEL,14278.754415167878,9855,140717124.76147944
1982,BEL,14474.494138420865,9858,142689563.21655288
1983,BEL,14473.919184375862,9853,142611525.72365537
1984,BEL,14832.628129027022,9858,146220048.09594837
1985,BEL,14977.37923758901,9859,147661981.90339005
1986,BEL,15195.400433997853,9865,149902625.28138882
1987,BEL,15540.921156612834,9876,153482137.34270835
1988,BEL,16251.719951436666,9928,161347075.6778632
1989,BEL,16743.919642548975,9948,166568512.60407722
1990,BEL,17196.977524021222,9987,171746214.53239995
1991,BEL,17450.630666830595,10022,174890220.54297623
1992,BEL,17645.197608509978,10068,177651849.52247846
1993,BEL,17406.492335973773,10101,175822979.0856711
1994,BEL,17901.66760348556,10131,181361794.4909122
1995,BEL,18269.833173485003,10143,185310917.87865838
1996,BEL,18487.356726099893,10170,188016417.9044359
1997,BEL,19138.659717503986,10192,195061219.8408006
1998,BEL,19474.911006427505,10214,198916741.01965052
1999,BEL,20127.576531459625,10239,206086256.1056151
2000,BEL,20809.358686311454,10263,213566448.19761446
2001,BEL,20920.25111546414,10310,215687789.0004353
2002,BEL,21162.974678941075,10355,219142602.80043483
2003,BEL,21294.789764994453,10396,221380634.39688233
2004,BEL,21954.94806866455,10446,229341387.5252699
2005,BEL,22304.690386988525,10511,234444600.65763637
2006,BEL,22867.021804458396,10585,242047425.80019212
2007,BEL,23496.542128109177,10667,250637614.88054058
2008,BEL,23701.296142330557,10753,254860037.4184805
2009,BEL,23020.27204796463,10840,249539748.99993658
2010,BEL,23556.823098597495,10951,257970769.75274116
2011,BEL,23630.01600715963,11113.648616236162,262615694.69960797
2012,BEL,23642.929689311823,11189.41660516605,264550590.06035912
2013,BEL,23619.124656363343,11252.05147601476,265763606.45180976
2014,BEL,23899.98018736695,11295.491789667898,269962029.9796288
2015,BEL,24265.37404213519,11352.065221402216,275462108.748039
2016,BEL,24412.360983552786,11426.822970479707,278955727.25050354
2017,BEL,24719.49220292041,11468.242804428046,283489138.5852572
2018,BEL,25057.95737558562,11515.724077490775,288560523.0827689
2019,BEL,25378.411616464226,11573.307749077492,293712167.82010365
2020,BEL,23645.527045005078,11639.983579335796,275233546.52859956
1870,CAN,1694.5252578682887,3781,6407000.0
1871,CAN,1754.5267034990795,3801,6668956.000000001
1872,CAN,1705.1999999999996,3870,6599123.999999998
1873,CAN,1841.8787725082427,3943,7262528.000000001
1874,CAN,1853.715852442672,4012,7437108.0
1875,CAN,1783.966592974699,4071,7262528.0
1876,CAN,1640.9166666666663,4128,6773703.999999998
1877,CAN,1727.4407265774375,4184,7227611.999999999
1878,CAN,1637.2016965127236,4244,6948283.999999999
1879,CAN,1765.2337662337663,4312,7611688.000000001
1880,CAN,1815.8868613138688,4384,7960848.000000001
1881,CAN,2039.5776230060658,4451,9078159.999999998
1882,CAN,2109.0721741061516,4503,9497152.0
1883,CAN,2090.3657894736843,4560,9532068.0
1884,CAN,2230.933506606021,4617,10300220.0
1885,CAN,2072.810115730819,4666,9671732.0
1886,CAN,2075.2451708766716,4711,9776480.0
1887,CAN,2119.8999999999996,4760,10090723.999999998
1888,CAN,2248.900893413671,4813,10823959.999999998
1889,CAN,2239.21726618705,4865,10893791.999999998
1890,CAN,2378.3773891825945,4918,11696860.0
1891,CAN,2408.726468222043,4972,11976187.999999998
1892,CAN,2370.8395061728397,5022,11906356.000000002
1893,CAN,2333.69952681388,5072,11836523.999999998
1894,CAN,2420.4608474907245,5121,12395180.0
1895,CAN,2370.9645966337785,5169,12255516.0
1896,CAN,2288.4768110387126,5218,11941272.000000002
1897,CAN,2511.5133801480356,5269,13233164.0
1898,CAN,2583.4561502347415,5325,13756903.999999998
1899,CAN,2795.6150845253574,5383,15048795.999999998
1900,CAN,2911.2662635147517,5457,15886780.0
1901,CAN,3096.7767341040467,5536,17143756.000000004
1902,CAN,3330.924601769911,5650,18819723.999999996
1903,CAN,3333.628075004301,5813,19378380.000000004
1904,CAN,3279.564230897564,5994,19657707.999999996
1905,CAN,3561.817061303925,6166,21962164.000000004
1906,CAN,3846.2069404648205,6282,24161872.000000004
1907,CAN,3874.850212249849,6596,25558512.000000004
1908,CAN,3572.061059738735,6813,24336452.0
1909,CAN,3849.5975975975975,6993,26920236.0
1910,CAN,4065.761268781302,7188,29224692.0
1911,CAN,4212.537651821863,7410,31214904.000000004
1912,CAN,4377.130755064456,7602,33274947.999999996
1913,CAN,4446.765155374427,7852,34916000.0
1914,CAN,4025.284566909675,8093,32576628.0
1915,CAN,4232.888292027835,8191,34671587.99999999
1916,CAN,4646.114925736547,8214,38163187.99999999
1917,CAN,4800.580886794732,8277,39734407.99999999
1918,CAN,4440.594697874373,8374,37185540.0
1919,CAN,4019.343004211512,8548,34357344.00000001
1920,CAN,3861.4762446010454,8798,33973268.0
1921,CAN,3357.010190518387,9028,30307087.999999996
1922,CAN,3793.145539906103,9159,34741419.99999999
1923,CAN,3975.9576490924815,9256,36801464.00000001
1924,CAN,3977.0193740685545,9394,37360120.0
1925,CAN,4340.275630956121,9549,41445292.0
1926,CAN,4497.057139915577,9713,43679916.0
1927,CAN,4846.9964664310955,9905,48009500.0
1928,CAN,5171.5891956070045,10107,52269251.99999999
1929,CAN,5065.445900048519,10305,52199419.99999999
1930,CAN,4810.604500381389,10488,50453620.00000001
1931,CAN,4003.692596415501,10657,42667351.99999999
1932,CAN,3671.452658884566,10794,39629660.00000001
1933,CAN,3370.4060811429626,10919,36801464.00000001
1934,CAN,3691.029555757026,11030,40712056.0
1935,CAN,3950.6250000000005,11136,43994160.00000001
1936,CAN,4124.205994841235,11243,46368448.00000001
1937,CAN,4473.410457631602,11341,50732948.0
1938,CAN,4545.909535452322,11452,52059756.0
1939,CAN,4768.131374243734,11570,55167280.00000001
1940,CAN,5368.2453798767965,11688,62744052.0
1941,CAN,6050.767304112372,11818,71507968.00000001
1942,CAN,7033.375887709916,11969,84182475.99999999
1943,CAN,7262.7585637639295,12115,87988320.0
1944,CAN,7442.561134659276,12268,91305340.0
1945,CAN,7132.952595936795,12404,88477144.0
1946,CAN,6931.243311698591,12634,87569328.0
1947,CAN,7088.210526315788,12901,91445003.99999999
1948,CAN,7065.324127465857,13180,93120971.99999999
1949,CAN,7064.080481104759,13469,95146100.0
1950,CAN,7291.479765579824,14011.42,102163985.41704045
1951,CAN,7533.490222895991,14330.67,107959962.33254889
1952,CAN,7833.035205102483,14785.58,115815968.66785917
1953,CAN,7984.2590991792,15183.38,121228039.92129548
1954,CAN,7699.418882218844,15636.25,120390038.49709441
1955,CAN,8201.251112436385,16050.36,131633032.80500445
1956,CAN,8651.945714850886,16445.09,142282025.95583716
1957,CAN,8606.741596813292,17010.15,146401965.57303363
1958,CAN,8534.014767148146,17462,149020965.86394092
1959,CAN,8676.236851384683,17872.03,155061965.2950526
1960,CAN,8752.507627924268,18266.77,159880043.76253816
1961,CAN,8832.745004192922,18634.98,164598026.49823502
1962,CAN,9276.909344428053,18985.85,176130009.27690935
1963,CAN,9566.381691293434,19342.84,185040990.4336183
1964,CAN,9999.364316051508,19711.05,197097970.00190705
1965,CAN,10472.916686595814,20071.1,210202958.10833323
1966,CAN,10946.135109398754,20448.5,223832043.7845404
1967,CAN,11078.269992166579,20819.77,230647033.23481
1968,CAN,11479.064091831378,21143.1,242703000.0
1969,CAN,11912.352219241327,21448.07,255496964.26294333
1970,CAN,12050.490515258263,21749.99,262098048.20196208
1971,CAN,12561.925689172991,22026.4,276694000.0
1972,CAN,13072.494334627207,22284.5,291314000.0
1973,CAN,13837.895343425165,22559.5,312176000.0
1974,CAN,14204.68902324402,22874.7,324928000.0
1975,CAN,14316.26251658825,23209.2,332269000.0
1976,CAN,14902.391835866907,23517.5,350467000.0
1977,CAN,15222.680741624783,23796.4,362245000.0
1978,CAN,15680.200363616697,24036.3,376894000.0
1979,CAN,16170.145282140635,24276.9,392561000.0
1980,CAN,16175.706391578196,24593.3,397814000.00000006
1981,CAN,16472.449799196787,24900,410164000.0
1982,CAN,15779.405521012304,25201.9,397671000.0
1983,CAN,16076.413304368663,25456.3,409246000.0
1984,CAN,16835.824728229152,25701.8,432711000.0
1985,CAN,17582.068954883274,25941.6,456106999.99999994
1986,CAN,17862.103969653257,26203.8,468055000.0
1987,CAN,18348.154593083917,26549.7,487138000.00000006
1988,CAN,18993.076728586937,26894.8,510814999.99999994
1989,CAN,19108.487068697887,27379.3,523177000.00000006
1990,CAN,18872.38850546588,27790.6,524475000.0
1991,CAN,18262.46376863137,28117.6,513496651.2608694
1992,CAN,18146.724685223868,28545,517998256.1397153
1993,CAN,18309.1076884394,28953,530103594.90338594
1994,CAN,18941.768399849854,29331,555581008.935996
1995,CAN,19237.797708562295,29691,571189451.7649231
1996,CAN,19330.596623229223,30026,580420494.2090807
1997,CAN,19961.8228974183,30305.84,604959810.8374954
1998,CAN,20612.3873465468,30552,629749658.2116978
1999,CAN,21563.04067519223,30821,664594476.6500998
2000,CAN,22487.70818622514,31100,699367724.5916018
2001,CAN,22686.64558523288,31377,711838878.527852
2002,CAN,23155.136569813305,31641,732651676.2054628
2003,CAN,23406.980270190852,31889,746425193.8361161
2004,CAN,23952.908626048553,32135,769726718.6980703
2005,CAN,24484.344653524106,32386,792949985.9490317
2006,CAN,24967.16720744424,32657,815352779.4935066
2007,CAN,25300.08385970836,32386,819368515.880515
2008,CAN,25262.071135439153,33213,839029168.6213406
2009,CAN,24361.021416833475,33595.16108918943,818412438.7957144
2010,CAN,24941.23562562982,33972.320069881614,847311639.6122302
2011,CAN,25470.997020197392,34312.4634476942,873972654.231851
2012,CAN,25645.574336158857,34679.6182113919,889378726.7898594
2013,CAN,25966.337119654458,35048.773818488495,910088276.6013911
2014,CAN,26441.103335942946,35406.924786891155,936198157.0981487
2015,CAN,26402.305924722383,35693.045392933505,942378703.8492333
2016,CAN,26389.803801027017,36067.203108527356,951806413.6858287
2017,CAN,26862.50104274103,36510.38992138317,980760387.334037
2018,CAN,27137.2663834969,37018.604144703146,1004583721.8200316
2019,CAN,27251.07653688964,37549.828067110444,1023273238.6038735
2020,CAN,25505.010962201755,37989.01319316845,968910197.9349885
1870,CHE,2875.6499241938427,2655,7634850.548734653
1871,CHE,2930.0914038262554,2680,7852644.962254364
1872,CHE,2594.594396669255,2697,6997621.087816981
1873,CHE,2619.4136315070605,2715,7111708.009541669
1874,CHE,3174.460277805727,2733,8675799.939243052
1875,CHE,3590.1058867181887,2750,9872791.188475018
1876,CHE,3404.6001851403657,2768,9423933.312468532
1877,CHE,3078.580768752745,2786,8576926.021745147
1878,CHE,3243.5942971679615,2803,9091794.814961797
1879,CHE,3297.9168168221,2821,9303423.340255143
1880,CHE,3427.3785361645278,2839,9730327.664171094
1881,CHE,3576.6859608289033,2853,10204285.046244862
1882,CHE,3429.9840735599114,2863,9820044.402602026
1883,CHE,3539.1946382515835,2874,10171645.390335051
1884,CHE,4017.9026063789706,2885,11591649.019403331
1885,CHE,4455.421909422528,2896,12902901.849687641
1886,CHE,4623.496559056422,2907,13440504.497177018
1887,CHE,4560.8790957839165,2918,13308645.20149747
1888,CHE,4708.034048352649,2929,13789831.727624908
1889,CHE,4557.505942253374,2940,13399067.47022492
1890,CHE,4830.035767329526,2951,14253435.549389431
1891,CHE,4558.058145519467,2965,13514642.40146522
1892,CHE,4816.413208324024,3002,14458872.451388719
1893,CHE,4863.618419178371,3040,14785399.994302249
1894,CHE,4750.667357716145,3077,14617803.459692577
1895,CHE,4944.243467926627,3114,15396374.159123518
1896,CHE,5203.846663282713,3151,16397320.836003829
1897,CHE,5335.546837454995,3188,17009723.317806523
1898,CHE,5501.352553141537,3226,17747363.3364346
1899,CHE,5608.256715264099,3263,18299741.661906753
1900,CHE,5898.959360560717,3300,19466565.889850367
1901,CHE,5635.66760265835,3341,18828765.460481547
1902,CHE,5791.7025194038315,3384,19599121.325662564
1903,CHE,5678.997053999388,3428,19467601.901109904
1904,CHE,6067.478256675852,3472,21066284.50717856
1905,CHE,6301.7922677152355,3461,21810503.038562432
1906,CHE,6591.671264839547,3560,23466349.702828787
1907,CHE,6557.287718702749,3604,23632464.938204706
1908,CHE,6572.755766240267,3647,23970840.279478252
1909,CHE,6664.735343513256,3691,24599538.152907427
1910,CHE,6884.952258340038,3735,25715296.68490004
1911,CHE,6926.688070859154,3776,26155174.155564167
1912,CHE,7211.931969253972,3819,27542368.19058092
1913,CHE,7092.6120023353815,3864,27405852.777023915
1914,CHE,6638.709249283918,3897,25871049.94445943
1915,CHE,6623.33347067484,3883,25718403.866630405
1916,CHE,7058.36955635548,3883,27407648.98732833
1917,CHE,6820.661391253491,3888,26518731.489193574
1918,CHE,6217.180240983047,3880,24122659.335014224
1919,CHE,6175.757936019834,3869,23894007.45446074
1920,CHE,6567.965615428848,3877,25464002.691017643
1921,CHE,5543.013925804823,3876,21484721.976419494
1922,CHE,6486.719299061594,3874,25129550.564564615
1923,CHE,6711.094856402813,3883,26059181.327412125
1924,CHE,7226.394059493464,3896,28154031.255786534
1925,CHE,7361.067633588485,3910,28781774.447330974
1926,CHE,7497.243610056813,3932,29479161.874743387
1927,CHE,7962.0138537145785,3956,31497726.80529487
1928,CHE,8353.462230896786,3988,33313607.376816384
1929,CHE,8635.80226167777,4022,34733196.696467996
1930,CHE,8491.66925434806,4051,34399752.149363995
1931,CHE,8437.190861132209,4080,34423738.713419415
1932,CHE,7862.159921923803,4102,32250579.99973144
1933,CHE,8057.293031197544,4122,33212161.87459628
1934,CHE,8086.2535716255625,4140,33477089.786529828
1935,CHE,7697.7968484306675,4155,31984345.905229423
1936,CHE,7574.232939966429,4168,31569402.893780075
1937,CHE,8360.382178746704,4180,34946397.50716122
1938,CHE,7966.641042405883,4192,33396159.249765463
1939,CHE,8092.20639164219,4206,34035820.08324705
1940,CHE,8138.787187402667,4226,34394514.65396367
1941,CHE,8046.673515096424,4254,34230549.13322019
1942,CHE,7668.759038322923,4286,32868301.238252047
1943,CHE,7642.793631620905,4323,33039796.869497173
1944,CHE,7724.1390129064675,4364,33708142.65232383
1945,CHE,7475.09437427205,4412,32980116.379288286
1946,CHE,8996.93108769486,4467,40189291.16873294
1947,CHE,9182.168889364442,4524,41540132.055484734
1948,CHE,9115.652989960716,4582,41767922.0
1949,CHE,8756.59375,4640,40630595.0
1950,CHE,9063.698338304219,4694,42545000.0
1951,CHE,9684.144030322173,4749,45990000.0
1952,CHE,9630.114226375908,4815,46369000.0
1953,CHE,9840.30340303403,4878,48000999.99999999
1954,CHE,10287.076486102658,4929,50705000.0
1955,CHE,10866.867469879518,4980,54117000.0
1956,CHE,11439.048562933598,5045,57710000.0
1957,CHE,11705.423332032775,5126,60002000.00000001
1958,CHE,11296.787843816119,5199,58732000.0
1959,CHE,11870.127400646512,5259,62425000.00000001
1960,CHE,12456.732562476687,5362,66793000.0
1961,CHE,13098.693759071119,5512,72200000.0
1962,CHE,13353.512177903283,5666,75661000.0
1963,CHE,13710.485403351184,5789,79370000.0
1964,CHE,14190.759300152878,5887,83541000.0
1965,CHE,14503.61770149756,5943,86195000.0
1966,CHE,14727.318212141428,5996,88305000.0
1967,CHE,15010.39089559624,6063,91008000.0
1968,CHE,15373.776908023483,6132,94272000.0
1969,CHE,16030.907920154541,6212,99584000.00000001
1970,CHE,16903.6221477581,6267,105935000.0
1971,CHE,17381.035370745132,6343.293,110253000.0
1972,CHE,17774.393101509046,6401.4,113781000.0
1973,CHE,18203.567713589295,6441.1,117251000.00000001
1974,CHE,18414.39628482972,6460,118956999.99999999
1975,CHE,17224.01811509331,6403.5,110294000.0
1976,CHE,17170.318283653436,6333.313,108745000.0
1977,CHE,17635.29490737164,6316.424,111392000.00000001
1978,CHE,17662.186967435646,6332.568,111847000.00000001
1979,CHE,18050.21068079183,6350.84,114634000.0
1980,CHE,18779.122878756578,6385.229,119908999.99999999
1981,CHE,18956.182057287817,6425.45,121802000.0
1982,CHE,18560.399101687257,6468.126,120051000.0
1983,CHE,18559.859272461636,6501.073,120658999.99999999
1984,CHE,19037.827864258055,6529.684,124311000.0
1985,CHE,19586.457173240375,6563.77,128560999.99999999
1986,CHE,19786.339697528107,6603.192,130653000.00000001
1987,CHE,19791.751567156523,6649.942,131613999.99999999
1988,CHE,20242.651077428298,6704.112,135708999.99999997
1989,CHE,20935.284527458756,6763.653,141599000.0
1990,CHE,21487.19471435488,6836.626,146899914.05122113
1991,CHE,21039.627817962108,6920.562,145606048.7711315
1992,CHE,20803.539537031877,6995.447,145530058.24371102
1993,CHE,20590.8129892361,7058.211,145334302.73956913
1994,CHE,20685.449328983123,7114.53,147167249.81453028
1995,CHE,20659.518430182437,7157.106,147862363.3137693
1996,CHE,20688.712046842254,7181.024,148566137.73746336
1997,CHE,21071.98968160869,7193.761,151586857.56395903
1998,CHE,21603.490531624364,7207.995,155717851.73449576
1999,CHE,21828.104743186803,7232.809,157878512.4394642
2000,CHE,22521.381194342735,7266.92,163661075.4287931
2001,CHE,22692.35686926238,7311.237,165909199.1597553
2002,CHE,22621.667640612588,7361.757,166535220.1049532
2003,CHE,22516.4820417724,7408.319,166809281.72322127
2004,CHE,22959.647174249545,7450.867,171069277.4622592
2005,CHE,23480.64036641517,7489.37,175855203.54101878
2006,CHE,24262.435535186778,7523.934,182548963.646
2007,CHE,25025.24076171636,7554.661,189057210.39814886
2008,CHE,25293.204039277472,7581.52,191760932.28786296
2009,CHE,24538.194701964352,7690.3552008428815,188707433.2455468
2010,CHE,25033.238641853633,7774.228199657579,194614109.77825633
2011,CHE,25220.957647835698,7858.101198472277,198188837.51907623
2012,CHE,25285.386005433727,7942.972685368102,200841130.38014898
2013,CHE,25485.441732448504,8026.845684182801,204567707.97959653
2014,CHE,25778.98587099018,8127.692980376664,209523682.50487608
2015,CHE,25887.977990460484,8225.544812327145,212942723.06107154
2016,CHE,26120.518572067667,8314.41025154748,217176707.3913358
2017,CHE,26259.9504401359,8407.269643092324,220774484.1644635
2018,CHE,26828.437275195964,8471.172880284475,227268330.26605317
2019,CHE,26968.575907835817,8532.080653233244,230098064.74849814
2020,CHE,26106.34192738905,8592.988426182013,224331494.03200436
1870,DEU,1839.0795034539012,40804,75041800.05893299
1871,DEU,1816.5618410381182,40997,74473585.79703973
1872,DEU,1931.375777884155,41230,79630623.32216372
1873,DEU,1998.6726641177502,41564,83072830.61139017
1874,DEU,2123.9600494437577,42004,89214817.9168356
1875,DEU,2112.351712839572,42518,89812970.12651291
1876,DEU,2070.6703622472346,43059,89160995.12800367
1877,DEU,2032.6288242851026,43610,88642943.02707332
1878,DEU,2102.998260706059,44129,92803210.2466977
1879,DEU,2028.6671002508592,44641,90561728.0222986
1880,DEU,1991.406436781609,45095,89802473.26666667
1881,DEU,2025.28505259315,45426,92000598.79909644
1882,DEU,2044.4813202756623,45717,93467552.51904245
1883,DEU,2143.2783533015045,46014,98620810.14881542
1884,DEU,2178.4275855908168,46335,100937442.1783505
1885,DEU,2216.2357377340077,46705,103509290.13086683
1886,DEU,2211.3782661246014,47103,104162550.4692671
1887,DEU,2275.2421034325343,47540,108165009.59718268
1888,DEU,2340.7836176887704,48020,112404429.32141475
1889,DEU,2379.2176369390227,48512,115420606.00318587
1890,DEU,2427.808599575693,49239,119542867.63450754
1891,DEU,2396.5457832076295,49767,119268893.9928941
1892,DEU,2469.31079719532,50279,124154477.57218349
1893,DEU,2565.464079962543,50778,130269135.05233802
1894,DEU,2597.601915377341,51339,133358284.7335573
1895,DEU,2686.083831384151,52001,139679045.31580722
1896,DEU,2739.642738353779,52753,144524373.3763769
1897,DEU,2774.6099651393465,53549,148577589.02324685
1898,DEU,2847.8220385570485,54406,154938605.82973477
1899,DEU,2905.093894611136,55248,160500627.48947603
1900,DEU,2984.7592851364275,56046,167283818.89475623
1901,DEU,2871.332922809432,56874,163304188.65186363
1902,DEU,2893.467275060602,57767,167146924.0784258
1903,DEU,3008.1579972964914,58629,176365295.223496
1904,DEU,3083.353492717019,59475,183382448.9793447
1905,DEU,3104.0454948502834,60314,187217399.9764
1906,DEU,3152.1373211613795,61153,192762653.60098183
1907,DEU,3244.8733033923863,62013,201224328.16327205
1908,DEU,3254.3113406442544,62863,204575773.80691975
1909,DEU,3274.7056965085912,63717,208654422.8644379
1910,DEU,3347.647795941735,64568,216150922.88836592
1911,DEU,3408.4044979013975,65359,222769909.57833743
1912,DEU,3523.6936872643782,66146,233078242.63778958
1913,DEU,3648.006394294322,66978,244336172.2770451
1914,DEU,3059.290486564997,67790,207389302.08424115
1915,DEU,2899.0123508983843,67883,196793655.41603503
1916,DEU,2934.503359767541,67715,198709895.00665903
1917,DEU,2952.0790718184994,67368,198875662.91026866
1918,DEU,2983.1574106718576,66811,199307729.76439747
1919,DEU,2586.271821890432,62897,162668738.7814425
1920,DEU,2795.595625184747,61974,173254243.2751995
1921,DEU,3077.8263199779126,62473,192281043.68798015
1922,DEU,3330.9854604200323,61185,203806345.39579967
1923,DEU,2749.5786990225815,61577,169310807.5497135
1924,DEU,3198.829290077675,61953,198177071.0081822
1925,DEU,3531.678434600893,62411,220415582.78187633
1926,DEU,3604.6361779035046,62866,226609057.96008173
1927,DEU,3941.0992924417787,63252,249282412.44552737
1928,DEU,4089.9942540338234,63618,260197254.45312378
1929,DEU,4051.406416534083,63957,259115800.18227035
1930,DEU,3973.3575072214367,64294,255463047.56929505
1931,DEU,3651.513993549669,64631,236001000.91710865
1932,DEU,3361.677521455962,64911,218209849.59522796
1933,DEU,3555.787783785421,65218,231901367.6829176
1934,DEU,3858.2119893387944,65595,253079415.4406782
1935,DEU,4119.812773848156,66871,275496000.00000006
1936,DEU,4450.741659118918,67349,299753000.0
1937,DEU,4684.922822898085,67831,317783000.0
1938,DEU,4993.596662679775,68424,341681858.047201
1939,DEU,5406.243685593049,69314,374728374.8231966
1940,DEU,5402.505906780268,69838,377300207.51772034
1941,DEU,5711.149706736518,70244,401174000.0
1942,DEU,5739.92715362679,70834,406582000.0
1943,DEU,5889.6479243300055,70411,414696000.0
1944,DEU,6083.747226794532,64247,390862508.0798683
1945,DEU,4514.2835820895525,65884,297419059.5223881
1946,DEU,2216.8434398095183,49260,109201707.84501687
1947,DEU,2436.0910218779313,49188,119826445.18413168
1948,DEU,2833.7172152463036,49311,139733429.60101047
1949,DEU,3282.4638555102883,49987,164080520.74539277
1950,DEU,3880.8871812755187,50799,197145187.92161506
1951,DEU,4205.811717784994,51157,215156710.0467269
1952,DEU,4552.6020091530445,51611,234964342.29439777
1953,DEU,4905.087597402257,52148,255790508.0293329
1954,DEU,5246.799630990474,52665,276322702.5661133
1955,DEU,5796.972038651077,52229,302770052.6067071
1956,DEU,6176.63522992197,53931,333112114.5849218
1957,DEU,6492.214084079305,54657,354844945.1935226
1958,DEU,6736.76526074588,55292,372489224.7971612
1959,DEU,7176.6886296168595,56002,401908916.63580334
1960,DEU,7705.233225059704,55433,427124193.36473453
1961,DEU,7952.160374714721,56185,446792130.6533466
1962,DEU,8222.121781035159,56837,467320735.66869533
1963,DEU,8385.523537313431,57389,481236810.2828805
1964,DEU,8822.353557426793,57971,511440658.0775886
1965,DEU,9185.729169788685,58619,538458258.2038429
1966,DEU,9387.59908596906,59148,555257710.736898
1967,DEU,9396.681113862554,59286,557091636.5164554
1968,DEU,9864.450072541535,59500,586934779.3162214
1969,DEU,10440.360485849507,60067,627121133.3035223
1970,DEU,10839.145088003876,60651,657404988.7325231
1971,DEU,11076.768851250534,61284,678828702.2800378
1972,DEU,11480.848986690156,61672,708046918.7071553
1973,DEU,11966.464437971166,61976,741633600.007701
1974,DEU,12063.031524512842,62054,748559358.2221199
1975,DEU,12040.607595161939,61829,744458727.0012676
1976,DEU,12683.847116890714,61531,780449796.9494026
1977,DEU,13071.902449071224,61400,802614810.3729731
1978,DEU,13455.319912719066,61326,825160948.9674094
1979,DEU,13993.30072560787,61359,858614939.2225734
1980,DEU,14114.030434326825,61566,868944397.7197653
1981,DEU,14148.598317156628,61682,872713841.3988551
1982,DEU,14039.640843244217,61638,865375382.295887
1983,DEU,14328.856704328653,61423,880121365.3499788
1984,DEU,14783.183629779824,61175,904361258.5517807
1985,DEU,15139.761961741166,61024,923888833.9532928
1986,DEU,15469.014161441866,61066,944630818.782609
1987,DEU,15701.373182413234,61077,958992769.8622531
1988,DEU,16160.114781678136,61449,993022893.2193397
1989,DEU,16558.120973976776,62063,1027646662.0079206
1990,DEU,15928.845099962591,63253,1007547239.1079338
1991,DEU,16649.52350172438,79961,1331312548.721383
1992,DEU,16890.560511864,80571,1360889351.0013945
1993,DEU,16644.680242702154,81103,1349933501.723873
1994,DEU,17027.786172939646,81384,1385789349.8985202
1995,DEU,17298.81910831468,81624,1411998810.8970776
1996,DEU,17420.220809056824,81861,1426036695.6502006
1997,DEU,17708.525215602687,81980,1451744897.1751082
1998,DEU,18028.880735795392,81993,1478242018.1700716
1999,DEU,18380.04362314571,82046,1508009059.1046128
2000,DEU,18943.516375383148,82157,1556342474.8523533
2001,DEU,19156.68989625507,82295,1576499795.012311
2002,DEU,19140.37834615822,82434,1577817948.5872068
2003,DEU,19087.572240241872,82479,1574323870.8029094
2004,DEU,19283.670487293424,82462,1590170035.7231903
2005,DEU,19417.057021603057,82415,1600256754.435416
2006,DEU,20040.620318052523,82322,1649783945.8227198
2007,DEU,20546.93610742278,82212,1689204711.2634418
2008,DEU,20801.437443847575,82056,1706882750.8923566
2009,DEU,19789.8454371839,81770.50477935714,1618225650.9039853
2010,DEU,20661.445435680802,81569.3373285127,1685340412.4377065
2011,DEU,21432.681417956832,81560.19335347431,1748053640.5319753
2012,DEU,21483.78039850607,81713.60893467386,1755517229.9219368
2013,DEU,21517.887790133365,81937.12832450101,1763113933.1323712
2014,DEU,21903.314593546904,82278.50339260067,1802171944.0943487
2015,DEU,22037.585410165313,82993.76544004754,1828982194.3962739
2016,DEU,22347.948539301782,83666.35560398198,1869771409.5087125
2017,DEU,22861.229874936176,83979.28274973998,1919869687.674068
2018,DEU,23040.320451191405,84232.26605913528,1940738402.3324902
2019,DEU,23229.87496788937,84422.25754048835,1961118487.1725
2020,DEU,22152.35037955646,84491.34535188948,1871681886.275165
1870,DNK,2003.1779661016951,1888,3782000.0000000005
1871,DNK,1993.037309511298,1903,3792750.0
1872,DNK,2086.970802919708,1918,4002810.0
1873,DNK,2056.5736434108526,1935,3979469.9999999995
1874,DNK,2096.299897645855,1954,4096170.0000000005
1875,DNK,2111.6016218955906,1973,4166190.0000000005
1876,DNK,2130.3309929789366,1994,4247880.0
1877,DNK,2046.151560178306,2019,4131180.0
1878,DNK,2102.0851688693097,2043,4294560.0
1879,DNK,2148.5465116279074,2064,4434600.000000001
1880,DNK,2181.465641518501,2081,4539630.0
1881,DNK,2182.917658257973,2101,4586310.000000001
1882,DNK,2240.419811320755,2120,4749690.0
1883,DNK,2299.0500701918577,2137,4913070.0
1884,DNK,2285.3749999999995,2160,4936409.999999999
1885,DNK,2274.2086001829825,2186,4971420.0
1886,DNK,2336.1093538183463,2213,5169810.0
1887,DNK,2394.5149754135,2237,5356529.999999999
1888,DNK,2388.8081524147096,2257,5391540.0
1889,DNK,2399.6309314586997,2276,5461560.000000001
1890,DNK,2523.2432432432433,2294,5788320.0
1891,DNK,2555.179575941151,2311,5905020.0
1892,DNK,2597.791147400086,2327,6045060.000000001
1893,DNK,2628.737201365188,2344,6161760.000000001
1894,DNK,2657.4271229404308,2367,6290130.0
1895,DNK,2770.2252816020027,2397,6640230.000000001
1896,DNK,2835.790774299835,2428,6885299.999999999
1897,DNK,2862.9894394800976,2462,7048680.0
1898,DNK,2869.595514617541,2497,7165380.0
1899,DNK,2952.094861660079,2530,7468800.0
1900,DNK,3016.6106989457244,2561,7725540.0
1901,DNK,3104.2020046260604,2594,8052300.000000001
1902,DNK,3141.0674799847507,2623,8239020.000000001
1903,DNK,3290.2977761025254,2653,8729160.0
1904,DNK,3325.580007459903,2681,8915880.0
1905,DNK,3345.9741697416976,2710,9067590.0
1906,DNK,3401.7986136446552,2741,9324330.0
1907,DNK,3486.2810810810815,2775,9674430.000000002
1908,DNK,3552.100391598434,2809,9977850.0
1909,DNK,3642.5166959578205,2845,10362960.0
1910,DNK,3705.083275503123,2882,10678050.0
1911,DNK,3856.6609530339388,2917,11249880.0
1912,DNK,3812.226363944425,2951,11249879.999999998
1913,DNK,3912.168957425411,2983,11670000.000000002
1914,DNK,4110.407554671969,3018,12405210.000000002
1915,DNK,3777.9476268412436,3055,11541630.0
1916,DNK,3891.2580853816303,3092,12031770.0
1917,DNK,3616.5814696485622,3130,11319900.0
1918,DNK,3458.597156398104,3165,10946459.999999998
1919,DNK,3859.6283572767024,3202,12358530.000000002
1920,DNK,3991.989512646515,3242,12942030.000000002
1921,DNK,3826.054794520548,3285,12568590.0
1922,DNK,4166.351595424444,3322,13840620.000000004
1923,DNK,4558.811084624553,3356,15299369.999999998
1924,DNK,4528.194157568604,3389,15346050.0
1925,DNK,4378.379562043796,3425,14995950.0
1926,DNK,4597.6825028968715,3452,15871200.0
1927,DNK,4657.925179856115,3475,16186290.000000002
1928,DNK,4785.467543608807,3497,16734780.0
1929,DNK,5075.355315520182,3518,17855100.0
1930,DNK,5340.7876905703,3542,18917070.0
1931,DNK,5359.2406836648925,3569,19127130.0
1932,DNK,5169.39217318901,3603,18625320.0
1933,DNK,5290.528488852189,3633,19220490.000000004
1934,DNK,5402.07037643208,3666,19803990.000000004
1935,DNK,5479.6887686062255,3695,20247450.000000004
1936,DNK,5574.7608812466415,3722,20749260.0
1937,DNK,5668.463590290744,3749,21251070.0
1938,DNK,5762.390786338363,3777,21764549.999999996
1939,DNK,5992.951379763469,3805,22803180.0
1940,DNK,5116.283924843423,3832,19605599.999999996
1941,DNK,4573.7457934248,3863,17668380.0
1942,DNK,4628.531898539584,3903,18065159.999999996
1943,DNK,5079.951886553558,3949,20060730.0
1944,DNK,5543.104052026013,3998,22161330.0
1945,DNK,5066.135970333746,4045,20492520.0
1946,DNK,5776.664228237015,4101,23690099.999999996
1947,DNK,6034.848046309696,4146,25020480.0
1948,DNK,6133.016706443915,4190,25697340.000000004
1949,DNK,6494.368794326241,4230,27471180.0
1950,DNK,6943.104659330368,4271,29654000.000000004
1951,DNK,6936.486028041509,4303.62,29851999.999999996
1952,DNK,6955.23765574527,4334,30144000.0
1953,DNK,7291.590376446463,4369.28,31859000.0
1954,DNK,7371.311847480708,4406,32478000.0
1955,DNK,7395.359315161072,4439,32828000.0
1956,DNK,7438.758697862362,4466.471,33225000.0
1957,DNK,7965.094942300634,4487.831,35746000.0
1958,DNK,8095.222908211765,4515.132,36551000.0
1959,DNK,8637.15503066443,4546.636,39270000.0
1960,DNK,8811.831477843265,4581,40367000.0
1961,DNK,9311.866392960936,4609.817,42926000.0
1962,DNK,9747.360551628086,4646.899,45295000.00000001
1963,DNK,9731.660339240569,4683.579,45579000.0
1964,DNK,10559.575066242303,4720.171,49843000.0
1965,DNK,10953.321704041527,4758.1,52116999.99999999
1966,DNK,11159.770713913496,4797.5,53539000.0
1967,DNK,11436.513185087211,4838.8,55339000.0
1968,DNK,11836.747272615208,4867.3,57613000.00000001
1969,DNK,12530.550411424816,4890.687,61283000.0
1970,DNK,12685.55134692175,4928.757,62523999.99999999
1971,DNK,12933.582584846727,4963.126,64191000.0
1972,DNK,13538.355267533672,4991.596,67578000.0
1973,DNK,13945.427800570347,5021.861,70032000.0
1974,DNK,13751.222177802418,5045.297,69379000.0
1975,DNK,13621.125165296044,5059.861,68921000.0
1976,DNK,14466.360025517508,5072.596,73382000.0
1977,DNK,14655.4361973729,5088.419,74573000.00000001
1978,DNK,14825.693192355306,5104.247,75674000.0
1979,DNK,15313.47717323327,5116.8,78356000.0
1980,DNK,15227.325563577939,5123.027,78010000.0
1981,DNK,15096.146261343198,5121.572,77316000.0
1982,DNK,15563.29758236433,5117.81,79650000.0
1983,DNK,15966.221750516252,5114.297,81656000.0
1984,DNK,16675.929876620306,5111.619,85241000.00000001
1985,DNK,17384.116482595447,5113.691,88897000.0
1986,DNK,17993.240548739646,5120.534,92135000.00000001
1987,DNK,18023.321131322966,5127.024,92406000.0
1988,DNK,18224.331496382896,5129.516,93482000.0
1989,DNK,18261.334962659228,5132.593,93728000.00000001
1990,DNK,18452.426108015057,5140.954,94863073.80970444
1991,DNK,18643.79019663003,5154.352,96096657.28758039
1992,DNK,18949.444926799177,5171.393,97995026.84833477
1993,DNK,18870.43379545485,5188.386,97907094.51826482
1994,DNK,19847.266405409555,5205.603,103316989.5417992
1995,DNK,20350.029908592463,5232.612,106483810.70005983
1996,DNK,20809.660818535638,5262.075,109501995.95169592
1997,DNK,21387.538183758985,5283.663,113004544.16261454
1998,DNK,21770.86503846103,5302.767,115445824.68740487
1999,DNK,22255.437367132006,5320.134,118401909.02174947
2000,DNK,22966.1184617287,5337.416,122579728.13552615
2001,DNK,23048.49108354821,5355.826,123443707.80603568
2002,DNK,23074.607093618426,5374.693,124018929.2238213
2003,DNK,23079.654958899842,5394.138,124494843.84069008
2004,DNK,23525.718634718723,5413.392,127353937.05143726
2005,DNK,24016.885909203032,5432.335,130467769.91557045
2006,DNK,24748.725842375054,5450.661,134896914.74872586
2007,DNK,25060.287630849358,5468.12,137032660.0
2008,DNK,24788.599964993653,5484.723,135958604.36579987
2009,DNK,23275.489000110898,5519.778753287071,128475549.65517905
2010,DNK,23512.631491157776,5543.81698411249,130349725.80185866
2011,DNK,23715.906279706047,5569.8584008400285,132094239.82555552
2012,DNK,23685.473022240287,5589.890259861211,132399194.94722646
2013,DNK,23812.608841195244,5611.925304784513,133634582.12883902
2014,DNK,24091.598009098896,5635.9635356099325,135779367.89385423
2015,DNK,24514.557239993457,5669.016102994885,138973419.75131276
2016,DNK,25099.862459640426,5716.090971694665,143473097.1963285
2017,DNK,25621.121158169746,5758.157875639151,147530460.57962
2018,DNK,25984.599086668273,5790.208850073045,150456255.5972266
2019,DNK,26420.26913823733,5815.2486738495245,153640435.06888217
2020,DNK,25801.54394040855,5832.275754017531,150481719.13986272
1870,ESP,1133.32452815796,16349.645453643092,18529454.219299994
1871,ESP,1220.51141481889,16389.546804746667,20003628.958901774
1872,ESP,1407.17916611133,16431.93704790989,23122679.47267171
1873,ESP,1520.69706602607,16468.980756670946,25044330.71710931
1874,ESP,1388.33474669467,16502.511302040075,22911009.848343737
1875,ESP,1426.55732597735,16538.41450535398,23592996.37266279
1876,ESP,1470.06417078416,16574.727212284408,24365912.615300532
1877,ESP,1630.07740843077,16634.488123966185,27115503.29168722
1878,ESP,1563.42971962366,16732.148621423847,26159538.427894093
1879,ESP,1451.44336111254,16848.2801373817,24454324.35156694
1880,ESP,1579.14890710013,16967.671868320238,26794480.486891523
1881,ESP,1590.21139291742,17094.463261028734,27183810.233496163
1882,ESP,1596.22380479748,17201.33036561208,27457173.003775742
1883,ESP,1618.52447896959,17263.319232595797,27941104.766222816
1884,ESP,1623.07707197809,17335.969430374895,28137614.50295456
1885,ESP,1562.34762859502,17373.394720697695,27143282.042527284
1886,ESP,1525.80493208283,17430.484689939054,26595519.508503266
1887,ESP,1492.17609705882,17515.661360655125,26136451.206546348
1888,ESP,1550.94552328176,17562.244573863005,27238084.60061221
1889,ESP,1547.0133553584,17591.188933470265,27213804.21671139
1890,ESP,1543.10086258918,17590.22699080747,27143494.442654483
1891,ESP,1572.24155501275,17609.21312120579,27685936.620235514
1892,ESP,1704.41174496418,17658.203242570107,30096849.001601055
1893,ESP,1630.96226401361,17721.596806148675,28903255.6488926
1894,ESP,1649.53500412124,17780.32604531566,29329270.196436763
1895,ESP,1621.65756902232,17848.051821080226,28943428.32795735
1896,ESP,1460.62813572189,17936.047690003837,26197895.899669215
1897,ESP,1547.04133112546,18071.610486034835,27957528.34189615
1898,ESP,1646.52650831868,18254.135640842924,30055918.21909267
1899,ESP,1651.65023092939,18438.911154808087,30454631.866925284
1900,ESP,1676.58952988302,18583.513742946194,31156924.5698608
1901,ESP,1807.74947646827,18707.890427306545,33819179.125789165
1902,ESP,1716.56321550441,18882.143500063983,32412392.962085526
1903,ESP,1699.44067920031,19093.331624158935,32447984.463557415
1904,ESP,1666.98341010043,19268.119209389046,32119635.065888956
1905,ESP,1643.01423233131,19382.49604557241,31845716.860980805
1906,ESP,1738.41589000811,19470.774659406736,33848304.058679916
1907,ESP,1771.80489671946,19574.64051600805,34682443.9177862
1908,ESP,1827.41438774284,19694.02227340523,35989139.654948674
1909,ESP,1865.97260771471,19819.512272165248,36982666.99812588
1910,ESP,1768.73349804648,19938.82343859708,35266464.92748096
1911,ESP,1896.96802912708,20035.5530092862,38006803.504496776
1912,ESP,1826.3383004407,20141.092833095336,36784449.2538137
1913,ESP,1921.84208333023,20266.840640535363,38949667.239128254
1914,ESP,1855.89570220423,20472.192854317804,37994254.73302456
1915,ESP,1862.41456733859,20747.346567116274,38640160.48021963
1916,ESP,1927.79827360024,20982.257477021634,40449559.74043804
1917,ESP,1888.50863518528,21150.561331166908,39943017.71292457
1918,ESP,1866.82235097993,21192.701494730598,39563008.82800885
1919,ESP,1895.1957341967,21235.823549657704,40246042.203465104
1920,ESP,2032.2656472772,21361.20616265059,43411645.46876082
1921,ESP,2081.53691661869,21536.018656918473,44828017.87136466
1922,ESP,2147.64045290066,21757.40816162427,46727089.91817526
1923,ESP,2151.17041834697,21934.4991792756,47184845.77571357
1924,ESP,2204.48508055387,22099.313996348435,48717607.99542545
1925,ESP,2333.94958341959,22290.779144270597,52025554.697868444
1926,ESP,2287.1471617203,22527.927915395518,51524686.39113638
1927,ESP,2480.74999172479,22781.148681272298,56514334.402547464
1928,ESP,2447.9116053418,23030.966598826228,56377770.41950609
1929,ESP,2615.22292711146,23279.776173108068,60881804.38593531
1930,ESP,2458.21826943379,23583.396096131055,57973135.13880288
1931,ESP,2372.6916117531,23967.30544754262,56867024.59170876
1932,ESP,2416.0402916132,24378.747728073562,58900036.77009949
1933,ESP,2312.34915194256,24792.066683373494,57327914.3702021
1934,ESP,2370.11932345519,25177.00070982385,59672495.888998546
1935,ESP,2385.47612880933,25542.52299897457,60931078.88361714
1936,ESP,1801.89430161315,25874.735258569926,46623538.018166006
1937,ESP,1662.61568050511,26046.890423747747,43305968.44692139
1938,ESP,1651.59532563016,26122.962066543118,43144562.040716596
1939,ESP,1807.70278517583,25929.385805503072,46872622.938506536
1940,ESP,1986.87330883868,25699.59269236677,51061834.76848912
1941,ESP,1999.63319753995,25659.86901410438,51310325.92512983
1942,ESP,2126.22272067753,25633.097978625527,54501675.32350686
1943,ESP,2225.04661403386,25795.525034488917,57396245.63521523
1944,ESP,2302.99390469359,26038.58277141945,59966697.40943852
1945,ESP,2103.54210262585,26293.767950226396,55310047.91997542
1946,ESP,2175.86207010995,26557.638197518783,57785757.6256843
1947,ESP,2201.50618956342,26837.639043340143,59083228.46718223
1948,ESP,2179.45017504682,27249.360903158144,59388624.39030199
1949,ESP,2152.33615999714,27709.70500092884,59640600.05635272
1950,ESP,2170.36441513321,28000.27681294769,60770804.4087012
1951,ESP,2375.2141469483,28155.69188836003,66875797.690350235
1952,ESP,2571.85832299801,28341.540788483868,72890427.56344981
1953,ESP,2548.2804157052,28570.961067305147,72806820.54568945
1954,ESP,2711.52008451813,28800.58072715319,78093353.08746164
1955,ESP,2783.49596998251,29027.268424074267,80797284.67801128
1956,ESP,2988.78840378112,29255.0781010072,87437238.1800013
1957,ESP,3070.04993438289,29499.41428396735,90564674.88682766
1958,ESP,3242.84273507149,29786.41682294609,96592665.39810194
1959,ESP,3186.62298987727,30100.212088831242,95918027.84245135
1960,ESP,3156.67630189205,30436.64723437219,96078643.0337909
1961,ESP,3501.65130726617,30772.853374416853,107755802.24683695
1962,ESP,3811.8703973949,31060.832821807886,118399869.15188138
1963,ESP,4160.47925360078,31326.375881879874,130332736.94706105
1964,ESP,4353.03248373783,31602.525154637326,137566818.5662782
1965,ESP,4650.08985471788,31949.110741517714,148566235.7263896
1966,ESP,4939.22452194779,32368.082417715428,159873226.40600714
1967,ESP,5148.90874703154,32798.88779774897,168878480.2747357
1968,ESP,5394.71840587905,33205.58531570838,179134782.28063908
1969,ESP,5833.99900132124,33552.63864867779,195746060.36807868
1970,ESP,5961.90165920042,33878.18662737538,201978417.06445074
1971,ESP,6202.14680760766,34216.856,212217964.206771
1972,ESP,6767.92272123371,34595.886,234142282.9206112
1973,ESP,7296.17769671676,34980.317,255222608.71948212
1974,ESP,7766.86410763499,35363.89,274666527.94735193
1975,ESP,7913.27724389716,35750.033,282899922.60747254
1976,ESP,8184.0908745132,36127.525,295670947.6712475
1977,ESP,8366.17134188397,36506.811,305422235.97177446
1978,ESP,8512.64067644356,36868.1,313844887.7231888
1979,ESP,8581.28629526277,37194.315,319175065.5711865
1980,ESP,8786.96547219379,37493.072,329450329.1104758
1981,ESP,8717.56524105342,37764.458,329214126.40802175
1982,ESP,8812.16683197773,37987.108,334748733.1603559
1983,ESP,8934.40483543783,38160.263,340939238.26877934
1984,ESP,8979.81539139148,38325.244,344153615.95003396
1985,ESP,9220.50071511114,38467.025,354685231.52069813
1986,ESP,9563.05658278823,38571.941,368865654.2909692
1987,ESP,10209.3177562621,38682.322,394920116.8480481
1988,ESP,10838.211998095,38764.307,420135777.22523797
1989,ESP,11518.8148445865,38821.377,447176253.67488897
1990,ESP,12055,38860.827,468467269.48499995
1991,ESP,12421.7957738803,38941.622,483724875.58764416
1992,ESP,12553.295551473,39147.939999999995,491435661.0513319
1993,ESP,12289.9591404987,39356.082,483684639.7101164
1994,ESP,12569.629259,39547.353,497095565.38480145
1995,ESP,12981.0527231644,39718.895000000004,515593070.1008309
1996,ESP,13275.1747236277,39884.246,529470334.3701492
1997,ESP,13724.7489197756,40049.974,549675837.3935409
1998,ESP,14313.4050581335,40214.066000000006,575600215.6925144
1999,ESP,14934.3636609189,40369.667,602895287.8481969
2000,ESP,15652.5359751821,40554.386999999995,634779001.4689572
2001,ESP,16181.1816495428,40766.049,659642844.0031626
2002,ESP,16368.2759640002,41423.520000000004,678031606.7602817
2003,ESP,16555.1049798743,42196.231,698563033.9600264
2004,ESP,16814.7121295838,42859.172,720664639.2923183
2005,ESP,17105.212509267,43662.613,746858274.0748838
2006,ESP,17520.684152159,44360.521,777226677.2662165
2007,ESP,17802.3340562168,45236.004,805306454.5763595
2008,ESP,17681.9141763058,45983.168999999994,813070447.8125653
2009,ESP,16888.1328330741,46367.55,783061343.5442051
2010,ESP,16840.7465287583,46562.483,784146973.9526174
2011,ESP,16641.4906711182,46736.257000000005,777760984.8684828
2012,ESP,16117.7703341578,46766.403,753770142.9086683
2013,ESP,15935.3071380821,46591.856999999996,742455551.4286004
2014,ESP,16223.9740631564,46455.122544336,753686703.2600595
2015,ESP,16886.7171082425,46410.149,783715057.1143836
2016,ESP,17373.7168394817,46450.439000000006,807016774.2556177
2017,ESP,17874.2695008575,46549.045,832030175.3375432
2018,ESP,18232.2862442142,46728.814,851973112.7006439
2019,ESP,18469.5213834691,47105,870006804.7683119
2020,ESP,16390.859159074,47354,776172744.6187901
1870,FIN,1139.6807297605474,1768.769,2015831.9446978336
1871,FIN,1126.8393057110864,1803.845,2032643.4474104147
1872,FIN,1145.0324354040683,1834.611,2100689.1013490935
1873,FIN,1193.3974011911205,1859.976,2219690.5246778554
1874,FIN,1204.120128136679,1886.117,2271111.4437207687
1875,FIN,1211.1848341232228,1912.647,2316569.0394312795
1876,FIN,1259.2427385892117,1942.656,2446275.4615767635
1877,FIN,1211.2003065917222,1971.431,2387797.8316244255
1878,FIN,1172.766515380736,1994.573,2339168.426882501
1879,FIN,1167.4041708043694,2032.669,2372946.268464747
1880,FIN,1154.8265754763067,2060.782,2379845.8198632146
1881,FIN,1110.0579150579151,2082.643,2311854.3463899614
1882,FIN,1202.8860819828408,2113.302,2542061.5628265017
1883,FIN,1229.807511737089,2146.395,2639652.6941549294
1884,FIN,1219.3424214417744,2180.547,2658833.459047597
1885,FIN,1231.2287015945328,2208.518,2719190.7495881543
1886,FIN,1275.501798561151,2238.572,2855302.6122086328
1887,FIN,1275.5374059318283,2278.14,2905852.785949535
1888,FIN,1302.287456445993,2314.179,3013726.283670732
1889,FIN,1326.5877305877304,2347.702,3114432.6682762764
1890,FIN,1381.0401861252117,2380.14,3287068.9886040613
1891,FIN,1350.390142021721,2408.3,3252144.579030911
1892,FIN,1279.8853529171768,2422.5,3100522.267441861
1893,FIN,1340.9012345679012,2436.7,3267374.0382716046
1894,FIN,1399.4225408203902,2465.7,3450556.1589008356
1895,FIN,1492.3962948046717,2499.9,3730841.497382199
1896,FIN,1569.9411530815107,2530.9,3973364.064333996
1897,FIN,1624.1945861122006,2567.5,4170119.599843075
1898,FIN,1668.1977597528003,2610.3,4354496.612282735
1899,FIN,1606.9893292682925,2635.3,4234898.979420732
1900,FIN,1668.4803476946336,2655.9,4431316.955442177
1901,FIN,1636.1781027371578,2678.5,4382503.048181477
1902,FIN,1591.3034251675354,2693.9,4286812.2970588235
1903,FIN,1685.7893569844791,2717.1,4580458.2618625285
1904,FIN,1730.9868372943326,2751.9,4763502.677550274
1905,FIN,1741.8236784938447,2773,4830077.060463431
1906,FIN,1794.3281922525105,2803.7,5030757.952618363
1907,FIN,1834.487770294222,2838.7,5207560.433534208
1908,FIN,1828.9377839916115,2883,5272827.631247816
1909,FIN,1884.3032080027597,2914.8,5492366.990686445
1910,FIN,1906.4479344486176,2943.4,5611438.850256061
1911,FIN,1939.1326806212023,2980,5778615.388251183
1912,FIN,2022.4019346230823,3015.5,6098553.033855905
1913,FIN,2110.6706309877763,3035.8,6407573.901552692
1914,FIN,2000.6170979364556,3069.5,6140894.182115951
1915,FIN,1881.6775867661368,3096.3,5826238.31190399
1916,FIN,1893.0370370370372,3114.2,5895295.940740741
1917,FIN,1580.8889244558254,3134.3,4954980.155921894
1918,FIN,1369.8016,3115.3,4267342.9244800005
1919,FIN,1658.229387231312,3118,5170359.229387231
1920,FIN,1845.5298436003832,3147.6,5808989.7357165655
1921,FIN,1884.4526813880127,3193.2,6017434.302208202
1922,FIN,2058.014330218069,3227.8,6642858.655077884
1923,FIN,2186.799259944496,3258.6,7125904.0684551345
1924,FIN,2224.043704156479,3286.2,7308652.420599021
1925,FIN,2328.1949152542375,3322.1,7734496.327966102
1926,FIN,2391.808924827793,3355.2,8024997.30458221
1927,FIN,2557.11757719715,3380.6,8644591.681472685
1928,FIN,2707.235276796231,3412.1,9237357.48795642
1929,FIN,2716.8177570093453,3435.3,9333084.040654205
1930,FIN,2665.633806900551,3462.7,9230290.183154538
1931,FIN,2580.597238204833,3489.6,9005252.122439586
1932,FIN,2549.76363117328,3516,8964968.927205252
1933,FIN,2701.644639818491,3536.6,9554636.433182076
1934,FIN,2988.374189912651,3561.6,10643393.514792899
1935,FIN,3092.6619127516774,3589.6,11101419.202013422
1936,FIN,3278.77589558456,3612.4,11844250.045209665
1937,FIN,3441.1795366795373,3640.2,12526581.749420851
1938,FIN,3589.4436542669587,3672.1,13180796.042833699
1939,FIN,3407.6977753662504,3699.7,12607459.459522516
1940,FIN,3220.415359653867,3695.617,11901421.750197947
1941,FIN,3322.210967044841,3707.815,12318143.656773366
1942,FIN,3327.173408845739,3708.801,12339824.065900484
1943,FIN,3696.725880139748,3732.532,13798147.642849775
1944,FIN,3684.579919678715,3737.096,13769628.879511649
1945,FIN,3449.51596593933,3778.89,13035341.388528474
1946,FIN,3682.991592222806,3833.072,14117171.948384656
1947,FIN,3716.845037574501,3885.284,14440998.554967608
1948,FIN,3957.195040899796,3937.84,15582800.919856854
1949,FIN,4143.257633106233,3987.996,16523294.867797125
1950,FIN,4253.28643767617,4029.803,17139906.44640674
1951,FIN,4571.195611889408,4064.727,18580662.225928396
1952,FIN,4674.489671189341,4116.228,19241265.270260356
1953,FIN,4651.640334347974,4162.609,19362959.92051989
1954,FIN,5001.5524612481795,4211.191,21062492.71083618
1955,FIN,5196.8169260195045,4258.571,22131013.853455808
1956,FIN,5295.326622603172,4304.832,22795491.49543406
1957,FIN,5490.055504162812,4343.19,23844354.165124882
1958,FIN,5474.333685031424,4376.314,23957403.14647461
1959,FIN,5753.521287004802,4413.046,25390554.101531394
1960,FIN,6230.359400397327,4446.222,27701561.033953402
1961,FIN,6657.918262346324,4475.787,29799424.00567227
1962,FIN,6818.966643904865,4507.098,30733750.92281033
1963,FIN,6993.994882949628,4539.519,31749372.657052614
1964,FIN,7306.733759198548,4557.567,33300928.658709247
1965,FIN,7669.600230688393,4569.896,35049275.41582196
1966,FIN,7824.497928231522,4591.842,35928858.21576648
1967,FIN,7946.5988556897655,4619.645,36710465.67069295
1968,FIN,8092.997056718634,4633.292,37497218.51891799
1969,FIN,8877.575406295926,4614.277,40963592.013036944
1970,FIN,9576.869279446637,4598.336,44037662.774973534
1971,FIN,9764.69843395364,4625.912,45170635.66200735
1972,FIN,10447.53954872095,4653.401,48616590.98355761
1973,FIN,11085.105466450324,4678.761,51864559.13731459
1974,FIN,11361.296080181231,4702.387,53425210.99059518
1975,FIN,11441.302752725864,4720.492,54008578.11382042
1976,FIN,11358.403813728612,4730.836,53734745.664524615
1977,FIN,11354.52896050604,4746.967,53899574.276066475
1978,FIN,11558.900862867087,4758.088,54998267.48879753
1979,FIN,12331.5472779971,4771.292,58837412.87512935
1980,FIN,12948.95842377972,4787.778,61996738.264287226
1981,FIN,13134.056838759625,4812.15,63203051.616637126
1982,FIN,13484.753154850088,4841.715,65289331.621135
1983,FIN,13766.872393702606,4869.858,67042713.66145179
1984,FIN,14106.716637428746,4893.748,69034716.33098365
1985,FIN,14522.062686169502,4910.664,71312970.43871586
1986,FIN,14819.458956445556,4925.644,72995379.09206232
1987,FIN,15382.232073173524,4938.602,75966722.0810389
1988,FIN,16087.91272770792,4954.359,79705295.2137343
1989,FIN,16945.69265407891,4974.383,84294365.461675
1990,FIN,16866.375342680032,4998.478,84306206.0901286
1991,FIN,15767.88816444247,5029.002,79296741.11475751
1992,FIN,15136.1147699681,5054.982,76512787.71212289
1993,FIN,14942.82752697513,5077.912,75878363.21315734
1994,FIN,15424.269176019063,5098.754,78644554.1583039
1995,FIN,15976.987648516548,5116.826,81751465.80160834
1996,FIN,16496.66914698524,5132.32,84666184.99645528
1997,FIN,17472.30353633621,5147.349,89936044.13545667
1998,FIN,18306.525379931536,5159.646,94455190.45046222
1999,FIN,18981.002694790717,5171.302,98156497.19757661
2000,FIN,19950.891924312193,5181.115,103367865.41243276
2001,FIN,20360.39155957848,5194.901,105770218.4732458
2002,FIN,20683.000708640793,5206.295,107681803.17439301
2003,FIN,21053.137627512053,5219.732,109891736.17472874
2004,FIN,21879.093145856466,5236.611,114572299.83761658
2005,FIN,22478.604138269035,5255.58,118138102.33700398
2006,FIN,23434.467453076344,5276.955,123662630.19884847
2007,FIN,24651.340279395088,5300.484,130664034.7294892
2008,FIN,24694.057867391202,5326.314,131528306.13589591
2009,FIN,22561.739564366093,5351.427,120737502.27171694
2010,FIN,23290.483285665083,5375.276,125192775.83383666
2011,FIN,23783.247093498445,5401.267,128459667.67895906
2012,FIN,23338.12735748588,5426.674,126648408.93955733
2013,FIN,23019.300328763882,5451.27,125484421.3031807
2014,FIN,22831.816702445525,5471.753,124930061.5370564
2015,FIN,22870.008468200183,5487.308,125494780.42762262
2016,FIN,23446.339893403805,5503.297,129032171.99634947
2017,FIN,24124.546422643263,5513.13,133001760.61906725
2018,FIN,24356.51871945604,5517.919,134397297.41594213
2019,FIN,24662.280810668915,5525.292,136266302.8649425
2020,FIN,23921.36866045703,5533.793,132375902.44365647
1870,FRA,1875.6506503642038,38440,72100011.0
1871,FRA,1899.4074898624476,37731,71666544.00000001
1872,FRA,2078.426656758407,37679,78313038.00000001
1873,FRA,1922.0961279594583,37887,72822456.0
1874,FRA,2157.2324676690146,38044,82069751.99999999
1875,FRA,2219.069176630648,38221,84815043.0
1876,FRA,2028.2194645554457,38398,77879571.0
1877,FRA,2127.4821650767317,38576,82069752.0
1878,FRA,2091.1263060134665,38763,81058329.0
1879,FRA,1953.3067927728805,38909,76001214.0
1880,FRA,2120.430195927775,39045,82792196.99999997
1881,FRA,2193.6402490367686,39191,85970955.0
1882,FRA,2288.3455016905205,39337,90016647.0
1883,FRA,2287.840114511552,39472,90305624.99999999
1884,FRA,2253.2539806707205,39629,89294201.99999999
1885,FRA,2207.354667404928,39733,87704823.0
1886,FRA,2236.6830498268855,39858,89149713.0
1887,FRA,2249.433904083833,39889,89727669.00000001
1888,FRA,2269.403882765531,39920,90594602.99999999
1889,FRA,2322.428432156784,40004,92906426.99999999
1890,FRA,2376.012445644024,40014,95073761.99999997
1891,FRA,2432.0610509466524,39983,97241097.0
1892,FRA,2492.87150251294,39993,99697410.00000001
1893,FRA,2534.8947368421054,40014,101431278.0
1894,FRA,2626.0233672858,40056,105187992.0
1895,FRA,2569.2218315127934,40098,103020656.99999999
1896,FRA,2685.4419536226114,40192,107933283.0
1897,FRA,2639.248364231189,40348,106488393.00000001
1898,FRA,2759.617448669483,40473,111689996.99999999
1899,FRA,2911.446579194002,40546,118047513.0
1900,FRA,2875.6862899650228,40598,116747112.0
1901,FRA,2826.4949557086616,40640,114868755.0
1902,FRA,2775.290398644168,40713,112990398.00000001
1903,FRA,2830.547516304615,40786,115446711.00000001
1904,FRA,2846.708069213637,40859,116313644.99999999
1905,FRA,2894.020322817315,40890,118336491.00000001
1906,FRA,2943.2813736505304,40942,120503826.00000001
1907,FRA,3070.3294904987542,40942,125705430.0
1908,FRA,3044.949203332846,41046,124982985.0
1909,FRA,3166.8147850835576,41109,130184588.99999997
1910,FRA,2965.207015330875,41224,122237694.0
1911,FRA,3249.5770934708407,41307,134230281.00000003
1912,FRA,3514.4934355279374,41359,145355933.99999997
1913,FRA,3484.769553577889,41463,144489000.0
1914,FRA,3236.3362185360215,41476,134230281.00000003
1915,FRA,3248.06674736296,40481,131484989.99999999
1916,FRA,3463.3307592016845,39884,138131483.99999997
1917,FRA,2978.927153329261,39288,117036090.0
1918,FRA,2395.528799750921,38542,92328470.99999999
1919,FRA,2811.3751162790695,38700,108800216.99999999
1920,FRA,3226.9209999999994,39000,125849918.99999997
1921,FRA,3074.625764525994,39240,120648315.0
1922,FRA,3610.3923135464233,39420,142321665.0
1923,FRA,3753.525677031093,39880,149690604.0
1924,FRA,4179.463507814437,40310,168474173.99999997
1925,FRA,4166.3782073380935,40610,169196618.99999997
1926,FRA,4249.4685099094695,40870,173675778.00000003
1927,FRA,4153.970517830973,40940,170063553.00000003
1928,FRA,4431.465310596834,41050,181911651.00000003
1929,FRA,4709.9979626485565,41230,194193215.99999997
1930,FRA,4531.558399423215,41610,188558144.99999997
1931,FRA,4235.260463449594,41860,177288003.0
1932,FRA,3959.122861920688,41860,165728883.0
1933,FRA,4239.125829553594,41890,177576981.00000003
1934,FRA,4191.7309415971395,41950,175843113.0
1935,FRA,4085.931187410586,41940,171363953.99999997
1936,FRA,4243.998067287043,41910,177865959.0
1937,FRA,4486.636727879799,41930,188124677.99999997
1938,FRA,4466.2114632983785,41960,187402232.99999997
1939,FRA,4793.310501193317,41900,200839709.99999997
1940,FRA,4042.1678780487805,41000,165728883.0
1941,FRA,3309.3818939393936,39600,131051522.99999999
1942,FRA,2981.460837563451,39400,117469556.99999997
1943,FRA,2860.141230769231,39000,111545508.0
1944,FRA,2421.7693573264783,38900,94206828.0
1945,FRA,2573.141637279597,39700,102153723.0
1946,FRA,3855.1917349218165,40290,155325675.0
1947,FRA,4137.8978613569325,40680,168329685.0
1948,FRA,4393.3653612259795,41110,180611250.00000003
1949,FRA,4946.344744455159,41480,205174380.0
1950,FRA,5185.850698527683,42518,220492000.0
1951,FRA,5461.107741122672,42862,234074000.0
1952,FRA,5564.2599110781775,43184,240287000.00000003
1953,FRA,5683.9406828371075,43495,247223000.0
1954,FRA,5915.179590160194,43822,259215000.0
1955,FRA,6198.787823963092,44218,274098000.0
1956,FRA,6448.462727008084,44657,287969000.0
1957,FRA,6761.782423812899,45152,305308000.0
1958,FRA,6855.171507425418,45654,312966000.00000006
1959,FRA,6978.776908235601,46129,321924000.0
1960,FRA,7397.582861068177,46584,344609000.0
1961,FRA,7718.426413172637,47128,363754000.0
1962,FRA,8067.063153735782,48089,387937000.0
1963,FRA,8362.67136621652,48799,408090000.0
1964,FRA,8819.336669570679,49357,435296000.0
1965,FRA,9165.415043572548,49802,456456000.0
1966,FRA,9544.135790185856,50254,479631000.0
1967,FRA,9907.186574531095,50650,501799000.0
1968,FRA,10267.018066387114,51034,523967000.0
1969,FRA,10885.56440645036,51470,560280000.0
1970,FRA,11410.088986478679,51918,592389000.0
1971,FRA,11844.961092462618,52432,621055000.0
1972,FRA,12263.545959844218,52894,648668000.0
1973,FRA,12824.42390264939,53333,683965000.0
1974,FRA,13112.534922704413,53690,704012000.0
1975,FRA,12957.205078305997,53955,699106000.0
1976,FRA,13466.38601155856,54159,729326000.0
1977,FRA,13912.703666924124,54378,756545000.0
1978,FRA,14240.210981282737,54602,777544000.0
1979,FRA,14634.38252243052,54836,802491000.0
1980,FRA,14766.158591907095,55110,813763000.0
1981,FRA,14839.906857524504,55399,822116000.0
1982,FRA,15131.64084241521,55697,842787000.0
1983,FRA,15245.114341397128,55929,852644000.0
1984,FRA,15381.929381644917,56246,865172000.0
1985,FRA,15530.270844397239,56490,877305000.0
1986,FRA,15833.036579991185,56725,898129000.0
1987,FRA,16157.8901191458,56989,920822000.0
1988,FRA,16789.572963059996,57255,961287000.0000001
1989,FRA,17299.70080074713,57821,1000285999.9999999
1990,FRA,17647.005226241236,58168,1026491000.0000002
1991,FRA,17724.135385347323,58514,1037110057.9382132
1992,FRA,17879.522485037523,58859,1052370813.9468236
1993,FRA,17666.018468576247,59169,1045280646.767188
1994,FRA,17978.199665246746,59445,1068714079.1005929
1995,FRA,18261.961310969225,59712,1090458233.8005943
1996,FRA,18373.417686711593,59981,1102055966.266648
1997,FRA,18690.444261468547,60254,1126174028.530526
1998,FRA,19233.28587051337,60535,1164286960.171527
1999,FRA,19771.39216905727,60824,1202575157.2907395
2000,FRA,20391.877068945985,61137,1246698188.3641508
2001,FRA,20648.034421101213,61479,1269420508.1748815
2002,FRA,20719.525661469477,61829,1281067552.1229963
2003,FRA,20789.046927320785,62171,1292475836.5184605
2004,FRA,21193.399751471257,62534,1325308060.0585036
2005,FRA,21450.00068291843,62912,1349462442.9637644
2006,FRA,21841.591885557165,63293,1382419875.2125697
2007,FRA,22202.17253075663,63682,1413878751.1036437
2008,FRA,22057.35045104924,64058,1412949755.1933122
2009,FRA,21244.207306860604,64399.24403315361,1368110890.645421
2010,FRA,21477.477402452558,64707.49770660658,1389753819.7628934
2011,FRA,21842.23668701559,65021.93707250341,1420224539.385853
2012,FRA,21818.118066179795,65337.4073871409,1425539268.5107281
2013,FRA,21841.280960321226,65669.3728816287,1434303223.595752
2014,FRA,21940.470687708923,66009.58596604168,1448281385.9957397
2015,FRA,22075.0075993006,66291.03497223786,1463375100.7776525
2016,FRA,22243.41154401061,66464.23436066628,1478391317.841871
2017,FRA,22726.543640919506,66639.49564657599,1514485406.0207746
2018,FRA,23071.73251827475,66850.84013840828,1542364702.2953014
2019,FRA,23443.58862098411,66999.29675706122,1570703951.0677779
2020,FRA,21525.949965130512,67139.50578578899,1445241642.2284844
1870,GBR,3190.4340127388537,31400,100179628.0
1871,GBR,3331.875019725422,31685,105570460.0
1872,GBR,3319.1654012674912,31874,105795078.00000001
1873,GBR,3364.6976411722662,32177,108265876.00000001
1874,GBR,3386.444109412018,32501,110062820.0
1875,GBR,3433.668382106642,32839,112758236.00000003
1876,GBR,3430.1604216867477,33200,113881326.00000003
1877,GBR,3425.197045508697,33576,115004416.00000001
1878,GBR,3402.500648355534,33932,115453651.99999999
1879,GBR,3352.5074626865676,34304,115004416.00000001
1880,GBR,3477.319931837218,34623,120395248.0
1881,GBR,3568.4267926148564,34935,124662990.0
1882,GBR,3643.0403340339717,35206,128256878.00000001
1883,GBR,3643.3102961918194,35450,129155350.0
1884,GBR,3621.654014108163,35724,129379968.00000003
1885,GBR,3573.6807996668053,36015,128706114.0
1886,GBR,3600.0241235921026,36313,130727676.00000001
1887,GBR,3713.150718618504,36598,135893890.0
1888,GBR,3849.0978010357635,36881,141958576.0
1889,GBR,4023.7664210016674,37178,149595588.0
1890,GBR,4008.7886354541815,37485,150269442.0
1891,GBR,3975.1717369451358,37802,150269442.00000003
1892,GBR,3846.3196622436662,38134,146675553.99999997
1893,GBR,3810.7444531047017,38490,146675553.99999997
1894,GBR,4028.8928176226877,38859,156558746.00000003
1895,GBR,4117.70077254532,39221,161500342.0
1896,GBR,4248.563903128867,39599,168238882.00000003
1897,GBR,4263.512191462226,39987,170485062.00000003
1898,GBR,4427.72412768381,40381,178795927.99999994
1899,GBR,4566.951708238296,40773,186208322.00000006
1900,GBR,4491.814214554731,41155,184860613.99999994
1901,GBR,4450.397563676633,41538,184860613.99999997
1902,GBR,4525.280882247632,41893,189577592.00000003
1903,GBR,4439.6162950338485,42246,187556029.99999997
1904,GBR,4427.943958132876,42611,188679119.99999997
1905,GBR,4520.47579162886,42981,194294570.00000003
1906,GBR,4631.0853531975745,43361,200808492.00000003
1907,GBR,4678.578731966069,43737,204626997.99999997
1908,GBR,4449.191641736924,44124,196316132.00000003
1909,GBR,4510.5231805929925,44520,200808492.00000003
1910,GBR,4610.780033840948,44916,207097796.00000003
1911,GBR,4708.899929309889,45268,213162482.00000003
1912,GBR,4761.747325320301,45426,216307133.99999997
1913,GBR,4920.545904620036,45649,224618000.0
1914,GBR,4926.5821190471015,46049,226864179.99999997
1915,GBR,5288.265817867932,46340,245058237.99999997
1916,GBR,5384.380401599518,46514,250449070.0
1917,GBR,5421.016218303514,46614,252695249.99999997
1918,GBR,5459.314567901234,46575,254267575.99999997
1919,GBR,4870.407916792024,46534,226639562.00000003
1920,GBR,4547.913628500031,46821,212937863.99999997
1921,GBR,4439.151343256489,44072,195642277.99999997
1922,GBR,4636.935184350491,44372,205750088.0
1923,GBR,4759.709615212127,44596,212264010.0
1924,GBR,4920.942046087053,44915,221024112.0
1925,GBR,5144.49446281542,45059,231805776.0
1926,GBR,4936.113636363637,45232,223270292.00000003
1927,GBR,5314.938244949217,45389,241239732.0
1928,GBR,5356.965334152443,45578,244159766.00000003
1929,GBR,5503.318050446664,45672,251347542.00000003
1930,GBR,5440.862468931234,45866,249550597.99999997
1931,GBR,5138.415852758606,46074,236747372.0
1932,GBR,5148.253285853027,46335,238544316.0
1933,GBR,5277.460748065348,46520,245507473.99999997
1934,GBR,5607.508035829083,46666,261679970.0
1935,GBR,5799.005291456858,46868,271787780.0
1936,GBR,6035.168539325843,47081,284141770.0
1937,GBR,6217.618515933939,47289,294024962.00000006
1938,GBR,6266.4515517749605,47494,297618850.0
1939,GBR,6262.400950178158,47991,300538884.0
1940,GBR,6856.004976568655,48226,330637696.0
1941,GBR,7481.67637298822,48216,360736508.0
1942,GBR,7638.868347107436,48400,369721227.99999994
1943,GBR,7743.70198200414,48789,377807475.99999994
1944,GBR,7405.391872041781,49016,362982687.99999994
1945,GBR,7056.134561424911,49182,347034810.0
1946,GBR,6745.340106060914,49217,331985404.0
1947,GBR,6604.410589874592,49519,327043807.99999994
1948,GBR,6745.635941936256,50014,337376235.99999994
1949,GBR,6955.693353474321,50312,349954844.00000006
1950,GBR,6939.3739900652345,50127,347850000.0
1951,GBR,7123.3644859813085,50290,358234000.0
1952,GBR,7090.719809637121,50430,357585000.0
1953,GBR,7345.798825924535,50593,371646000.0
1954,GBR,7619.206145966709,50765,386789000.0
1955,GBR,7868.134887920543,50946,400850000.0
1956,GBR,7928.747264770241,51184,405825000.0
1957,GBR,8017.013416293992,51430,412315000.0
1958,GBR,7965.809649190738,51652,411450000.0
1959,GBR,8239.799060743706,51956,428107000.0
1960,GBR,8645.23027571985,52372,452768000.0
1961,GBR,8856.666729789611,52807,467694000.0
1962,GBR,8865.383171958267,53292,472453999.99999994
1963,GBR,9149.18414918415,53625,490625000.0
1964,GBR,9567.965031208905,53991,516584000.0
1965,GBR,9751.536338546459,54350,529996000.00000006
1966,GBR,9885.310103764434,54643,540163000.0
1967,GBR,10048.890991466365,54959,552277000.0
1968,GBR,10409.950374904916,55214,574775000.0
1969,GBR,10551.684967815221,55461,585207000.0
1970,GBR,10767.471958584987,55632,599016000.0
1971,GBR,10941.474233995743,55907,611705000.0
1972,GBR,11293.924642022861,56079,633352000.0
1973,GBR,12025.280199252802,56210,675941000.0
1974,GBR,11858.903671030164,56224,666755000.0
1975,GBR,11847.087076403095,56215,665984000.0
1976,GBR,12114.952140340889,56206,680933000.0
1977,GBR,12383.613093860695,56179,695699000.0
1978,GBR,12827.834849644809,56167,720501000.0
1979,GBR,13167.283204097603,56228,740370000.0
1980,GBR,12931.49128103136,56314,728224000.0
1981,GBR,12747.426302481243,56382.6,718733038.2422789
1982,GBR,12954.64740105841,56339.7,729860948.1814104
1983,GBR,13404.466833690942,56382.62,755778959.7865996
1984,GBR,13720.057238973992,56462.23,774665027.4401145
1985,GBR,14164.54610577419,56620.24,802000000.0
1986,GBR,14741.815746318507,56796.26,837280000.0
1987,GBR,15393.437392618882,56981.62,877143000.0
1988,GBR,16109.99642527258,57159.6,920840951.6700106
1989,GBR,16413.722920989137,57324.47,940907967.1725543
1990,GBR,16429.911584495658,57493.31,944610000.0
1991,GBR,16155.29227957883,57665.65,931605430.2418951
1992,GBR,16133.494698974384,57866.35,933586450.9739963
1993,GBR,16458.296159635553,58026.92,955024234.5914794
1994,GBR,17117.9416871969,58212.52,996478522.8247832
1995,GBR,17585.527396276437,58426.01,1027452199.5101211
1996,GBR,18044.003183377976,58618.66,1057715287.6453513
1997,GBR,19115.072462085736,58808.27,1124124342.4199028
1998,GBR,19724.085413065444,59035.65,1164424203.015837
1999,GBR,20269.481542579528,59293.32,1201844855.3382616
2000,GBR,21045.72001977542,59522.47,1252693238.505482
2001,GBR,21567.35402910252,59723.24,1288072260.8450568
2002,GBR,22008.006231145475,59912.43,1318553132.763067
2003,GBR,22762.765048987072,60094.65,1367920398.651111
2004,GBR,23306.55958095741,60270.71,1404702893.6016057
2005,GBR,23810.431674391606,60441.46,1439137253.6304734
2006,GBR,24285.282650144403,60609.15,1471910338.9349997
2007,GBR,25002.119099661428,60776.24,1519534790.9096067
2008,GBR,24602.13363468245,60943.91,1499350218.0400603
2009,GBR,23489.35501271381,61067.49465695664,1434436061.7342584
2010,GBR,23777.155757682725,61556.92913172931,1463648691.929765
2011,GBR,23967.740310562956,62071.865202381916,1487722345.762959
2012,GBR,24150.282061037648,62483.81405890401,1509001733.7719615
2013,GBR,24523.87833989095,62877.12713382153,1541991016.1916955
2014,GBR,25034.193108199277,63358.714963708066,1586134305.488823
2015,GBR,25423.86029158919,63861.88106703147,1623615542.2062929
2016,GBR,25649.813255197038,64389.56793562405,1651580393.1315799
2017,GBR,25941.298227075255,64774.05353504466,1680323040.1291316
2018,GBR,26109.672726731733,65162.46245690836,1701370568.8178208
2019,GBR,26341.025966169807,65516.5423073952,1725772942.1327596
2020,GBR,23646.774125758013,65795.098200853,1555841825.7376382
1870,IRL,,,
1871,IRL,,,
1872,IRL,,,
1873,IRL,,,
1874,IRL,,,
1875,IRL,,,
1876,IRL,,,
1877,IRL,,,
1878,IRL,,,
1879,IRL,,,
1880,IRL,,,
1881,IRL,,,
1882,IRL,,,
1883,IRL,,,
1884,IRL,,,
1885,IRL,,,
1886,IRL,,,
1887,IRL,,,
1888,IRL,,,
1889,IRL,,,
1890,IRL,,,
1891,IRL,,,
1892,IRL,,,
1893,IRL,,,
1894,IRL,,,
1895,IRL,,,
1896,IRL,,,
1897,IRL,,,
1898,IRL,,,
1899,IRL,,,
1900,IRL,,,
1901,IRL,,,
1902,IRL,,,
1903,IRL,,,
1904,IRL,,,
1905,IRL,,,
1906,IRL,,,
1907,IRL,,,
1908,IRL,,,
1909,IRL,,,
1910,IRL,,,
1911,IRL,,,
1912,IRL,,,
1913,IRL,,,
1914,IRL,,,
1915,IRL,,,
1916,IRL,,,
1917,IRL,,,
1918,IRL,,,
1919,IRL,,,
1920,IRL,,,
1921,IRL,,3102.2693216334787,
1922,IRL,2351.0917825061556,3008.078974012824,7072269.756931098
1923,IRL,2320.4466184008456,3020.1032737090773,7007988.428699552
1924,IRL,2322.334127521061,3011.0850489368872,6992745.570014557
1925,IRL,2341.3638343191396,2991.044549443131,7003123.534903533
1926,IRL,2357.557343002206,2977.016199797502,7018486.4020691225
1927,IRL,2899.3198591464356,2962.9878501518724,8590649.516354928
1928,IRL,3004.7587631652063,2949.961525480931,8863922.744689027
1929,IRL,3107.797836602166,2942.9473506581166,9146085.409609372
1930,IRL,3199.377629126301,2932.9271009112385,9383541.354513675
1931,IRL,3274.9128792982783,2938.939250759365,9624770.003787078
1932,IRL,3161.8590411427454,2954.9716503543705,9343203.828993466
1933,IRL,3054.752421321863,2967.9979750253124,9066499.000686958
1934,IRL,3133.447330247581,2977.0161997975024,9328323.463359283
1935,IRL,3223.57759162066,2977.0161997975024,9596642.711558921
1936,IRL,3319.90763267771,2973.0080998987514,9870112.28286652
1937,IRL,3234.3009083601673,2953.969625379683,9554026.642633852
1938,IRL,3348.971982371183,2942.947350658117,9855848.222947536
1939,IRL,3393.3396930765875,2939.9412757340538,9976219.426262585
1940,IRL,3214.284654418019,2963.9898751265614,9527107.171469687
1941,IRL,3122.245701283135,2999.0607492406352,9363804.532203551
1942,IRL,3180.8076604146677,2969.0000000000005,9443817.94377115
1943,IRL,3302.4454846677168,2951.9655754303076,9748705.385474358
1944,IRL,3345.363355908953,2949.961525480932,9868693.188685184
1945,IRL,3553.1960931788676,2957.9777252784343,10510274.897169447
1946,IRL,3687.1415982928324,2962.9878501518733,10924955.757531222
1947,IRL,3686.8569017950326,2980.022274721566,10986915.691060139
1948,IRL,3866.848009307631,2991.044549443132,11565914.661764614
1949,IRL,4070.5825289304817,2987.0364495443805,12158978.38479389
1950,IRL,4140.314426365623,2969,12292593.531879535
1951,IRL,4240.7402470026,2960.6,12555135.575275898
1952,IRL,4385.163276904207,2952.9,12948948.640370434
1953,IRL,4508.606035169761,2949,13295879.197715623
1954,IRL,4559.6155792538875,2941.2,13410741.341701534
1955,IRL,4706.0670588207,2920.9,13745951.272109384
1956,IRL,4684.207087877082,2898.5,13577174.244211722
1957,IRL,4721.073242495964,2885.3,13621712.626573607
1958,IRL,5021.817579090619,2852.7,14325739.007871808
1959,IRL,5300.8769583997655,2845.6,15084175.472822372
1960,IRL,5563.5922039585075,2832.1,15756649.48083089
1961,IRL,5851.580402376792,2818.3,16491509.048018515
1962,IRL,6002.4522719662455,2830.1,16987540.17489167
1963,IRL,6220.611558692484,2850,17728742.94227358
1964,IRL,6496.284082113825,2863.8,18604058.354357574
1965,IRL,6574.073751789839,2875.8,18905721.29539722
1966,IRL,6625.558893301964,2884,19108111.848282866
1967,IRL,6915.001289376274,2899.7,20051429.23880438
1968,IRL,7379.950420237743,2912.2,21491891.613816354
1969,IRL,7540.83706449657,2925.2,22058456.581065364
1970,IRL,7677.686508123078,2949.9,22648407.43031227
1971,IRL,7953.569183287033,2978.2,23687319.74166544
1972,IRL,8373.41795977117,3024.4,25324565.277531926
1973,IRL,8706.237157418307,3073,26754266.784746457
1974,IRL,8787.45938868717,3123.9,27451144.38431985
1975,IRL,8758.563768781381,3177.2,27827708.806172203
1976,IRL,8903.606884595696,3227.8,28739062.30209799
1977,IRL,9335.321651421067,3271.9,30544238.911284592
1978,IRL,9878.612957873442,3314,32737723.342392586
1979,IRL,10128.41379493719,3368.2,34114523.34410744
1980,IRL,10321.464313259,3401,35103300.12939386
1981,IRL,10450.477594831998,3443.4,35985174.55004451
1982,IRL,10495.111925681,3480,36522989.50136988
1983,IRL,10347.196072956001,3504,36256575.03963783
1984,IRL,10603.116695188999,3529,37418398.81732198
1985,IRL,10776.023006829,3540,38147121.44417466
1986,IRL,10819.866936198,3540.6,38308820.87430263
1987,IRL,11195.144169801,3546.5,39703578.79819925
1988,IRL,11582.376225789001,3530.7,40893895.74039322
1989,IRL,12306.528289618002,3509.5,43189761.03241438
1990,IRL,13269.422318059,3505.8,46519940.76265124
1991,IRL,13411.114956706999,3525.7,47283568.002861865
1992,IRL,13778.6139212,3554.5,48976083.1829054
1993,IRL,14020.148038919,3574.1,50109411.1059004
1994,IRL,14797.614478941001,3585.9,53062765.76003454
1995,IRL,16147.816609573,3601.3,58153131.95605525
1996,IRL,17495.460114808,3626.1,63440287.922305286
1997,IRL,19173.750714320002,3664.3,70258374.74248278
1998,IRL,20618.027985953002,3703.1,76350619.43478256
1999,IRL,22526.414036917,3741.6,84284830.76052865
2000,IRL,24305.281428392,3789.5,92104863.9728915
2001,IRL,25199.817704593002,3847.2,96948738.67311019
2002,IRL,26241.315363853,3917.2,102792480.54328497
2003,IRL,26603.860546949,3979.9,105880704.59080233
2004,IRL,27865.106583741002,4045.2,112719929.1525491
2005,IRL,28762.763149421004,4133.8,118899510.30707654
2006,IRL,29375.982964321003,4232.9,124345598.28967436
2007,IRL,30066.844156117,4375.8,131566496.65833677
2008,IRL,28248.441720917002,4485.1,126697085.96248485
2009,IRL,26622.466118757002,4533.4,120690287.90277298
2010,IRL,26967.291937765003,4554.8,122830621.31813204
2011,IRL,26959.115473970003,4574.9,123335257.38186535
2012,IRL,26826.81709839754,4593.7,123234349.70490877
2013,IRL,27015.914178220304,4614.7,124670339.15823323
2014,IRL,29137.841163477693,4645.4,135356927.34081927
2015,IRL,36113.720371508665,4687.8,169293898.35755834
2016,IRL,36407.510597807544,4739.6,172557037.22936866
2017,IRL,39217.027116781624,4792.5,187947602.45717594
2018,IRL,42227.923151757226,4857,205101022.74808484
2019,IRL,43729.410638202986,4921.5,215214294.455916
2020,IRL,45887.56980177752,4977.4,228400789.93136743
1870,ITA,1541.7482711411383,27888,42996275.78558406
1871,ITA,1507.5455466433566,28063,42306250.675452515
1872,ITA,1473.9686579015847,28233,41614557.118535444
1873,ITA,1466.2123445514997,28387,41621369.82478342
1874,ITA,1542.332382129376,28505,43964184.55259786
1875,ITA,1550.1200994500182,28630,44379938.44725402
1876,ITA,1512.2265924891342,28837,43608078.24760916
1877,ITA,1521.925410830097,29067,44237805.91659843
1878,ITA,1559.9755129423963,29252,45632403.704590976
1879,ITA,1564.4819730996428,29425,46034882.05845699
1880,ITA,1588.9142841258233,29534,46926994.46737207
1881,ITA,1636.9054241977344,29672,48570257.74679518
1882,ITA,1656.9591010214226,29898,49539763.202338494
1883,ITA,1672.113284859678,30113,50352347.346979484
1884,ITA,1646.7810722526312,30366,50006154.0400234
1885,ITA,1671.1024841203355,30644,51209264.52338356
1886,ITA,1707.5759735080821,30857,52690671.81453889
1887,ITA,1750.844907070376,31049,54361983.5196281
1888,ITA,1741.7468818977006,31243,54417397.831129864
1889,ITA,1688.6782474613653,31468,53139327.091114245
1890,ITA,1689.6597609403432,31702,53565593.74133076
1891,ITA,1712.2909479734342,31892,54608382.91276877
1892,ITA,1714.224747414601,32091,55011186.36928196
1893,ITA,1741.1047528572615,32303,56242906.83154812
1894,ITA,1750.8537734284312,32513,56925508.73547858
1895,ITA,1765.0317754516464,32689,57697123.70773887
1896,ITA,1791.422023336067,32863,58871501.95289317
1897,ITA,1794.398752443079,33078,59355121.93331217
1898,ITA,1787.2189671471176,33285,59487583.32149181
1899,ITA,1807.0695538363848,33487,60513338.149319015
1900,ITA,1854.688438436837,33672,62451069.09904518
1901,ITA,1885.2075584966317,33877,63865176.45919039
1902,ITA,1915.1352387062493,34166,65432510.565637715
1903,ITA,1932.4914981284207,34436,66547277.229550295
1904,ITA,1966.4352270155937,34715,68264798.90584633
1905,ITA,2006.746723405324,35011,70258209.5331438
1906,ITA,2074.706561460932,35297,73230917.49988651
1907,ITA,2111.6408489369405,35594,75161744.37706146
1908,ITA,2156.211372269469,35899,77405832.05310166
1909,ITA,2173.4173402232445,36213,78705962.14150435
1910,ITA,2175.5176083668352,36572,79563029.9731919
1911,ITA,2199.1612101575556,36917,81186434.39538649
1912,ITA,2201.376559414266,37150,81781139.18223998
1913,ITA,2304.7927574242003,37248,85848920.62853661
1914,ITA,2179.1564253251954,37526,81775024.01675329
1915,ITA,2069.6937185312536,37982,78611106.81725407
1916,ITA,2240.2602967956477,38142,85448008.2403796
1917,ITA,2247.153255007695,37981,85349127.77844726
1918,ITA,2190.6681369860826,37520,82193868.49971782
1919,ITA,2102.73799898295,37250,78326990.46211489
1920,ITA,2152.7842846250815,37398,80509826.6764088
1921,ITA,2079.5000125615616,37691,78378434.97345781
1922,ITA,2231.2317543495487,38086,84978692.59615691
1923,ITA,2413.7767603629327,38460,92833854.20355839
1924,ITA,2456.980270935044,38810,95355404.31498905
1925,ITA,2602.3414303206473,39165,101920702.11850815
1926,ITA,2600.2277396485993,39502,102714196.17159897
1927,ITA,2530.7029046318808,39848,100843449.34377119
1928,ITA,2666.1997376179233,40186,107143902.65591387
1929,ITA,2777.9896372640164,40469,112422462.63043748
1930,ITA,2630.9822559678087,40791,107320397.20318288
1931,ITA,2578.9047463431216,41132,106075510.02658528
1932,ITA,2615.1748999404454,41431,108349311.2794326
1933,ITA,2565.0613929580454,41753,107099008.34017727
1934,ITA,2538.0526408295664,42093,106834249.81043893
1935,ITA,2654.107924697191,42429,112611145.1369771
1936,ITA,2540.3044045713227,42750,108598013.29542404
1937,ITA,2772.2738078992493,43068,119396288.35860486
1938,ITA,2830.122203234506,43419,122881075.942239
1939,ITA,2980.8249609026107,43865,130753886.90999302
1940,ITA,2897.092920144088,44341,128459997.17210901
1941,ITA,2822.2565675610986,44734,126250825.29327819
1942,ITA,2648.294967376475,45004,119183866.71181089
1943,ITA,2233.86446164015,45177,100919294.78351705
1944,ITA,1797.1882761802203,45290,81394657.02820218
1945,ITA,1608.6346377973978,45442,73099575.21078935
1946,ITA,2161.6798950684206,45725,98842813.20200354
1947,ITA,2555.5513234371533,46040,117657582.93104655
1948,ITA,2735.258561547963,46381,126864027.34315607
1949,ITA,2948.366982250703,46733,137786034.1815221
1950,ITA,3171.702070326728,47105,149403026.0227405
1951,ITA,3450.7099711975006,47418,163625765.41424307
1952,ITA,3590.60271687405,47666,171149669.10251847
1953,ITA,3829.8209343635153,47957,183666722.5492711
1954,ITA,3947.2123425229397,48299,190646408.93151546
1955,ITA,4189.7355158701175,48633,203759407.34331143
1956,ITA,4368.007908153249,48921,213687314.87476513
1957,ITA,4590.974040748379,49182,225793285.27208677
1958,ITA,4822.883142441416,49476,238616966.35543147
1959,ITA,5130.814034497587,49832,255678724.96708378
1960,ITA,5456.190048020658,50197.6,273887645.55452174
1961,ITA,5852.674923067569,50523.2,295695865.67312735
1962,ITA,6203.007071305134,50843.2,315380729.12778115
1963,ITA,6531.85997605379,51198.3,334420126.6119948
1964,ITA,6727.938954228743,51600.2,347162995.62599397
1965,ITA,6963.939320707315,51987.1,362035009.85954326
1966,ITA,7366.023311500068,52331.6,385475785.528097
1967,ITA,7872.313760270947,52667.1,414611936.043566
1968,ITA,8382.405286376828,52986.6,444155155.94713444
1969,ITA,8879.374046834757,53317,473421586.05508876
1970,ITA,9366.596349734822,53661.1,502621863.3827552
1971,ITA,9489.247577700971,54005.5,512471560.0575298
1972,ITA,9795.126255935349,54365.56,532517524.17462856
1973,ITA,10413.549673699683,54796.84,570629615.3017737
1974,ITA,10913.877946399141,55226.26,602732661.0761051
1975,ITA,10618.982479498884,55571.89,590116926.2626392
1976,ITA,11307.66354481134,55838.54,631403423.1534898
1977,ITA,11541.917805039184,56059.25,647031255.7121428
1978,ITA,11869.490233584993,56240.14,667541792.4654527
1979,ITA,12532.28816899758,56367.71,706416385.1464866
1980,ITA,12927.017997410425,56451.25,729746324.7263153
1981,ITA,13018.322193490614,56502.49,735567619.5544815
1982,ITA,13064.013264836063,56535.64,738582350.8959963
1983,ITA,13208.597189546079,56630.13,748004575.961629
1984,ITA,13634.094930693087,56696.96,773011734.9217087
1985,ITA,14009.772723763488,56731.21,794791358.4440985
1986,ITA,14408.105278189445,56733.83,817426995.4749027
1987,ITA,14867.919366683249,56729.7,843452605.2961307
1988,ITA,15484.703010161711,56734.03,878509605.1196048
1989,ITA,15996.877351064415,56737.53,907623308.6123377
1990,ITA,16313.127512539457,56742.89,925654000.0
1991,ITA,16562.94803045034,56747.46,939905230.8400595
1992,ITA,16634.007458221156,56840.85,945491122.83163
1993,ITA,16440.83834679536,57026.75,937567578.1931124
1994,ITA,16761.739574123065,57179.46,958427217.5089868
1995,ITA,17216.59526877699,57274.53,986072402.2194257
1996,ITA,17378.120436215133,57367.03,996931156.4079666
1997,ITA,17675.65493183744,57479.47,1015987277.3849021
1998,ITA,17908.53958560993,57550.32,1030642183.884519
1999,ITA,18140.51642093767,57603.63,1044959595.9206178
2000,ITA,18761.37160268521,57719.34,1082893986.4017324
2001,ITA,19062.439916661428,57844.92,1102665311.984087
2002,ITA,19100.471045688388,57927,1106432986.2635913
2003,ITA,19006.708489859055,57998.35,1102357731.3428168
2004,ITA,19210.519703975657,58057.48,1115314363.5031726
2005,ITA,19283.733171442167,58103.03,1120443326.9722993
2006,ITA,19629.60635333147,58133.51,1141137917.2374585
2007,ITA,19841.538671196064,58147.73,1153740433.4372675
2008,ITA,19460.4958473145,58145.32,1131536758.4007728
2009,ITA,18278.625580046355,58558.23632622623,1070364076.4349585
2010,ITA,18520.425122909404,58823.330578624445,1089433089.4615612
2011,ITA,18551.197642275638,59077.58454560862,1095959947.1338344
2012,ITA,17951.283874349927,59232.30498288192,1063295921.279785
2013,ITA,17570.474942178338,59401.80762753803,1043717972.4397551
2014,ITA,17549.695961443445,59469.805781498915,1043677010.3513975
2015,ITA,17701.075746228515,59419.5462763974,1051789889.4450408
2016,ITA,17969.303621967574,59290.44833192094,1065408067.9588683
2017,ITA,18298.50837697321,59194.856724178826,1083177581.6411152
2018,ITA,18510.573909341612,59067.729740686744,1093377577.0219977
2019,ITA,18601.359196772417,58948.48660113215,1096521973.373785
2020,ITA,17000.999643522366,58775.042034507285,999234468.6766704
1870,JPN,737.375497284897,34437,25393000.0
1871,JPN,742.0053105518356,34648,25709000.0
1872,JPN,746.0053357812903,34859,26005000.0
1873,JPN,751.0122611919019,35070,26338000.0
1874,JPN,756.179934723996,35235,26644000.0
1875,JPN,809.8543853708094,35436,28698000.0
1876,JPN,784.5602441687901,35713,28019000.0
1877,JPN,802.6542284413349,36018,28910000.0
1878,JPN,793.7491394740466,36315,28825000.000000004
1879,JPN,835.4077194518151,36557,30540000.000000004
1880,JPN,863.3955497595566,36807,31779000.0
1881,JPN,829.3004957965079,37112,30777000.0
1882,JPN,844.1759769070402,37414,31584000.0
1883,JPN,837.2080707514696,37766,31618000.0
1884,JPN,835.7019245896481,38138,31872000.0
1885,JPN,860.12439170375,38427,33052000.0
1886,JPN,916.4465848480141,38622,35395000.0
1887,JPN,951.5257551587506,38866,36982000.0
1888,JPN,899.5949147792412,39251,35310000.0
1889,JPN,932.674863938722,39688,37016000.0
1890,JPN,1011.941961723682,40077,40555598.0
1891,JPN,956.4380138682516,40380,38620967.0
1892,JPN,1012.69479402222,40684,41200475.0
1893,JPN,1008.3603082851638,41001,41343781.0
1894,JPN,1119.4156711003627,41350,46287838.0
1895,JPN,1123.4641532016756,41775,46932715.0
1896,JPN,1051.1234951180206,42196,44353207.0
1897,JPN,1061.9491123982837,42643,45284696.00000001
1898,JPN,1248.8829760111253,43145,53883056.0
1899,JPN,1143.1368450006876,43626,49870487.99999999
1900,JPN,1179.5133664376574,44103,52020078.00000001
1901,JPN,1206.4631230128523,44662,53883056.00000001
1902,JPN,1128.904850292785,45255,51088588.99999999
1903,JPN,1192.6275386662592,45841,54671238.999999985
1904,JPN,1188.0882530510155,46378,55101157.0
1905,JPN,1156.754745990732,46829,54169667.99999999
1906,JPN,1297.209541152307,47227,61263315.00000001
1907,JPN,1325.1545574636725,47691,63197946.00000001
1908,JPN,1318.4389556568585,48260,63627863.99999999
1909,JPN,1300.5424911498087,48869,63556211.0
1910,JPN,1303.755260713276,49518,64559352.99999999
1911,JPN,1355.578014537489,50215,68070350.00000001
1912,JPN,1384.082605366993,50941,70506551.99999999
1913,JPN,1386.6891159622232,51672,71653000.0
1914,JPN,1326.502213909459,52396,69503410.00000001
1915,JPN,1429.7150064001203,53124,75952179.99999999
1916,JPN,1629.7179596766703,53815,87703272.00000001
1917,JPN,1665.063192314051,54437,90641045.0
1918,JPN,1668.4133294464891,54886,91572534.0
1919,JPN,1827.2143955984293,55253,100959077.00000001
1920,JPN,1695.7542907305885,55818,94653612.99999999
1921,JPN,1859.5025314214904,56490,105043298.0
1922,JPN,1831.1224807285566,57209,104756686.0
1923,JPN,1809.350484146573,57937,104828339.0
1924,JPN,1836.3172136455032,58686,107766112.0
1925,JPN,1885.1617553173614,59522,112208597.99999999
1926,JPN,1871.5777814514795,60490,113211740.0
1927,JPN,1869.7665472895978,61430,114859759.0
1928,JPN,1992.3718670322799,62361,124246302.0
1929,JPN,2025.7346783884636,63244,128115564.0
1930,JPN,1850.3913212778218,64203,118800674.0
1931,JPN,1837.3409401119545,65205,119803816.0
1932,JPN,1961.5832842315185,66189,129835235.99999999
1933,JPN,2122.435622637016,67182,142589470.0
1934,JPN,2098.341636069908,68090,142876082.00000003
1935,JPN,2120.4684855137352,69238,146816997.0
1936,JPN,2244.4213991534966,70171,157493294.0
1937,JPN,2315.116291141727,71278,165016859.0
1938,JPN,2449.2747673172967,71879,176051420.99999997
1939,JPN,2816.0567685589517,72364,203781131.99999997
1940,JPN,2874.2901722696556,72967,209728330.99999997
1941,JPN,2872.7038848726434,74005,212594450.99999997
1942,JPN,2818.216996094843,75029,211448002.99999997
1943,JPN,2821.6226432471553,76005,214457429.00000003
1944,JPN,2658.972660602762,77178,205214191.99999997
1945,JPN,1346.1258396305625,76224,102607096.0
1946,JPN,1444.2164794880762,77199,111492068.0
1947,JPN,1540.944456534262,78119,120377040.0
1948,JPN,1725.2858836005241,80155,138290290.0
1949,JPN,1799.825877444462,81971,147533527.0
1950,JPN,1920.7207207207207,83805,160966000.0
1951,JPN,2125.6085093759507,85164,181025323.09249347
1952,JPN,2336.4246820965195,86459,202004941.58938298
1953,JPN,2474.3436961037883,87655,216888596.68197757
1954,JPN,2581.8698745064607,88754,229151278.84194642
1955,JPN,2770.7491371714273,89815,248854833.75505173
1956,JPN,2947.8701055396045,90766,267566377.99940774
1957,JPN,3135.873352523834,91563,287129971.7771398
1958,JPN,3288.895321608994,92389,303857749.86813337
1959,JPN,3553.935736498597,93297,331571542.4081096
1960,JPN,3986.4328857788614,94092,375091443.08870465
1961,JPN,4426.284224205285,94943,420244703.09872234
1962,JPN,4776.516828341152,95832,457743160.69358927
1963,JPN,5128.644256070067,96812,496514307.71865535
1964,JPN,5667.690457819473,97826,554447486.7266477
1965,JPN,5933.747612090928,98883,586746765.1263872
1966,JPN,6505.531579279223,99790,649186996.2962736
1967,JPN,7152.293622713407,100825,721130004.5100793
1968,JPN,7983.313409311386,101961,813986618.5267982
1969,JPN,8874.088897385178,103172,915557499.7210236
1970,JPN,9713.95143300291,104345,1013602262.2766887
1971,JPN,10040.324215724026,105697,1061232148.6293824
1972,JPN,10733.599560840017,107188,1150513069.7273197
1973,JPN,11433.802064833166,108707,1242934321.0618188
1974,JPN,11144.520200748892,110162,1227702634.3548994
1975,JPN,11343.781059229359,111573,1265659684.1213973
1976,JPN,11668.967903931694,112775,1315967855.365897
1977,JPN,12063.85497573237,113872,1373735293.7965965
1978,JPN,12584.878299706463,114913,1446166120.0541687
1979,JPN,13163.097132670082,115890,1525471326.7051358
1980,JPN,13427.729937687376,116807,1568452850.8314493
1981,JPN,13754.451708405097,117648,1618183734.590443
1982,JPN,14078.37040258014,118455,1667653366.0376306
1983,JPN,14306.872890504885,119270,1706380729.6505177
1984,JPN,14772.586962917898,120035,1773227476.09385
1985,JPN,15331.250840808323,120754,1851309864.0309682
1986,JPN,15679.381063001287,121492,1904919364.1061523
1987,JPN,16251.293857282653,122091,1984136718.3294964
1988,JPN,17184.63784427426,122613,2107060000.0
1989,JPN,17942.5136567634,123108,2208866971.256829
1990,JPN,18789.07116387426,123537,2321145484.371535
1991,JPN,19347.1030845286,123946,2397996038.914982
1992,JPN,19440.299298858994,124329,2416992971.5278397
1993,JPN,19417.435610722492,124668,2420732862.7175517
1994,JPN,19536.819448437403,125014,2442375946.5269537
1995,JPN,19871.714456558704,125341,2490740561.6995244
1996,JPN,20343.360449417913,125645,2556041523.667114
1997,JPN,20617.43761502919,125956,2596889972.2386165
1998,JPN,20154.49399706678,126246,2544424249.1536927
1999,JPN,20070.399088282407,126494,2538785062.273195
2000,JPN,20480.951264994896,126729,2595530472.861538
2001,JPN,20499.90795272704,126972,2602914312.573658
2002,JPN,20516.849232535595,127187,2609476503.338505
2003,JPN,20832.997849900727,127358,2653248940.167657
2004,JPN,21301.17824873966,127480,2715474203.1493316
2005,JPN,21575.023474075475,127537,2751613768.8131638
2006,JPN,21938.170592300474,127515,2797445823.0771947
2007,JPN,22410.065610134494,127433,2855781890.896269
2008,JPN,22175.1244681219,127288,2822627243.2983003
2009,JPN,20963.200296560124,127147.44610468941,2665417379.8886876
2010,JPN,21934.903391345688,127190.31005857847,2789907163.4502225
2011,JPN,21869.04677661825,127426.5602230367,2786697406.1011515
2012,JPN,22218.193228700202,127148.44294082638,2825008673.987643
2013,JPN,22702.703762553305,126930.13582683333,2881657272.217251
2014,JPN,22808.11785153788,126717.809729662,2890194738.202884
2015,JPN,23189.97882270277,126576.25899821446,2935300765.6255345
2016,JPN,23367.994774838386,126558.31594774927,2957414065.7793508
2017,JPN,23799.611471881875,126344.993014441,3006961745.1613255
2018,JPN,23980.04135550288,126094.78714406541,3023758210.4280214
2019,JPN,24035.72845588844,125821.65404253986,3024215110.437226
2020,JPN,23001.358814399202,125450.83099959277,2885539577.386188
1870,NLD,2755.2250480368416,3610,9946362.423412997
1871,NLD,2738.3545435353763,3636,9956657.120294629
1872,NLD,2768.5136407288232,3662,10138296.952348951
1873,NLD,2825.2656301492702,3670,10368724.862647822
1874,NLD,2720.905016690477,3745,10189789.287505837
1875,NLD,2876.3491209483614,3788,10895610.470152393
1876,NLD,2883.4445670499786,3832,11049359.580935517
1877,NLD,2917.673806986509,3883,11329327.392528616
1878,NLD,2909.4275265787787,3834,11154745.136903038
1879,NLD,2769.0115500869806,3986,11037280.038646705
1880,NLD,2927.385831632251,4043,11835420.917289192
1881,NLD,2944.7369765394515,4079,12011582.127304422
1882,NLD,2985.1723467959923,4130,12328761.79226745
1883,NLD,3170.0316922123347,4180,13250732.47344756
1884,NLD,3190.468484517757,4226,13482919.815572042
1885,NLD,3222.8695566063834,4276,13780990.224048896
1886,NLD,3234.590998570031,4326,13992840.659813954
1887,NLD,3276.94770408728,4378,14346477.048494112
1888,NLD,3281.859888906561,4432,14545203.02763388
1889,NLD,3356.4344148804803,4485,15053608.350738954
1890,NLD,3186.2092809685505,4535,14449459.089192377
1891,NLD,3158.5028496107575,4585,14481735.565465324
1892,NLD,3218.711285678686,4632,14909070.675263675
1893,NLD,3149.31058081303,4684,14751370.760528233
1894,NLD,3292.2430205693813,4743,15615108.646560576
1895,NLD,3270.2606585034528,4803,15707061.942792084
1896,NLD,3362.2063377142995,4866,16360496.039317781
1897,NLD,3400.5709752953267,4935,16781817.763082437
1898,NLD,3407.0386114757184,5003,17045414.17321302
1899,NLD,3410.452942442161,5070,17290996.41818176
1900,NLD,3328.9614376745703,5142,17117519.71252264
1901,NLD,3440.4398645979486,5221,17962536.53306589
1902,NLD,3532.2715297735067,5305,18738700.465448454
1903,NLD,3478.0004686502866,5389,18742944.525556393
1904,NLD,3475.991273021651,5470,19013672.26342843
1905,NLD,3597.7291724203096,5551,19970994.63610514
1906,NLD,3620.0714332260895,5632,20388242.311929338
1907,NLD,3508.335950397207,5710,20032598.27676805
1908,NLD,3530.8259209979055,5786,20429358.77889388
1909,NLD,3671.2542662860624,5862,21520892.508968897
1910,NLD,3782.947209298495,5922,22402613.373465687
1911,NLD,3862.7039086883997,5984,23114420.189591385
1912,NLD,3918.0594325100587,6068,23774784.636471037
1913,NLD,4048.507462686567,6164,24955000.0
1914,NLD,3868.283415644416,6277,24281215.0
1915,NLD,3925.681000781861,6395,25104730.0
1916,NLD,3956.18707796194,6516,25778515.0
1917,NLD,3626.6133152990683,6654,24131485.0
1918,NLD,3352.219342417062,6752,22634185.0
1919,NLD,4121.8839088905215,6805,28049420.0
1920,NLD,4219.902161214953,6848,28897889.999999996
1921,NLD,4431.396474497906,6921,30669695.000000004
1922,NLD,4599.2150170648465,7032,32341680.0
1923,NLD,4634.998601398602,7150,33140240.000000004
1924,NLD,4895.494906387666,7264,35560875.0
1925,NLD,5030.976785229433,7366,37058175.0
1926,NLD,5357.759336099585,7471,40027820.0
1927,NLD,5504.198125659979,7576,41699805.0
1928,NLD,5719.598906107566,7679,43920800.0
1929,NLD,5688.79079928039,7782,44270170.0
1930,NLD,5602.530441400305,7884,44170350.0
1931,NLD,5185.0493811726465,7999,41475210.0
1932,NLD,5035.238828019204,8123,40901245.0
1933,NLD,4956.4623042369785,8237,40826379.99999999
1934,NLD,4804.907085481357,8341,40077730.0
1935,NLD,4929.455774247095,8434,41575030.0
1936,NLD,5189.678839830907,8516,44195305.00000001
1937,NLD,5432.696825212234,8599,46715760.0
1938,NLD,5249.601036269431,8685,45592785.00000001
1939,NLD,5543.9768845365525,8782,48687205.0
1940,NLD,4831.359950444869,8879,42897644.99999999
1941,NLD,4531.200089225965,8966,40626740.0
1942,NLD,4106.728599867286,9042,37133040.0
1943,NLD,3980.518510381193,9103,36234660.0
1944,NLD,2649.1738419618523,9175,24306169.999999996
1945,NLD,2686.2594472036276,9262,24880135.0
1946,NLD,4456.628289473684,9424,41999265.0
1947,NLD,5048.078920041537,9630,48613000.0
1948,NLD,5490.204081632653,9800,53803999.99999999
1949,NLD,5880.474085978305,9956,58546000.00000001
1950,NLD,5996.127760374793,10113.53,60642017.988383286
1951,NLD,6031.968438992155,10264.31,61913993.96803156
1952,NLD,6083.805914628297,10381.99,63162012.16761183
1953,NLD,6542.532752689746,10493.18,68651973.82986899
1954,NLD,6906.865321825503,10615.38,73319000.0
1955,NLD,7325.844803597708,10750.84,78758985.34831038
1956,NLD,7498.51850675031,10889.35,81653992.50148149
1957,NLD,7613.557410440033,11026.38,83949977.15932776
1958,NLD,7482.0716241130785,11186.88,83701037.41035812
1959,NLD,7736.675444116614,11347.64,87793007.73667546
1960,NLD,8286.609785826224,11486,95180000.0
1961,NLD,8201.508190811133,11638.71,95454975.39547543
1962,NLD,8639.309404135583,11805.69,101993008.63930942
1963,NLD,8832.216304141262,11965.97,105686035.32886522
1964,NLD,9437.195311005416,12127.12,114446000.00000001
1965,NLD,9797.835990888381,12292,120434999.99999999
1966,NLD,9936.249478112855,12454.8,123753999.99999999
1967,NLD,10341.259088998797,12596.82,130266979.31748182
1968,NLD,10894.340761417969,12724.68,138627000.0
1969,NLD,11462.130039617805,12873,147552000.0
1970,NLD,11966.773413973782,13032.33,155954940.16613293
1971,NLD,12319.369375378208,13193.78,162539049.2774775
1972,NLD,12597.193341812534,13329.87,167918949.61122665
1973,NLD,13081.24089735656,13438.4,175790947.6750364
1974,NLD,13497.423744795646,13540.58,182762946.01030502
1975,NLD,13373.627946309201,13653.44,182596026.74725592
1976,NLD,13884.909802988588,13769.91,191193958.34527057
1977,NLD,14176.868255652265,13852.99,196392014.17686826
1978,NLD,14424.018677519885,13936.75,201023942.30392528
1979,NLD,14647.25379226603,14030,205500970.7054924
1980,NLD,14704.500547621197,14143.9,207978985.29549944
1981,NLD,14525.079901101,14246.05,206925014.5250799
1982,NLD,14291.493299174495,14310.4,204516985.7085067
1983,NLD,14483.253159765085,14362.38,208013985.51674685
1984,NLD,14899.699875631257,14420.02,214853970.20060024
1985,NLD,15282.878511225295,14491.38,221470000.0
1986,NLD,15617.070555436416,14571.88,227570078.08535278
1987,NLD,15737.035465676136,14665.28,230788031.47407094
1988,NLD,16043.531010296558,14761.34,236824016.043531
1989,NLD,16695.235548313423,14848.91,247906050.08570668
1990,NLD,17262.069182310013,14951.51,258094000.0
1991,NLD,17547.904318795754,15066.22,264380587.00592697
1992,NLD,17719.668459283264,15174.24,268882501.9215945
1993,NLD,17823.66395224006,15274.94,272255397.4506298
1994,NLD,18222.90474286847,15382.2,280308365.3357514
1995,NLD,18696.697349290367,15459.05,289033179.15754724
1996,NLD,19247.868211938017,15527.81,298877240.50001323
1997,NLD,19972.661248209955,15604.46,311662593.5412423
1998,NLD,20630.887383207628,15699.26,323889665.0596962
1999,NLD,21456.94928037366,15801.95,339061639.6810006
2000,NLD,22148.200835821048,15907.85,352330256.6661159
2001,NLD,22410.665063147906,16017.45,358961707.1157184
2002,NLD,22290.725277232385,16122.83,359389574.2215206
2003,NLD,22267.40797664349,16223.25,361249726.4570815
2004,NLD,22695.82597212556,16318.2,370355027.37833935
2005,NLD,23113.73626980998,16407.49,379238396.70954454
2006,NLD,23867.010778434298,16491.46,393601853.57211804
2007,NLD,24756.362436510313,16570.61,410228026.95406216
2008,NLD,25112.311527597074,16645.31,418002210.1934269
2009,NLD,24073.41548408792,16727.49653520268,402687974.10057527
2010,NLD,24302.61795851416,16817.800259067353,408716574.59871435
2011,NLD,24563.92656391644,16899.986794270033,415130034.54560673
2012,NLD,24202.269173236706,16975.07078939347,410835232.4796485
2013,NLD,24100.634782114583,17025.803218530928,410332665.2419649
2014,NLD,24371.63199531745,17075.520999085635,416158313.91803044
2015,NLD,24743.873982589954,17148.575697043572,424322196.0285508
2016,NLD,25169.442484773514,17227.718286498006,433612064.55589247
2017,NLD,25746.85031827206,17332.227090521174,446250256.5819487
2018,NLD,26201.964780269784,17432.67730021334,456770396.64599854
2019,NLD,26558.088681144454,17535.156807071005,465700249.5199656
2020,NLD,25358.151648829913,17663.0025284974,447901096.69130325
1870,NOR,1360.14,1735,2359842.9000000004
1871,NOR,1376.09,1745,2401277.05
1872,NOR,1457.36,1755,2557666.8
1873,NOR,1481.61,1767,2618004.8699999996
1874,NOR,1523.75,1783,2716846.25
1875,NOR,1551.22,1803,2796849.66
1876,NOR,1572.45,1829,2876011.0500000003
1877,NOR,1564.75,1852,2897917.0
1878,NOR,1489.82,1877,2796392.1399999997
1879,NOR,1483.25,1902,2821141.5
1880,NOR,1517.29,1919,2911679.51
1881,NOR,1528.4,1923,2939113.2
1882,NOR,1527.94,1920,2933644.8000000003
1883,NOR,1523.01,1919,2922656.19
1884,NOR,1542.13,1929,2974768.77
1885,NOR,1544.34,1944,3002196.96
1886,NOR,1541.74,1958,3018726.92
1887,NOR,1551.82,1970,3057085.4
1888,NOR,1618.52,1977,3199814.04
1889,NOR,1675.06,1984,3323319.04
1890,NOR,1709.49,1997,3413851.53
1891,NOR,1712.28,2013,3446819.64
1892,NOR,1733.8,2026,3512678.8
1893,NOR,1769.37,2038,3605976.0599999996
1894,NOR,1763.72,2057,3627972.04
1895,NOR,1762.77,2083,3671849.91
1896,NOR,1787.95,2112,3776150.4
1897,NOR,1856.41,2142,3976430.22
1898,NOR,1844.25,2174,4009399.5
1899,NOR,1875.18,2204,4132896.72
1900,NOR,1876.69,2230,4185018.7
1901,NOR,1902.13,2255,4289303.15
1902,NOR,1914.36,2275,4355169.0
1903,NOR,1891.49,2288,4327729.12
1904,NOR,1887.66,2297,4335955.0200000005
1905,NOR,1892.1,2309,4368858.899999999
1906,NOR,1962.05,2319,4549993.95
1907,NOR,2038.47,2329,4747596.63
1908,NOR,2088.04,2346,4898541.84
1909,NOR,2114.71,2367,5005518.57
1910,NOR,2185.97,2384,5211352.4799999995
1911,NOR,2255.09,2401,5414471.090000001
1912,NOR,2344.46,2423,5680626.58
1913,NOR,2447.06,2447,5987955.82
1914,NOR,2472.28,2472,6111476.16
1915,NOR,2554.23,2498,6380466.54
1916,NOR,2627.84,2522,6627412.48
1917,NOR,2361.31,2551,6023701.81
1918,NOR,2242.88,2578,5782144.640000001
1919,NOR,2601.96,2603,6772901.88
1920,NOR,2739.06,2635,7217423.1
1921,NOR,2442.9,2668,6517657.2
1922,NOR,2678.08,2695,7217425.6
1923,NOR,2732.13,2713,7412268.69
1924,NOR,2715.12,2729,7409562.4799999995
1925,NOR,2863.16,2747,7865100.52
1926,NOR,2889.27,2763,7983053.01
1927,NOR,2985.57,2775,8284956.75
1928,NOR,3105.9,2785,8649931.5
1929,NOR,3387.39,2795,9467755.049999999
1930,NOR,3627.1,2807,10181269.7
1931,NOR,3323.46,2824,9385451.040000001
1932,NOR,3466.56,2842,9851963.52
1933,NOR,3533.55,2858,10098885.9
1934,NOR,3638.02,2874,10455669.48
1935,NOR,3799.63,2889,10977131.07
1936,NOR,4035.13,2904,11718017.52
1937,NOR,4193.04,2919,12239483.76
1938,NOR,4262.21,2936,12513848.56
1939,NOR,4440.63,2954,13117621.02
1940,NOR,4038.09,2973,12005241.57
1941,NOR,4112.47,2990,12296285.3
1942,NOR,3927.7,3009,11818449.299999999
1943,NOR,3820.18,3032,11582785.76
1944,NOR,3587.54,3060,10977872.4
1945,NOR,3979.86,3091,12301747.26
1946,NOR,4335.37,3127,13556701.99
1947,NOR,4864.26,3165,15395382.9
1948,NOR,5143.89,3201,16465591.89
1949,NOR,5227.2,3234,16904764.8
1950,NOR,5429.51,3265.126,17728034.268260002
1951,NOR,5670.28,3295.871,18688511.413879998
1952,NOR,5813.92,3327.728,19347144.37376
1953,NOR,5985.19,3360.888,20115553.248719998
1954,NOR,6225.5,3394.246,21130878.473
1955,NOR,6301.38,3427.409,21597406.52442
1956,NOR,6575.16,3459.992,22750000.99872
1957,NOR,6711.49,3491.938,23436106.96762
1958,NOR,6652.33,3522.993,23436112.02369
1959,NOR,6874.48,3552.851,24424003.14248
1960,NOR,7203.72,3581.239,25798243.00908
1961,NOR,7594.66,3609.8,27415203.668
1962,NOR,7746.04,3638.919,28187212.13076
1963,NOR,7981.69,3666.54,29265185.652599998
1964,NOR,8315.95,3694.339,30721938.407050002
1965,NOR,8689.79,3723.153,32353417.707870003
1966,NOR,8945.22,3753.628,33577028.25816
1967,NOR,9422.75,3786.019,35674710.532249995
1968,NOR,9551.2,3818.983,36475870.42960001
1969,NOR,9899.29,3850.977,38121938.10633
1970,NOR,10027.2,3877.386,38879324.8992
1971,NOR,10472.4,3903.039,40874185.6236
1972,NOR,10921.9,3933.004,42955876.3876
1973,NOR,11324.4,3960.613,44851565.8572
1974,NOR,11726.2,3985.258,46731932.3596
1975,NOR,12271.3,4007.313,49174940.016899996
1976,NOR,12930,4026.152,52058145.36
1977,NOR,13424.9,4043.205,54279622.8045
1978,NOR,13840.2,4058.671,56172818.3742
1979,NOR,14411.3,4072.517,58690264.24209999
1980,NOR,15076,4085.62,61594807.12
1981,NOR,15169.4,4099.702,62190019.518800005
1982,NOR,15145.3,4114.787,62319683.5511
1983,NOR,15635.8,4128.432,64551337.06559999
1984,NOR,16512.7,4140.095,68364146.70650001
1985,NOR,17319.7,4152.419,71918651.3543
1986,NOR,17882.1,4166.596,74507486.33159998
1987,NOR,18164.3,4186.147,76038429.9521
1988,NOR,18059.1,4208.729,76005857.8839
1989,NOR,18156.7,4226.142,76732792.4514
1990,NOR,18466,4242.006,78332882.796
1991,NOR,18951.362474863494,4261.733,80765646.85408743
1992,NOR,19506.31771479764,4286.357,83611041.48104686
1993,NOR,19930.841195187342,4311.964,85941069.72336479
1994,NOR,20818.4862012987,4336.638,90282238.36302759
1995,NOR,21578.254685600237,4359.101,94061791.57825467
1996,NOR,22563.885439871454,4381.277,98858632.30834368
1997,NOR,23649.020466807546,4405.672,104189827.29804093
1998,NOR,24135.280369615044,4432.718,106984891.72943926
1999,NOR,24455.05648185904,4463.377,109152136.63483056
2000,NOR,25087.59905618378,4492.4,112703530.0
2001,NOR,25457.663004961025,4515.195,114946312.71168499
2002,NOR,25723.89259170251,4535.591,116673055.7238926
2003,NOR,25863.90437722264,4555.4,117820430.0
2004,NOR,26775.762040502254,4574.56,122487330.0
2005,NOR,27358.448870464876,4593.041,125658477.35844886
2006,NOR,27921.174541621665,4610.82,128739510.0
2007,NOR,28555.9548221343,4627.926,132154845.77618071
2008,NOR,28464.308014279377,4644.457,132201254.60707596
2009,NOR,27893.199071352246,4698.789482139127,131064270.41968282
2010,NOR,27987.20144729498,4761.8539703363285,133270966.33040425
2011,NOR,27890.55417976372,4824.918458533529,134569649.68067142
2012,NOR,28274.281190331203,4887.982946730729,138204204.28940833
2013,NOR,28240.638910650112,4944.255874660539,139628944.83814883
2014,NOR,28460.930608223927,5002.469248381032,142374930.14794666
2015,NOR,28747.705414729848,5050.010170252768,145176204.7158163
2016,NOR,28797.222936360176,5095.610646333821,146739435.77936542
2017,NOR,29253.92387242427,5132.4791163568,150145153.34670922
2018,NOR,29394.289527980112,5165.466694798413,151835223.57404304
2019,NOR,29462.860135706836,5197.484050344685,153132745.63287252
2020,NOR,29086.336859818988,5224.650291414248,151965938.35082626
1870,PRT,975.04,4327,4218998.08
1871,PRT,932.92,4353,4061000.76
1872,PRT,954.327,4379,4178997.933
1873,PRT,988.195,4405,4352998.975000001
1874,PRT,966.373,4431,4281998.763
1875,PRT,959.399,4458,4277000.742
1876,PRT,931.534,4484,4176998.456
1877,PRT,969.186,4511,4371998.046
1878,PRT,964.081,4538,4374999.578
1879,PRT,959.09,4571,4384000.390000001
1880,PRT,947.289,4610,4367002.29
1881,PRT,970.329,4651,4513000.179
1882,PRT,992.326,4691,4655001.266
1883,PRT,1008.03,4732,4769997.96
1884,PRT,1033.73,4773,4933993.29
1885,PRT,1051.71,4815,5063983.65
1886,PRT,1100.06,4857,5342991.42
1887,PRT,1113.9,4899,5456996.100000001
1888,PRT,1117.56,4942,5522981.52
1889,PRT,1088.26,4985,5424976.1
1890,PRT,1127.88,5028,5670980.640000001
1891,PRT,1099.45,5068,5572012.600000001
1892,PRT,1086.99,5104,5547996.96
1893,PRT,1100.95,5141,5659983.95
1894,PRT,1078.99,5178,5587010.22
1895,PRT,1117.35,5215,5826980.249999999
1896,PRT,1124.9,5252,5907974.800000001
1897,PRT,1181.66,5290,6250981.4
1898,PRT,1214.38,5327,6469002.260000001
1899,PRT,1248.79,5366,6701007.14
1900,PRT,1302.18,5404,7036980.720000001
1901,PRT,1269.32,5447,6913986.04
1902,PRT,1265.74,5494,6953975.56
1903,PRT,1273.06,5541,7054025.46
1904,PRT,1278.94,5589,7147995.66
1905,PRT,1232.93,5637,6950026.41
1906,PRT,1230.57,5686,6997021.02
1907,PRT,1249.35,5735,7165022.249999999
1908,PRT,1219.23,5784,7052026.32
1909,PRT,1208.09,5834,7047997.06
1910,PRT,1227.91,5884,7225022.44
1911,PRT,1241.62,5935,7369014.699999999
1912,PRT,1256.54,5964,7494004.56
1913,PRT,1250.33,5972,7466970.76
1914,PRT,1257.53,5980,7520029.399999999
1915,PRT,1227.79,5988,7352006.52
1916,PRT,1233.66,5996,7397025.36
1917,PRT,1212.49,6005,7281002.45
1918,PRT,1149.68,6013,6913025.840000001
1919,PRT,1173.23,6021,7064017.83
1920,PRT,1229.23,6029,7411027.67
1921,PRT,1289.9,6071,7830982.9
1922,PRT,1429.87,6146,8787981.02
1923,PRT,1473.41,6223,9169030.43
1924,PRT,1401.27,6300,8828001.0
1925,PRT,1446.06,6378,9222970.68
1926,PRT,1419.08,6457,9162999.559999999
1927,PRT,1647.6,6538,10772008.799999999
1928,PRT,1470.31,6619,9731981.889999999
1929,PRT,1610.06,6701,10789012.06
1930,PRT,1570.75,6784,10655968.0
1931,PRT,1631.1,6869,11204025.899999999
1932,PRT,1642.51,6954,11422014.54
1933,PRT,1732.1,7040,12193984.0
1934,PRT,1783.92,7127,12713997.84
1935,PRT,1668.65,7216,12040978.4
1936,PRT,1522.79,7305,11123980.95
1937,PRT,1757.3,7396,12996990.799999999
1938,PRT,1747.33,7488,13084007.04
1939,PRT,1748.98,7581,13259017.38
1940,PRT,1615.11,7675,12395969.25
1941,PRT,1746.94,7757,13551013.58
1942,PRT,1708.28,7826,13368999.28
1943,PRT,1806.36,7896,14263018.559999999
1944,PRT,1892.68,7967,15078981.56
1945,PRT,1803.56,8038,14497015.28
1946,PRT,1927.87,8109.999999999999,15635025.699999997
1947,PRT,2070.51,8183,16942983.330000002
1948,PRT,2046.27,8256,16894005.12
1949,PRT,2056.55,8329,17129004.950000003
1950,PRT,2086.41,8442.75,17615038.0275
1951,PRT,2167.66,8490.25,18403975.314999998
1952,PRT,2161.38,8526.05,18428033.949
1953,PRT,2297.95,8578.95,19713998.1525
1954,PRT,2393.39,8632.1,20659981.819
1955,PRT,2474.75,8692.6,21512011.85
1956,PRT,2564.07,8756,22450996.92
1957,PRT,2658.87,8817.65,23444985.055499997
1958,PRT,2672.31,8888.55,23752961.050499998
1959,PRT,2794.05,8961.55,25039018.7775
1960,PRT,2955.84,9036.7,26711039.328
1961,PRT,3119.19,9031.2,28170028.728000004
1962,PRT,3330.45,9019.8,30039992.909999996
1963,PRT,3504.12,9081.6,31823016.192
1964,PRT,3718.39,9122.5,33921012.775
1965,PRT,3992.4,9128.85,36446020.74
1966,PRT,4164,9108.8,37929043.199999996
1967,PRT,4481.16,9103,40791999.48
1968,PRT,4873.37,9115.05,44421011.218499996
1969,PRT,4986.59,9097.2,45364006.54800001
1970,PRT,5472.9,9044.2,49498002.18
1971,PRT,5870.79,8990.45,52781043.95550001
1972,PRT,6355.42,8970.45,57010977.33900001
1973,PRT,7062.98,8975.95,63396955.331
1974,PRT,7047.69,9098.3,64121997.92699999
1975,PRT,6517.2,9411.09,61333955.747999996
1976,PRT,6814.2,9621.97,65566027.97399999
1977,PRT,7165.67,9662.6,69239002.942
1978,PRT,7340,9698.78,71189045.2
1979,PRT,7733.31,9724.56,75203037.0936
1980,PRT,8044.24,9777.8,78654969.872
1981,PRT,8114.45,9850.079,79927973.54155
1982,PRT,8279.6,9859.65,81633958.14
1983,PRT,8254.66,9872.243,81492009.40238
1984,PRT,8088.81,9885.387,79961017.21947001
1985,PRT,8305.99,9897.192,82205977.78007999
1986,PRT,8641.01,9907.411,85610037.52511
1987,PRT,9185.11,9915.289,91073020.14679001
1988,PRT,9867.74,9920.611,97894009.98914
1989,PRT,10371.9,9923.147,102921888.36930001
1990,PRT,10826.4,9922.689,107427000.1896
1991,PRT,11303.5,9919.009,112119518.2315
1992,PRT,11416.7,9927.68,113341344.25600001
1993,PRT,11138.4,9967.832,111025699.9488
1994,PRT,11178.7,10027.688,112096515.84560001
1995,PRT,11613.6,10065.543,116897190.1848
1996,PRT,12000.976245356398,10099.918,121208875.9980475
1997,PRT,12460.150328560654,10156.415,126550457.69924837
1998,PRT,13012.744466167165,10224.828,133053073.97451107
1999,PRT,13465.664985637017,10283.381,138472563.46566495
2000,PRT,13922.217384573705,10335.597,143894428.23334783
2001,PRT,14127.25924856187,10386.753,146736352.38177776
2002,PRT,14170.93849166225,10433.867,147857687.48718452
2003,PRT,13980.069580418247,10479.955,146510500.0996521
2004,PRT,14138.59741641843,10524.145,148796649.30701295
2005,PRT,14191.465057007197,10566.212,149950028.38293013
2006,PRT,14343.162795697099,10605.87,152121720.0
2007,PRT,14631.417929800693,10642.836,155719781.47432828
2008,PRT,14583.489043178224,10676.91,155706600.0
2009,PRT,14118.34417888815,10708,151179229.4675343
2010,PRT,14279.047520578404,10713.066237698715,152972381.89920405
2011,PRT,14038.770273377344,10697.867524602574,150184904.5929195
2012,PRT,13524.00842097281,10654.29788039364,144088814.25399634
2013,PRT,13472.899062170522,10595.529523088568,142752499.77482003
2014,PRT,13653.006812250058,10538.787660862981,143886139.72661912
2015,PRT,13955.367646941673,10495.21801665405,146464625.95721328
2016,PRT,14282.143266913396,10462.794095382285,149431124.24246535
2017,PRT,14819.093863819422,10436.449659348977,154658727.10691872
2018,PRT,15265.784553742387,10420.237698713096,159073103.70733848
2019,PRT,15671.51967650313,10422.26419379258,163332718.38673446
2020,PRT,14315.341283515143,10446.582134746404,149546388.50516695
1870,SWE,1345.0631555755072,4164,5600842.979816412
1871,SWE,1391.7585230145173,4186,5825901.17733877
1872,SWE,1416.5171244694977,4227,5987617.885132567
1873,SWE,1432.9356743476337,4274,6124367.072161786
1874,SWE,1487.1458306632364,4320,6424469.988465182
1875,SWE,1434.1538140646846,4362,6255778.936950155
1876,SWE,1524.975335723996,4406,6719041.329199927
1877,SWE,1490.5579688280206,4457,6643416.867066488
1878,SWE,1437.1788808493814,4508,6478802.394869011
1879,SWE,1516.2235256774602,4555,6906398.159460831
1880,SWE,1480.2390217822233,4572,6767652.807588325
1881,SWE,1533.3630937233172,4570,7007469.33831556
1882,SWE,1476.7266245184442,4576,6757501.033796401
1883,SWE,1588.4363840738044,4591,7292511.439282836
1884,SWE,1554.136910479555,4624,7186329.074057462
1885,SWE,1582.1005925097536,4664,7378917.163465491
1886,SWE,1597.665696568115,4700,7509028.77387014
1887,SWE,1550.186744169237,4726,7326182.552943815
1888,SWE,1575.462129458442,4741,7469265.955762473
1889,SWE,1598.8753502828704,4761,7612245.542696746
1890,SWE,1635.4983864786632,4780,7817682.28736801
1891,SWE,1724.4525507088033,4794,8267025.528098003
1892,SWE,1701.8361248246074,4805,8177322.579782238
1893,SWE,1743.494362233109,4816,8396668.848514654
1894,SWE,1751.1557233078095,4849,8491354.102319568
1895,SWE,1836.2647940132663,4896,8990352.431488952
1896,SWE,1884.2574037187997,4941,9310115.831774589
1897,SWE,1958.1172013923544,4986,9763172.366142279
1898,SWE,2024.7585902147302,5036,10196684.260321382
1899,SWE,2074.672997786537,5080,10539338.828755608
1900,SWE,2083.0276272045235,5117,10658852.368405547
1901,SWE,2137.084466793063,5156,11018807.510785032
1902,SWE,2108.9337391705776,5187,10939039.305077786
1903,SWE,2219.655339018589,5210,11564404.316286849
1904,SWE,2257.831688366325,5241,11833295.87872791
1905,SWE,2225.413197266961,5278,11745730.85517502
1906,SWE,2403.433387743952,5315,12774248.455859106
1907,SWE,2563.3770119683613,5357,13732010.653114513
1908,SWE,2484.4040856265187,5404,13425719.678725706
1909,SWE,2497.3179955610044,5453,13617875.029794157
1910,SWE,2543.1285149342775,5499,13984663.703623593
1911,SWE,2606.408278614067,5542,14444714.68007916
1912,SWE,2705.3079713728443,5583,15103734.40417459
1913,SWE,2874.078997790205,5621,16155198.046578743
1914,SWE,2935.066389696343,5659,16609540.699291604
1915,SWE,3036.998391891221,5696,17298742.840212397
1916,SWE,3205.4944529874265,5735,18383510.68788289
1917,SWE,3010.525378062693,5779,17397826.159824304
1918,SWE,2782.24513656563,5807,16156497.508036615
1919,SWE,2824.6554766119634,5830,16467741.428647747
1920,SWE,3004.1671707016167,5876,17652486.2950427
1921,SWE,2849.533427911991,5929,16894883.694090195
1922,SWE,3053.6398599968693,5971,18233283.60404131
1923,SWE,3151.3392622988817,5997,18898581.556006394
1924,SWE,3366.498758937713,6021,20269689.02756397
1925,SWE,3442.960049743902,6045,20812693.500701886
1926,SWE,3610.616075346364,6064,21894775.880900353
1927,SWE,3728.0402402292457,6081,22670212.700834043
1928,SWE,3834.6593461361126,6097,23379918.033391878
1929,SWE,4062.7275577546834,6113,24835453.56055438
1930,SWE,4237.690980598701,6131,25981283.402050633
1931,SWE,4129.224154529162,6152,25402986.998663403
1932,SWE,3967.884264585629,6176,24505653.218080845
1933,SWE,4033.4330682245,6201,25011318.456060123
1934,SWE,4294.0836982946585,6222,26717788.770789366
1935,SWE,4491.728387994303,6242,28037368.59786044
1936,SWE,4640.37497233233,6259,29044106.95182805
1937,SWE,4754.856293995751,6276,29841478.10111733
1938,SWE,4900.869956173998,6297,30860778.114027664
1939,SWE,5251.155897057577,6326,33218812.204786234
1940,SWE,4854.637679703266,6356,30856077.09219396
1941,SWE,4711.672960854608,6389,30102878.546900094
1942,SWE,4740.520133373182,6432,30491025.497856308
1943,SWE,4880.28536145542,6490,31673051.99584567
1944,SWE,5011.080464212477,6560,32872687.845233846
1945,SWE,5145.115724087948,6635,34137842.82932354
1946,SWE,5645.518037619277,6719,37932235.69476392
1947,SWE,6091.261659759609,6803,41438853.07134462
1948,SWE,6161.899533116314,6883,42412354.48643959
1949,SWE,6353.205401677039,6955,44186543.568663806
1950,SWE,6739.226205836604,7014,47268932.60773794
1951,SWE,6948.845087468524,7070,49128334.768402465
1952,SWE,6996.113504204405,7125,49847308.717456385
1953,SWE,7144.570282759717,7171,51233713.49766993
1954,SWE,7402.103558748955,7213,53391372.969256215
1955,SWE,7565.553488589843,7262,54941049.434139445
1956,SWE,7797.0620202199725,7315,57035508.6779091
1957,SWE,8092.425106602569,7364,59592618.485021316
1958,SWE,8082.854420351079,7409,59885868.40038115
1959,SWE,8287.930166191036,7446,61711928.017458454
1960,SWE,8687.50334206727,7480,64982524.99866318
1961,SWE,9136.968085106384,7520,68710000.00000001
1962,SWE,9468.775746899793,7562,71602882.19805624
1963,SWE,9916.850005194408,7604,75407727.43949828
1964,SWE,10515.379143362463,7661,80558319.61729982
1965,SWE,10815.18260633449,7734,83644622.27739096
1966,SWE,10935.60285867978,7808,85385187.12057172
1967,SWE,11219.215219250806,7868,88272785.34506534
1968,SWE,11561.230602789103,7912,91472456.52926739
1969,SWE,12055.190624521523,7968,96055758.8961875
1970,SWE,12716.342567265132,8043,102277543.26851346
1971,SWE,12748.430849323257,8098,103236793.01781973
1972,SWE,13001.751968964418,8122,105600229.491929
1973,SWE,13493.560712666082,8137,109797103.5189639
1974,SWE,13884.586351917023,8161,113312109.21799482
1975,SWE,14183.339294018848,8193,116204098.83589642
1976,SWE,14281.631317719717,8222,117423572.69429152
1977,SWE,14003.6235177207,8252,115557901.26823121
1978,SWE,14207.361723003753,8276,117580125.61957906
1979,SWE,14721.017830358393,8294,122096121.88499251
1980,SWE,14936.580000890444,8310,124122979.80739959
1981,SWE,14916.549385913571,8320,124105690.89080091
1982,SWE,15057.547752262391,8325,125354085.03758441
1983,SWE,15314.508412144029,8329,127554540.56474762
1984,SWE,15908.311777355313,8337,132627595.28781125
1985,SWE,16188.546660380023,8350,135174364.6141732
1986,SWE,16505.229560344796,8370,138148771.42008594
1987,SWE,16948.84461015983,8398,142336397.03612226
1988,SWE,17232.275478372576,8436,145371475.93555105
1989,SWE,17524.055039243372,8493,148831799.44829395
1990,SWE,17608.9024069798,8559,150714595.7013401
1991,SWE,17276.292063667857,8617,148869808.71262592
1992,SWE,16969.002863903235,8668,147087316.82431325
1993,SWE,16524.277933878264,8719,144075179.3054846
1994,SWE,17066.26514891598,8781,149858874.27263123
1995,SWE,17645.71761983985,8827,155758749.43032634
1996,SWE,17901.289102958424,8841,158265296.95925543
1997,SWE,18374.993537597693,8846,162545192.8335892
1998,SWE,19136.770051265463,8851,169379551.72375062
1999,SWE,20012.530037183817,8858,177270991.06937423
2000,SWE,20871.246597494053,8872,185169699.81296724
2001,SWE,21096.05343224548,8940,188598717.68427458
2002,SWE,21585.525419413058,8954,193276794.60542452
2003,SWE,22049.978205881405,8970,197788304.50675622
2004,SWE,22942.61216950058,8986,206162312.9551322
2005,SWE,23627.367728791112,9002,212693564.2945776
2006,SWE,24602.147150810728,9017,221837560.85886034
2007,SWE,25376.74189937206,9031,229177356.0932291
2008,SWE,25181.203906078124,9045,227763989.33047664
2009,SWE,23877.51513579443,9128.062337942954,217955446.634708
2010,SWE,25306.3711282491,9201.352636127916,232852844.69174623
2011,SWE,25800.011929043547,9266.82530250648,239084203.34902978
2012,SWE,25452.197907316786,9338.161192739843,237676726.76803985
2013,SWE,25516.931727101863,9425.132346585997,240500458.60673425
2014,SWE,25919.684045336504,9524.807152117544,246879991.97564813
2015,SWE,26798.29558983899,9626.436365600692,257972087.2021427
2016,SWE,26958.728545811493,9767.153738115818,263310046.29107234
2017,SWE,27309.236336439488,9889.304235090753,270069346.5590453
2018,SWE,27542.55215390215,9996.796672428698,275337293.7223229
2019,SWE,27824.67885543972,10092.562662057047,280822314.90013915
2020,SWE,26912.147706397565,10142.400064822821,272953768.641888
1870,USA,2444.6436654277486,40240.63,98374001.22232182
1871,USA,2502.846853861502,41098,102862000.00000001
1872,USA,2540.938864628821,42136,107065000.00000001
1873,USA,2604.2525594107565,43174,112436000.0
1874,USA,2527.2550438794897,44212,111735000.0
1875,USA,2598.5854790584594,45245,117573000.0
1876,USA,2570.3545271890594,46287,118973999.99999999
1877,USA,2595.393555203381,47325,122827000.0
1878,USA,2645.9617054712376,48362,127963999.99999999
1879,USA,2909.433198380567,49400,143726000.0
1880,USA,3183.9549724523363,50458,160655999.99999997
1881,USA,3215.449432773515,51743,166377000.0
1882,USA,3337.959907217078,53027,177002000.0
1883,USA,3338.5870265692033,54311,181322000.0
1884,USA,3320.2806007734507,55595,184591000.0
1885,USA,3269.959035848028,56879,185992000.0
1886,USA,3294.065057423836,58164,191596000.0
1887,USA,3368.2546090701117,59448,200236000.0
1888,USA,3281.6637028255286,60732,199302000.0
1889,USA,3413.28044375645,62016,211678000.0
1890,USA,3391.898281254937,63302,214713945.00000003
1891,USA,3467.263650715037,64612,224026838.99999997
1892,USA,3727.9955856921815,65922,245756925.0
1893,USA,3478.4119825675657,67231,233857116.0
1894,USA,3313.799579813542,68541,227131137.0
1895,USA,3644.220354755122,69851,254552436.00000003
1896,USA,3504.4280715560494,71161,249378606.00000003
1897,USA,3769.4832967669827,72471,273178224.0
1898,USA,3779.691749908513,73781,278869437.0
1899,USA,4051.3670612989567,75091,304221203.99999994
1900,USA,4090.7872916966658,76391,312499332.0
1901,USA,4463.863188167626,77888,347681376.0
1902,USA,4420.630145088023,79469,351303057.00000006
1903,USA,4550.894374027129,80946,368376696.0
1904,USA,4409.532024004364,82485,363720248.99999994
1905,USA,4642.163891760846,84147,390624164.99999994
1906,USA,5079.124239244491,85770,435636486.0
1907,USA,5064.89042695703,87339,442362465.00000006
1908,USA,4560.615967660435,89055,406145655.0
1909,USA,5017.495987671307,90845,455814422.99999994
1910,USA,4963.735703429022,92767,460470870.00000006
1911,USA,5045.6839038988055,94234,475474977.00000006
1912,USA,5200.698473402087,95703,497722445.99999994
1913,USA,5300.729463352663,97606,517383000.0
1914,USA,4799.201135621325,99505,477544508.99999994
1915,USA,4864.192617469611,100941,490996467.0
1916,USA,5458.692899847602,102364,558773640.0
1917,USA,5247.736873537089,103817,544804299.0
1918,USA,5658.984393757503,104958,593955684.0
1919,USA,5680.406492656888,105473,599129514.0
1920,USA,5552.327364077806,106881,593438301.0
1921,USA,5322.73359091076,108964,579986343.0
1922,USA,5539.843678722711,110484,612064089.0
1923,USA,6164.1990354756335,112387,692775837.0
1924,USA,6232.550673021527,114558,713988540.0
1925,USA,6282.418871039868,116284,730544796.0
1926,USA,6602.442213869351,117857,778144032.0000001
1927,USA,6576.498945624341,119502,785904777.0
1928,USA,6569.345446429309,120971,794700288.0
1929,USA,6898.7221563254125,122245,843334290.0
1930,USA,6212.7127066015455,123668,768313754.9999999
1931,USA,5691.366596326816,124633,709332093.0
1932,USA,4908.365780158806,125436,615685770.0
1933,USA,4776.9154778887305,126180,602751195.0
1934,USA,5113.607593441384,126978,649315665.0
1935,USA,5466.837946487928,127859,698984433.0
1936,USA,6203.883782376575,128681,798321969.0000001
1937,USA,6430.12147778533,129464,832469247.0
1938,USA,6126.465671847696,130476,799356735.0
1939,USA,6560.752658907244,131539,862994844.0
1940,USA,7009.637212844078,132637,929737251.0
1941,USA,8205.683099117397,133922,1098921492.0
1942,USA,9741.105188128759,135386,1318809267.0
1943,USA,11518.171571769917,137272,1581122448.0
1944,USA,12333.449664236308,138937,1713572496.0
1945,USA,11708.647557555134,140474,1644760557.0
1946,USA,9196.542968860083,141940,1305357309.0000002
1947,USA,8885.994381012937,144688,1285696754.9999998
1948,USA,9064.562250769346,147203,1334330757.0
1949,USA,8943.744321292648,149770,1339504587.0
1950,USA,9561.34786006528,152271,1455916000.0000002
1951,USA,10116.24633582562,154878,1566784000.0000002
1952,USA,10315.544610385077,157553,1625245000.0
1953,USA,10612.608000799082,160184,1699970000.0000002
1954,USA,10359.108363083189,163026,1688804000.0
1955,USA,10896.854716719601,165931,1808126000.0000002
1956,USA,10914.282161950941,168903,1843454999.9999998
1957,USA,10919.986742952833,171984,1878063000.0
1958,USA,10630.528013174597,174882,1859087999.9999998
1959,USA,11230.16926277906,177830,1997061000.0000002
1960,USA,11328.475516269904,180671,2046726999.9999998
1961,USA,11401.734434457867,183691,2094396000.0
1962,USA,11904.984507178162,186538,2220732000.0
1963,USA,12242.340495238901,189242,2316765000.0
1964,USA,12772.566431634954,191889,2450914999.9999995
1965,USA,13418.701718450051,194303,2607294000.0000005
1966,USA,14133.526658526658,196560,2778086000.0
1967,USA,14330.030395748621,198712,2847549000.0
1968,USA,14862.938825944417,200706,2983081000.0
1969,USA,15179.408615679135,202677,3076517000.0
1970,USA,15029.846087821626,205052,3081900000.0
1971,USA,15304.298833194485,207661,3178106000.0
1972,USA,15943.867439112702,209896,3346554000.0
1973,USA,16689.34306707124,211909,3536621999.9999995
1974,USA,16491.26974477915,213854,3526724000.0000005
1975,USA,16283.63267630676,215973,3516824999.9999995
1976,USA,16975.08656867017,218035,3701163000.0000005
1977,USA,17566.502753826528,220239,3868829000.0000005
1978,USA,18372.97212300919,222585,4089548000.0000005
1979,USA,18789.393703761303,225055,4228647000.0
1980,USA,18577.36665413365,227726.5,4230558687.3625665
1981,USA,18855.55486999598,229966.2,4336140302.34447
1982,USA,18325.12026308355,232187.8,4254869358.6207905
1983,USA,18920.156391092147,234307.2,4433128867.558907
1984,USA,20122.667101821073,236348.3,4755958160.981338
1985,USA,20717.322960076497,238466.3,4940383352.1944895
1986,USA,21236.08546335124,240650.8,5110480955.623846
1987,USA,21787.69367412788,242803.5,5290128281.006109
1988,USA,22499.441620233243,245021.4,5512844685.007817
1989,USA,23059.278193599523,247341.7,5703521069.177835
1990,USA,23200.560312401587,250131.9,5803200232.005603
1991,USA,22832.790045888927,253492.5,5787941030.707499
1992,USA,23284.981879676943,256894.2,5981776791.994104
1993,USA,23640.11257957278,260255.4,6152466955.441745
1994,USA,24312.78895848798,263435.7,6404856578.231552
1995,USA,24637.32985625143,266557.1,6567255198.225797
1996,USA,25263.10164908837,269667.4,6812634937.645373
1997,USA,26074.239422588977,272911.8,7115967614.4497175
1998,USA,26893.450858320128,276115.3,7425693251.780319
1999,USA,27869.81202767119,279294.7,7783890789.324817
2000,USA,28701.934318309348,282158,8098480383.385529
2001,USA,28726.09431927397,284915,8184495162.975943
2002,USA,28976.93019268436,287501,8330896407.326945
2003,USA,29458.922506871182,289986,8542675102.077547
2004,USA,30199.800860551808,292806,8842682890.774733
2005,USA,30841.645496424466,295583,9116266100.769632
2006,USA,31357.539587735886,298442,9358406829.643074
2007,USA,31654.926754922406,301280,9536996332.723022
2008,USA,31251.266490333088,304228,9507510301.821054
2009,USA,29898.64421649179,306879.72903471405,9175287835.662321
2010,USA,30491.34438076369,309238.9292263667,9429110686.979757
2011,USA,30745.45820562164,311442.3802729081,9575438686.140017
2012,USA,31224.222253421813,313661.80559074285,9793845930.17494
2013,USA,31581.707325592328,315822.3257831831,9974208259.77236
2014,USA,32072.18365577019,318106.64657814766,10202374791.175531
2015,USA,32703.493039904108,320409.9368202732,10478524138.717918
2016,USA,33012.76787083851,322701.24635892856,10653261337.677578
2017,USA,33543.679861697616,324756.93539600546,10893542673.789621
2018,USA,34338.77075550321,326497.1325750366,11211510187.823322
2019,USA,34961.83505132533,328018.6819157385,11468135050.891201
2020,USA,33646.26175527241,329239.7152777321,11077685640.465937
