engine,acc_glide,acc_horizon,c,k,wT_p5,wT_med,wd_alloc,rule,wd_horizon,draw,ruin_pct,spend_p5,spend_med,sfabs50,sfabs80,ce_g4,endw_med
US1934,A1,20,0.5,1,10.11,17.2,60/40,FIX4,30,fresh,38.88,12.08,29.44,36.66,37.19,0.024,7.6
US1934,A1,20,0.5,1,10.11,17.2,60/40,GK4,30,fresh,10.62,13.76,26.87,22.88,54.94,0.049,13.1
US1934,A1,20,0.5,1,10.11,17.2,60/40,VPW3,30,fresh,0.0,16.75,37.31,11.98,47.01,0.775,0.1
US1934,A1,20,0.5,1,10.11,17.2,80/19,FIX4,30,fresh,31.36,12.39,29.48,29.71,30.12,0.026,19.8
US1934,A1,20,0.5,1,10.11,17.2,80/19,GK4,30,fresh,8.59,14.24,31.3,19.31,46.49,0.051,19.7
US1934,A1,20,0.5,1,10.11,17.2,80/19,VPW3,30,fresh,0.0,18.0,45.22,11.36,43.96,0.792,0.1
US1934,A2,20,0.5,1,10.18,19.61,60/40,FIX4,30,fresh,30.28,12.53,29.48,28.18,28.63,0.026,18.3
US1934,A2,20,0.5,1,10.18,19.61,60/40,GK4,30,fresh,8.91,14.1,29.11,18.41,47.59,0.05,20.0
US1934,A2,20,0.5,1,10.18,19.61,60/40,VPW3,30,fresh,0.0,17.52,42.6,9.86,36.76,0.82,0.1
US1934,A2,20,0.5,1,10.18,19.61,80/19,FIX4,30,fresh,24.51,12.82,29.5,23.14,23.44,0.028,34.3
US1934,A2,20,0.5,1,10.18,19.61,80/19,GK4,30,fresh,7.28,14.7,34.04,15.84,41.22,0.053,29.0
US1934,A2,20,0.5,1,10.18,19.61,80/19,VPW3,30,fresh,0.0,18.97,51.56,9.39,34.6,0.838,0.1
US1934,A3,20,0.5,1,10.04,22.17,60/40,FIX4,30,fresh,24.82,12.5,29.5,23.52,23.78,0.028,30.0
US1934,A3,20,0.5,1,10.04,22.17,60/40,GK4,30,fresh,8.52,14.12,31.07,16.4,42.81,0.048,27.8
US1934,A3,20,0.5,1,10.04,22.17,60/40,VPW3,30,fresh,0.0,17.8,48.02,9.03,30.46,0.834,0.1
US1934,A3,20,0.5,1,10.04,22.17,80/19,FIX4,30,fresh,20.69,12.81,29.51,19.62,19.85,0.029,49.5
US1934,A3,20,0.5,1,10.04,22.17,80/19,GK4,30,fresh,7.21,14.78,36.32,14.15,37.77,0.051,39.2
US1934,A3,20,0.5,1,10.04,22.17,80/19,VPW3,30,fresh,0.0,19.69,58.27,8.77,28.72,0.853,0.1
US1934,A4,20,0.5,1,10.35,20.45,60/40,FIX4,30,fresh,27.94,12.75,29.49,25.95,26.36,0.027,22.0
US1934,A4,20,0.5,1,10.35,20.45,60/40,GK4,30,fresh,8.19,14.51,29.81,17.15,45.4,0.052,22.4
US1934,A4,20,0.5,1,10.35,20.45,60/40,VPW3,30,fresh,0.0,17.94,44.5,9.21,34.27,0.841,0.1
US1934,A4,20,0.5,1,10.35,20.45,80/19,FIX4,30,fresh,22.81,13.1,29.5,21.56,21.85,0.029,40.0
US1934,A4,20,0.5,1,10.35,20.45,80/19,GK4,30,fresh,6.6,15.1,34.75,15.03,39.45,0.054,32.3
US1934,A4,20,0.5,1,10.35,20.45,80/19,VPW3,30,fresh,0.0,19.38,53.89,8.79,32.32,0.859,0.1
US1934,A5,20,0.5,1,10.31,17.57,60/40,FIX4,30,fresh,37.02,12.46,29.46,34.74,35.32,0.025,9.3
US1934,A5,20,0.5,1,10.31,17.57,60/40,GK4,30,fresh,9.66,14.09,27.36,21.82,53.32,0.051,14.2
US1934,A5,20,0.5,1,10.31,17.57,60/40,VPW3,30,fresh,0.0,17.1,38.22,11.09,44.92,0.791,0.1
US1934,A5,20,0.5,1,10.31,17.57,80/19,FIX4,30,fresh,29.62,12.61,29.49,27.97,28.21,0.026,21.9
US1934,A5,20,0.5,1,10.31,17.57,80/19,GK4,30,fresh,7.68,14.58,31.78,18.17,44.87,0.053,21.3
US1934,A5,20,0.5,1,10.31,17.57,80/19,VPW3,30,fresh,0.0,18.39,46.4,10.56,41.97,0.808,0.1
US1934,A1,20,0.5,4,9.99,17.12,60/40,FIX4,30,fresh,39.14,12.03,29.44,36.97,37.51,0.024,7.3
US1934,A1,20,0.5,4,9.99,17.12,60/40,GK4,30,fresh,10.93,13.66,26.82,23.15,55.13,0.048,12.9
US1934,A1,20,0.5,4,9.99,17.12,60/40,VPW3,30,fresh,0.0,16.56,37.2,12.24,47.39,0.768,0.1
US1934,A1,20,0.5,4,9.99,17.12,80/19,FIX4,30,fresh,31.68,12.26,29.48,30.07,30.46,0.026,19.4
US1934,A1,20,0.5,4,9.99,17.12,80/19,GK4,30,fresh,8.83,14.1,31.22,19.57,46.74,0.05,19.5
US1934,A1,20,0.5,4,9.99,17.12,80/19,VPW3,30,fresh,0.0,17.91,45.02,11.65,44.36,0.783,0.1
US1934,A2,20,0.5,4,10.08,19.56,60/40,FIX4,30,fresh,30.6,12.45,29.48,28.51,28.96,0.026,17.9
US1934,A2,20,0.5,4,10.08,19.56,60/40,GK4,30,fresh,9.17,13.99,29.05,18.69,47.84,0.049,19.8
US1934,A2,20,0.5,4,10.08,19.56,60/40,VPW3,30,fresh,0.0,17.35,42.45,10.13,37.11,0.81,0.1
US1934,A2,20,0.5,4,10.08,19.56,80/19,FIX4,30,fresh,24.82,12.72,29.5,23.41,23.7,0.028,34.0
US1934,A2,20,0.5,4,10.08,19.56,80/19,GK4,30,fresh,7.55,14.47,33.94,16.16,41.42,0.052,28.7
US1934,A2,20,0.5,4,10.08,19.56,80/19,VPW3,30,fresh,0.0,18.86,51.45,9.62,34.87,0.826,0.1
US1934,A3,20,0.5,4,9.94,22.1,60/40,FIX4,30,fresh,25.17,12.38,29.5,23.82,24.08,0.027,29.6
US1934,A3,20,0.5,4,9.94,22.1,60/40,GK4,30,fresh,8.76,13.99,30.99,16.71,43.06,0.047,27.6
US1934,A3,20,0.5,4,9.94,22.1,60/40,VPW3,30,fresh,0.0,17.71,47.8,9.32,30.69,0.82,0.1
US1934,A3,20,0.5,4,9.94,22.1,80/19,FIX4,30,fresh,21.02,12.71,29.51,19.94,20.17,0.029,49.1
US1934,A3,20,0.5,4,9.94,22.1,80/19,GK4,30,fresh,7.42,14.71,36.25,14.41,37.96,0.05,38.9
US1934,A3,20,0.5,4,9.94,22.1,80/19,VPW3,30,fresh,0.0,19.52,58.12,8.98,29.01,0.835,0.1
US1934,A4,20,0.5,4,10.26,20.38,60/40,FIX4,30,fresh,28.25,12.65,29.49,26.3,26.7,0.027,21.6
US1934,A4,20,0.5,4,10.26,20.38,60/40,GK4,30,fresh,8.49,14.28,29.74,17.41,45.6,0.051,22.2
US1934,A4,20,0.5,4,10.26,20.38,60/40,VPW3,30,fresh,0.0,17.81,44.31,9.43,34.65,0.831,0.1
US1934,A4,20,0.5,4,10.26,20.38,80/19,FIX4,30,fresh,23.12,12.94,29.5,21.86,22.13,0.028,39.5
US1934,A4,20,0.5,4,10.26,20.38,80/19,GK4,30,fresh,6.82,14.91,34.63,15.28,39.61,0.053,32.0
US1934,A4,20,0.5,4,10.26,20.38,80/19,VPW3,30,fresh,0.0,19.29,53.58,9.01,32.67,0.847,0.1
US1934,A5,20,0.5,4,10.2,17.49,60/40,FIX4,30,fresh,37.39,12.3,29.45,35.1,35.68,0.025,9.0
US1934,A5,20,0.5,4,10.2,17.49,60/40,GK4,30,fresh,9.96,13.98,27.3,22.02,53.5,0.05,14.0
US1934,A5,20,0.5,4,10.2,17.49,60/40,VPW3,30,fresh,0.0,17.03,38.02,11.37,45.25,0.784,0.1
US1934,A5,20,0.5,4,10.2,17.49,80/19,FIX4,30,fresh,30.0,12.5,29.48,28.34,28.6,0.026,21.6
US1934,A5,20,0.5,4,10.2,17.49,80/19,GK4,30,fresh,7.95,14.46,31.69,18.4,45.08,0.052,21.1
US1934,A5,20,0.5,4,10.2,17.49,80/19,VPW3,30,fresh,0.0,18.28,46.24,10.78,42.34,0.8,0.1
US1934,A1,20,1.0,1,20.47,34.65,60/40,FIX4,30,fresh,2.93,29.26,29.54,2.46,2.58,0.07,87.6
US1934,A1,20,1.0,1,20.47,34.65,60/40,GK4,30,fresh,0.05,22.04,38.88,2.44,22.35,0.342,73.6
US1934,A1,20,1.0,1,20.47,34.65,60/40,VPW3,30,fresh,0.0,33.8,75.11,0.46,4.62,1.566,0.1
US1934,A1,20,1.0,1,20.47,34.65,80/19,FIX4,30,fresh,2.46,29.28,29.54,2.13,2.21,0.071,130.2
US1934,A1,20,1.0,1,20.47,34.65,80/19,GK4,30,fresh,0.04,22.66,46.15,2.79,21.45,0.409,103.9
US1934,A1,20,1.0,1,20.47,34.65,80/19,VPW3,30,fresh,0.0,36.23,91.13,0.62,4.76,1.6,0.2
US1934,A2,20,1.0,1,20.61,39.57,60/40,FIX4,30,fresh,2.55,29.27,29.54,2.14,2.2,0.071,110.5
US1934,A2,20,1.0,1,20.61,39.57,60/40,GK4,30,fresh,0.11,22.69,40.51,2.07,20.39,0.28,92.7
US1934,A2,20,1.0,1,20.61,39.57,60/40,VPW3,30,fresh,0.0,35.62,85.89,0.45,4.14,1.657,0.1
US1934,A2,20,1.0,1,20.61,39.57,80/19,FIX4,30,fresh,2.17,29.28,29.54,1.98,2.02,0.074,161.3
US1934,A2,20,1.0,1,20.61,39.57,80/19,GK4,30,fresh,0.07,23.33,48.04,2.35,19.96,0.316,130.1
US1934,A2,20,1.0,1,20.61,39.57,80/19,VPW3,30,fresh,0.0,38.38,103.83,0.5,4.09,1.693,0.2
US1934,A3,20,1.0,1,20.32,44.63,60/40,FIX4,30,fresh,2.83,29.26,29.54,2.44,2.52,0.066,132.9
US1934,A3,20,1.0,1,20.32,44.63,60/40,GK4,30,fresh,0.2,22.88,41.74,2.06,19.15,0.2,113.1
US1934,A3,20,1.0,1,20.32,44.63,60/40,VPW3,30,fresh,0.0,35.9,96.71,0.63,4.05,1.684,0.2
US1934,A3,20,1.0,1,20.32,44.63,80/19,FIX4,30,fresh,2.32,29.28,29.54,2.07,2.14,0.07,191.8
US1934,A3,20,1.0,1,20.32,44.63,80/19,GK4,30,fresh,0.15,23.63,49.39,2.27,18.99,0.222,156.5
US1934,A3,20,1.0,1,20.32,44.63,80/19,VPW3,30,fresh,0.0,39.67,117.4,0.65,4.03,1.723,0.2
US1934,A4,20,1.0,1,21.08,41.17,60/40,FIX4,30,fresh,2.23,29.28,29.54,1.97,1.99,0.075,117.8
US1934,A4,20,1.0,1,21.08,41.17,60/40,GK4,30,fresh,0.05,22.88,41.0,1.88,19.64,0.394,99.1
US1934,A4,20,1.0,1,21.08,41.17,60/40,VPW3,30,fresh,0.0,36.31,89.8,0.44,3.74,1.698,0.1
US1934,A4,20,1.0,1,21.08,41.17,80/19,FIX4,30,fresh,1.97,29.29,29.54,1.65,1.72,0.077,171.2
US1934,A4,20,1.0,1,21.08,41.17,80/19,GK4,30,fresh,0.05,23.63,48.6,2.2,19.53,0.36,138.8
US1934,A4,20,1.0,1,21.08,41.17,80/19,VPW3,30,fresh,0.0,39.28,108.49,0.48,3.77,1.735,0.2
US1934,A5,20,1.0,1,20.92,35.43,60/40,FIX4,30,fresh,2.68,29.27,29.54,2.21,2.33,0.073,90.8
US1934,A5,20,1.0,1,20.92,35.43,60/40,GK4,30,fresh,0.03,22.32,39.21,2.25,21.73,0.426,76.9
US1934,A5,20,1.0,1,20.92,35.43,60/40,VPW3,30,fresh,0.0,34.47,76.94,0.37,4.38,1.599,0.1
US1934,A5,20,1.0,1,20.92,35.43,80/19,FIX4,30,fresh,2.26,29.28,29.54,1.92,2.0,0.074,135.0
US1934,A5,20,1.0,1,20.92,35.43,80/19,GK4,30,fresh,0.03,22.77,46.59,2.68,20.93,0.447,107.7
US1934,A5,20,1.0,1,20.92,35.43,80/19,VPW3,30,fresh,0.0,37.18,93.56,0.54,4.5,1.632,0.2
US1934,A1,20,1.0,4,20.3,34.55,60/40,FIX4,30,fresh,3.0,29.26,29.54,2.51,2.65,0.069,87.1
US1934,A1,20,1.0,4,20.3,34.55,60/40,GK4,30,fresh,0.06,22.01,38.84,2.46,22.45,0.316,73.3
US1934,A1,20,1.0,4,20.3,34.55,60/40,VPW3,30,fresh,0.0,33.63,74.89,0.49,4.78,1.556,0.1
US1934,A1,20,1.0,4,20.3,34.55,80/19,FIX4,30,fresh,2.52,29.27,29.54,2.16,2.24,0.07,129.8
US1934,A1,20,1.0,4,20.3,34.55,80/19,GK4,30,fresh,0.05,22.63,46.06,2.81,21.55,0.36,103.5
US1934,A1,20,1.0,4,20.3,34.55,80/19,VPW3,30,fresh,0.0,36.09,90.97,0.65,4.88,1.588,0.2
US1934,A2,20,1.0,4,20.46,39.47,60/40,FIX4,30,fresh,2.62,29.27,29.54,2.22,2.29,0.07,110.2
US1934,A2,20,1.0,4,20.46,39.47,60/40,GK4,30,fresh,0.12,22.65,40.46,2.11,20.55,0.252,92.4
US1934,A2,20,1.0,4,20.46,39.47,60/40,VPW3,30,fresh,0.0,35.28,85.66,0.46,4.23,1.643,0.1
US1934,A2,20,1.0,4,20.46,39.47,80/19,FIX4,30,fresh,2.22,29.28,29.54,2.03,2.07,0.073,160.4
US1934,A2,20,1.0,4,20.46,39.47,80/19,GK4,30,fresh,0.07,23.29,48.01,2.38,20.09,0.301,129.4
US1934,A2,20,1.0,4,20.46,39.47,80/19,VPW3,30,fresh,0.0,38.24,103.64,0.53,4.17,1.676,0.2
US1934,A3,20,1.0,4,20.14,44.52,60/40,FIX4,30,fresh,2.94,29.26,29.54,2.55,2.63,0.065,132.5
US1934,A3,20,1.0,4,20.14,44.52,60/40,GK4,30,fresh,0.21,22.83,41.7,2.1,19.23,0.191,112.6
US1934,A3,20,1.0,4,20.14,44.52,60/40,VPW3,30,fresh,0.0,35.8,96.49,0.65,4.13,1.666,0.2
US1934,A3,20,1.0,4,20.14,44.52,80/19,FIX4,30,fresh,2.39,29.28,29.54,2.14,2.21,0.069,190.9
US1934,A3,20,1.0,4,20.14,44.52,80/19,GK4,30,fresh,0.17,23.62,49.34,2.3,19.1,0.203,156.2
US1934,A3,20,1.0,4,20.14,44.52,80/19,VPW3,30,fresh,0.0,39.55,117.11,0.66,4.12,1.698,0.2
US1934,A4,20,1.0,4,20.83,41.06,60/40,FIX4,30,fresh,2.34,29.28,29.54,2.03,2.07,0.073,117.5
US1934,A4,20,1.0,4,20.83,41.06,60/40,GK4,30,fresh,0.07,22.85,40.96,1.92,19.77,0.351,98.7
US1934,A4,20,1.0,4,20.83,41.06,60/40,VPW3,30,fresh,0.0,35.98,89.58,0.46,3.81,1.685,0.1
US1934,A4,20,1.0,4,20.83,41.06,80/19,FIX4,30,fresh,2.02,29.29,29.54,1.72,1.8,0.076,170.5
US1934,A4,20,1.0,4,20.83,41.06,80/19,GK4,30,fresh,0.06,23.6,48.54,2.23,19.6,0.322,138.3
US1934,A4,20,1.0,4,20.83,41.06,80/19,VPW3,30,fresh,0.0,39.13,108.22,0.48,3.85,1.718,0.2
US1934,A5,20,1.0,4,20.71,35.3,60/40,FIX4,30,fresh,2.75,29.27,29.54,2.27,2.4,0.072,90.3
US1934,A5,20,1.0,4,20.71,35.3,60/40,GK4,30,fresh,0.04,22.29,39.16,2.27,21.84,0.408,76.5
US1934,A5,20,1.0,4,20.71,35.3,60/40,VPW3,30,fresh,0.0,34.39,76.62,0.4,4.49,1.589,0.1
US1934,A5,20,1.0,4,20.71,35.3,80/19,FIX4,30,fresh,2.35,29.28,29.54,1.98,2.07,0.073,134.4
US1934,A5,20,1.0,4,20.71,35.3,80/19,GK4,30,fresh,0.04,22.76,46.52,2.73,21.01,0.394,107.0
US1934,A5,20,1.0,4,20.71,35.3,80/19,VPW3,30,fresh,0.0,37.09,93.28,0.56,4.61,1.62,0.2
US1934,A1,30,0.5,1,18.48,35.45,60/40,FIX4,30,fresh,4.65,29.15,29.53,4.2,4.28,0.055,91.4
US1934,A1,30,0.5,1,18.48,35.45,60/40,GK4,30,fresh,0.24,21.38,39.01,3.07,23.54,0.204,77.2
US1934,A1,30,0.5,1,18.48,35.45,60/40,VPW3,30,fresh,0.0,31.04,77.19,0.82,6.36,1.456,0.1
US1934,A1,30,0.5,1,18.48,35.45,80/19,FIX4,30,fresh,3.92,29.22,29.54,3.48,3.64,0.057,134.8
US1934,A1,30,0.5,1,18.48,35.45,80/19,GK4,30,fresh,0.23,21.92,46.34,3.47,22.13,0.198,107.1
US1934,A1,30,0.5,1,18.48,35.45,80/19,VPW3,30,fresh,0.0,33.49,93.46,0.96,6.51,1.483,0.2
US1934,A2,30,0.5,1,19.51,43.69,60/40,FIX4,30,fresh,3.64,29.23,29.54,3.22,3.35,0.059,128.8
US1934,A2,30,0.5,1,19.51,43.69,60/40,GK4,30,fresh,0.31,22.31,41.48,2.41,20.03,0.178,109.6
US1934,A2,30,0.5,1,19.51,43.69,60/40,VPW3,30,fresh,0.0,33.92,95.34,0.66,4.93,1.591,0.1
US1934,A2,30,0.5,1,19.51,43.69,80/19,FIX4,30,fresh,3.06,29.25,29.54,2.74,2.82,0.062,184.6
US1934,A2,30,0.5,1,19.51,43.69,80/19,GK4,30,fresh,0.26,22.88,49.3,2.67,19.66,0.178,151.9
US1934,A2,30,0.5,1,19.51,43.69,80/19,VPW3,30,fresh,0.0,37.21,115.75,0.79,4.76,1.62,0.2
US1934,A3,30,0.5,1,19.72,52.99,60/40,FIX4,30,fresh,3.37,29.24,29.54,3.0,3.04,0.059,170.7
US1934,A3,30,0.5,1,19.72,52.99,60/40,GK4,30,fresh,0.43,22.82,43.32,2.33,18.05,0.141,147.2
US1934,A3,30,0.5,1,19.72,52.99,60/40,VPW3,30,fresh,0.0,35.11,115.75,0.73,4.48,1.636,0.2
US1934,A3,30,0.5,1,19.72,52.99,80/19,FIX4,30,fresh,2.85,29.26,29.54,2.57,2.64,0.061,243.6
US1934,A3,30,0.5,1,19.72,52.99,80/19,GK4,30,fresh,0.34,23.44,51.23,2.37,18.29,0.145,203.8
US1934,A3,30,0.5,1,19.72,52.99,80/19,VPW3,30,fresh,0.0,39.27,139.8,0.81,4.41,1.668,0.3
US1934,A4,30,0.5,1,19.76,48.63,60/40,FIX4,30,fresh,3.17,29.25,29.54,2.89,2.92,0.061,150.8
US1934,A4,30,0.5,1,19.76,48.63,60/40,GK4,30,fresh,0.3,22.81,42.7,2.26,18.82,0.18,129.9
US1934,A4,30,0.5,1,19.76,48.63,60/40,VPW3,30,fresh,0.0,35.17,106.07,0.68,4.36,1.648,0.2
US1934,A4,30,0.5,1,19.76,48.63,80/19,FIX4,30,fresh,2.61,29.27,29.54,2.42,2.43,0.064,217.4
US1934,A4,30,0.5,1,19.76,48.63,80/19,GK4,30,fresh,0.24,23.51,50.52,2.43,18.61,0.181,181.1
US1934,A4,30,0.5,1,19.76,48.63,80/19,VPW3,30,fresh,0.0,38.7,127.96,0.8,4.21,1.68,0.3
US1934,A5,30,0.5,1,19.41,40.65,60/40,FIX4,30,fresh,3.55,29.23,29.54,3.07,3.16,0.061,115.2
US1934,A5,30,0.5,1,19.41,40.65,60/40,GK4,30,fresh,0.21,22.13,40.81,2.52,20.89,0.211,98.0
US1934,A5,30,0.5,1,19.41,40.65,60/40,VPW3,30,fresh,0.0,33.45,89.02,0.65,4.78,1.57,0.1
US1934,A5,30,0.5,1,19.41,40.65,80/19,FIX4,30,fresh,3.07,29.26,29.54,2.67,2.74,0.063,168.0
US1934,A5,30,0.5,1,19.41,40.65,80/19,GK4,30,fresh,0.18,22.84,48.36,2.81,20.2,0.219,136.6
US1934,A5,30,0.5,1,19.41,40.65,80/19,VPW3,30,fresh,0.0,36.32,107.53,0.76,4.76,1.602,0.2
US1934,A1,30,0.5,4,18.28,35.3,60/40,FIX4,30,fresh,4.78,29.06,29.53,4.31,4.4,0.055,90.6
US1934,A1,30,0.5,4,18.28,35.3,60/40,GK4,30,fresh,0.25,21.3,38.95,3.13,23.62,0.199,76.7
US1934,A1,30,0.5,4,18.28,35.3,60/40,VPW3,30,fresh,0.0,30.86,76.87,0.84,6.54,1.447,0.1
US1934,A1,30,0.5,4,18.28,35.3,80/19,FIX4,30,fresh,4.07,29.21,29.54,3.58,3.74,0.057,134.3
US1934,A1,30,0.5,4,18.28,35.3,80/19,GK4,30,fresh,0.24,21.89,46.27,3.54,22.25,0.193,106.3
US1934,A1,30,0.5,4,18.28,35.3,80/19,VPW3,30,fresh,0.0,33.42,92.91,0.96,6.69,1.474,0.2
US1934,A2,30,0.5,4,19.34,43.57,60/40,FIX4,30,fresh,3.78,29.23,29.54,3.29,3.42,0.058,127.8
US1934,A2,30,0.5,4,19.34,43.57,60/40,GK4,30,fresh,0.34,22.26,41.4,2.44,20.11,0.174,108.5
US1934,A2,30,0.5,4,19.34,43.57,60/40,VPW3,30,fresh,0.0,33.8,94.98,0.69,5.06,1.579,0.1
US1934,A2,30,0.5,4,19.34,43.57,80/19,FIX4,30,fresh,3.1,29.25,29.54,2.8,2.86,0.061,183.6
US1934,A2,30,0.5,4,19.34,43.57,80/19,GK4,30,fresh,0.28,22.83,49.23,2.7,19.73,0.174,150.9
US1934,A2,30,0.5,4,19.34,43.57,80/19,VPW3,30,fresh,0.0,37.0,115.22,0.81,4.89,1.609,0.2
US1934,A3,30,0.5,4,19.57,52.77,60/40,FIX4,30,fresh,3.45,29.24,29.54,3.07,3.13,0.058,169.3
US1934,A3,30,0.5,4,19.57,52.77,60/40,GK4,30,fresh,0.48,22.78,43.23,2.36,18.15,0.138,145.4
US1934,A3,30,0.5,4,19.57,52.77,60/40,VPW3,30,fresh,0.0,34.62,115.21,0.76,4.61,1.622,0.2
US1934,A3,30,0.5,4,19.57,52.77,80/19,FIX4,30,fresh,2.89,29.26,29.54,2.65,2.71,0.061,242.6
US1934,A3,30,0.5,4,19.57,52.77,80/19,GK4,30,fresh,0.36,23.42,51.2,2.4,18.4,0.142,202.8
US1934,A3,30,0.5,4,19.57,52.77,80/19,VPW3,30,fresh,0.0,38.96,139.18,0.84,4.45,1.654,0.3
US1934,A4,30,0.5,4,19.65,48.46,60/40,FIX4,30,fresh,3.29,29.25,29.54,2.99,3.03,0.06,149.8
US1934,A4,30,0.5,4,19.65,48.46,60/40,GK4,30,fresh,0.31,22.71,42.61,2.3,18.93,0.176,128.6
US1934,A4,30,0.5,4,19.65,48.46,60/40,VPW3,30,fresh,0.0,35.04,105.61,0.7,4.5,1.635,0.2
US1934,A4,30,0.5,4,19.65,48.46,80/19,FIX4,30,fresh,2.7,29.27,29.54,2.48,2.5,0.063,215.7
US1934,A4,30,0.5,4,19.65,48.46,80/19,GK4,30,fresh,0.26,23.41,50.44,2.47,18.75,0.174,179.5
US1934,A4,30,0.5,4,19.65,48.46,80/19,VPW3,30,fresh,0.0,38.27,127.49,0.83,4.26,1.667,0.3
US1934,A5,30,0.5,4,19.26,40.47,60/40,FIX4,30,fresh,3.68,29.23,29.54,3.19,3.29,0.06,114.5
US1934,A5,30,0.5,4,19.26,40.47,60/40,GK4,30,fresh,0.21,22.07,40.75,2.55,21.03,0.206,97.2
US1934,A5,30,0.5,4,19.26,40.47,60/40,VPW3,30,fresh,0.0,33.34,88.65,0.69,4.91,1.559,0.1
US1934,A5,30,0.5,4,19.26,40.47,80/19,FIX4,30,fresh,3.14,29.25,29.54,2.74,2.8,0.062,166.6
US1934,A5,30,0.5,4,19.26,40.47,80/19,GK4,30,fresh,0.2,22.82,48.29,2.86,20.3,0.212,135.3
US1934,A5,30,0.5,4,19.26,40.47,80/19,VPW3,30,fresh,0.0,36.22,106.87,0.78,4.99,1.591,0.2
US1934,A1,30,1.0,1,37.3,71.53,60/40,FIX4,30,fresh,0.08,29.32,29.54,0.06,0.06,0.257,258.8
US1934,A1,30,1.0,1,37.3,71.53,60/40,GK4,30,fresh,0.0,26.5,47.4,0.53,12.28,1.149,231.3
US1934,A1,30,1.0,1,37.3,71.53,60/40,VPW3,30,fresh,0.0,62.9,155.48,0.01,0.26,2.941,0.2
US1934,A1,30,1.0,1,37.3,71.53,80/19,FIX4,30,fresh,0.09,29.32,29.54,0.06,0.06,0.231,366.7
US1934,A1,30,1.0,1,37.3,71.53,80/19,GK4,30,fresh,0.0,27.34,55.97,0.76,13.4,1.18,320.1
US1934,A1,30,1.0,1,37.3,71.53,80/19,VPW3,30,fresh,0.0,67.5,188.11,0.04,0.34,2.996,0.4
US1934,A2,30,1.0,1,39.31,88.12,60/40,FIX4,30,fresh,0.1,29.32,29.54,0.07,0.07,0.239,332.0
US1934,A2,30,1.0,1,39.31,88.12,60/40,GK4,30,fresh,0.0,27.08,48.85,0.42,11.04,1.168,302.0
US1934,A2,30,1.0,1,39.31,88.12,60/40,VPW3,30,fresh,0.0,68.64,192.16,0.01,0.27,3.213,0.3
US1934,A2,30,1.0,1,39.31,88.12,80/19,FIX4,30,fresh,0.09,29.32,29.54,0.06,0.06,0.229,468.3
US1934,A2,30,1.0,1,39.31,88.12,80/19,GK4,30,fresh,0.0,27.94,57.72,0.7,12.37,1.198,418.6
US1934,A2,30,1.0,1,39.31,88.12,80/19,VPW3,30,fresh,0.0,74.86,232.73,0.03,0.28,3.273,0.5
US1934,A3,30,1.0,1,39.81,106.76,60/40,FIX4,30,fresh,0.17,29.32,29.54,0.15,0.15,0.191,419.1
US1934,A3,30,1.0,1,39.81,106.76,60/40,GK4,30,fresh,0.0,27.54,49.92,0.39,10.28,1.18,385.2
US1934,A3,30,1.0,1,39.81,106.76,60/40,VPW3,30,fresh,0.0,70.71,233.38,0.01,0.34,3.305,0.4
US1934,A3,30,1.0,1,39.81,106.76,80/19,FIX4,30,fresh,0.13,29.32,29.54,0.11,0.11,0.191,583.7
US1934,A3,30,1.0,1,39.81,106.76,80/19,GK4,30,fresh,0.0,28.49,58.81,0.65,11.69,1.209,534.1
US1934,A3,30,1.0,1,39.81,106.76,80/19,VPW3,30,fresh,0.0,79.07,281.8,0.04,0.32,3.368,0.5
US1934,A4,30,1.0,1,39.9,97.93,60/40,FIX4,30,fresh,0.12,29.32,29.54,0.1,0.12,0.233,380.4
US1934,A4,30,1.0,1,39.9,97.93,60/40,GK4,30,fresh,0.0,27.46,49.59,0.4,10.62,1.176,346.8
US1934,A4,30,1.0,1,39.9,97.93,60/40,VPW3,30,fresh,0.0,71.12,213.89,0.01,0.26,3.329,0.3
US1934,A4,30,1.0,1,39.9,97.93,80/19,FIX4,30,fresh,0.12,29.32,29.54,0.09,0.1,0.218,532.1
US1934,A4,30,1.0,1,39.9,97.93,80/19,GK4,30,fresh,0.0,28.37,58.35,0.67,11.87,1.206,480.1
US1934,A4,30,1.0,1,39.9,97.93,80/19,VPW3,30,fresh,0.0,78.39,257.74,0.02,0.24,3.392,0.5
US1934,A5,30,1.0,1,39.32,81.96,60/40,FIX4,30,fresh,0.09,29.32,29.54,0.05,0.07,0.267,307.2
US1934,A5,30,1.0,1,39.32,81.96,60/40,GK4,30,fresh,0.0,27.01,48.51,0.46,11.29,1.163,277.8
US1934,A5,30,1.0,1,39.32,81.96,60/40,VPW3,30,fresh,0.0,67.7,179.28,0.01,0.24,3.171,0.3
US1934,A5,30,1.0,1,39.32,81.96,80/19,FIX4,30,fresh,0.1,29.32,29.54,0.07,0.08,0.243,432.5
US1934,A5,30,1.0,1,39.32,81.96,80/19,GK4,30,fresh,0.0,27.88,57.26,0.76,12.6,1.194,384.7
US1934,A5,30,1.0,1,39.32,81.96,80/19,VPW3,30,fresh,0.0,73.23,216.33,0.03,0.25,3.236,0.4
US1934,A1,30,1.0,4,37.07,71.32,60/40,FIX4,30,fresh,0.08,29.32,29.54,0.07,0.07,0.248,258.0
US1934,A1,30,1.0,4,37.07,71.32,60/40,GK4,30,fresh,0.0,26.49,47.37,0.53,12.29,1.148,230.1
US1934,A1,30,1.0,4,37.07,71.32,60/40,VPW3,30,fresh,0.0,62.66,154.97,0.01,0.27,2.927,0.2
US1934,A1,30,1.0,4,37.07,71.32,80/19,FIX4,30,fresh,0.1,29.32,29.54,0.06,0.06,0.228,365.9
US1934,A1,30,1.0,4,37.07,71.32,80/19,GK4,30,fresh,0.0,27.33,55.95,0.76,13.43,1.179,318.7
US1934,A1,30,1.0,4,37.07,71.32,80/19,VPW3,30,fresh,0.0,67.36,187.45,0.05,0.34,2.982,0.4
US1934,A2,30,1.0,4,39.04,87.86,60/40,FIX4,30,fresh,0.1,29.32,29.54,0.07,0.07,0.232,330.6
US1934,A2,30,1.0,4,39.04,87.86,60/40,GK4,30,fresh,0.0,27.08,48.8,0.42,11.08,1.167,300.3
US1934,A2,30,1.0,4,39.04,87.86,60/40,VPW3,30,fresh,0.0,68.4,191.66,0.01,0.27,3.196,0.3
US1934,A2,30,1.0,4,39.04,87.86,80/19,FIX4,30,fresh,0.1,29.32,29.54,0.07,0.07,0.225,467.2
US1934,A2,30,1.0,4,39.04,87.86,80/19,GK4,30,fresh,0.0,27.94,57.67,0.7,12.38,1.198,417.5
US1934,A2,30,1.0,4,39.04,87.86,80/19,VPW3,30,fresh,0.0,74.62,232.16,0.03,0.28,3.256,0.5
US1934,A3,30,1.0,4,39.55,106.36,60/40,FIX4,30,fresh,0.17,29.32,29.54,0.15,0.15,0.186,416.6
US1934,A3,30,1.0,4,39.55,106.36,60/40,GK4,30,fresh,0.0,27.53,49.89,0.41,10.3,1.179,383.1
US1934,A3,30,1.0,4,39.55,106.36,60/40,VPW3,30,fresh,0.0,70.24,232.4,0.01,0.34,3.285,0.3
US1934,A3,30,1.0,4,39.55,106.36,80/19,FIX4,30,fresh,0.13,29.32,29.54,0.12,0.12,0.188,582.1
US1934,A3,30,1.0,4,39.55,106.36,80/19,GK4,30,fresh,0.0,28.49,58.76,0.65,11.73,1.209,531.2
US1934,A3,30,1.0,4,39.55,106.36,80/19,VPW3,30,fresh,0.0,78.88,280.53,0.04,0.32,3.349,0.5
US1934,A4,30,1.0,4,39.8,97.58,60/40,FIX4,30,fresh,0.12,29.32,29.54,0.1,0.12,0.225,377.7
US1934,A4,30,1.0,4,39.8,97.58,60/40,GK4,30,fresh,0.0,27.46,49.57,0.41,10.63,1.175,344.6
US1934,A4,30,1.0,4,39.8,97.58,60/40,VPW3,30,fresh,0.0,70.92,213.07,0.01,0.26,3.31,0.3
US1934,A4,30,1.0,4,39.8,97.58,80/19,FIX4,30,fresh,0.13,29.32,29.54,0.09,0.11,0.214,529.7
US1934,A4,30,1.0,4,39.8,97.58,80/19,GK4,30,fresh,0.0,28.35,58.32,0.67,11.88,1.206,479.0
US1934,A4,30,1.0,4,39.8,97.58,80/19,VPW3,30,fresh,0.0,77.62,257.09,0.02,0.24,3.373,0.5
US1934,A5,30,1.0,4,39.1,81.68,60/40,FIX4,30,fresh,0.09,29.32,29.54,0.06,0.07,0.254,305.5
US1934,A5,30,1.0,4,39.1,81.68,60/40,GK4,30,fresh,0.0,27.01,48.48,0.48,11.33,1.163,276.3
US1934,A5,30,1.0,4,39.1,81.68,60/40,VPW3,30,fresh,0.0,67.53,178.83,0.01,0.24,3.155,0.3
US1934,A5,30,1.0,4,39.1,81.68,80/19,FIX4,30,fresh,0.11,29.32,29.54,0.07,0.08,0.238,429.8
US1934,A5,30,1.0,4,39.1,81.68,80/19,GK4,30,fresh,0.0,27.86,57.19,0.76,12.64,1.194,382.7
US1934,A5,30,1.0,4,39.1,81.68,80/19,VPW3,30,fresh,0.0,73.1,215.54,0.03,0.26,3.219,0.4
US1934,A1,40,0.5,1,29.69,65.67,60/40,FIX4,30,fresh,0.36,29.31,29.54,0.32,0.32,0.142,228.9
US1934,A1,40,0.5,1,29.69,65.67,60/40,GK4,30,fresh,0.01,25.83,46.11,0.68,13.46,0.746,202.3
US1934,A1,40,0.5,1,29.69,65.67,60/40,VPW3,30,fresh,0.0,53.21,142.16,0.07,0.68,2.476,0.2
US1934,A1,40,0.5,1,29.69,65.67,80/19,FIX4,30,fresh,0.34,29.31,29.54,0.26,0.28,0.139,327.7
US1934,A1,40,0.5,1,29.69,65.67,80/19,GK4,30,fresh,0.01,26.72,54.56,1.05,14.36,0.558,283.5
US1934,A1,40,0.5,1,29.69,65.67,80/19,VPW3,30,fresh,0.0,58.18,172.54,0.11,0.71,2.483,0.3
US1934,A2,40,0.5,1,33.35,88.42,60/40,FIX4,30,fresh,0.28,29.32,29.54,0.24,0.24,0.155,334.5
US1934,A2,40,0.5,1,33.35,88.42,60/40,GK4,30,fresh,0.0,26.89,48.4,0.45,11.56,1.156,302.1
US1934,A2,40,0.5,1,33.35,88.42,60/40,VPW3,30,fresh,0.0,61.52,191.84,0.05,0.41,2.823,0.3
US1934,A2,40,0.5,1,33.35,88.42,80/19,FIX4,30,fresh,0.25,29.32,29.54,0.21,0.22,0.156,464.3
US1934,A2,40,0.5,1,33.35,88.42,80/19,GK4,30,fresh,0.0,27.78,56.97,0.79,12.72,1.186,416.1
US1934,A2,40,0.5,1,33.35,88.42,80/19,VPW3,30,fresh,0.0,68.42,231.61,0.05,0.49,2.823,0.5
US1934,A3,40,0.5,1,35.01,115.81,60/40,FIX4,30,fresh,0.32,29.32,29.54,0.26,0.27,0.14,459.4
US1934,A3,40,0.5,1,35.01,115.81,60/40,GK4,30,fresh,0.02,27.49,49.91,0.4,10.62,0.512,425.5
US1934,A3,40,0.5,1,35.01,115.81,60/40,VPW3,30,fresh,0.0,66.39,252.43,0.04,0.5,2.96,0.4
US1934,A3,40,0.5,1,35.01,115.81,80/19,FIX4,30,fresh,0.28,29.32,29.54,0.26,0.27,0.142,639.0
US1934,A3,40,0.5,1,35.01,115.81,80/19,GK4,30,fresh,0.01,28.42,58.65,0.68,11.8,0.439,587.3
US1934,A3,40,0.5,1,35.01,115.81,80/19,VPW3,30,fresh,0.0,75.17,304.58,0.05,0.58,2.961,0.6
US1934,A4,40,0.5,1,34.93,106.43,60/40,FIX4,30,fresh,0.24,29.32,29.54,0.17,0.19,0.165,414.9
US1934,A4,40,0.5,1,34.93,106.43,60/40,GK4,30,fresh,0.0,27.32,49.41,0.37,10.85,1.172,382.4
US1934,A4,40,0.5,1,34.93,106.43,60/40,VPW3,30,fresh,0.0,65.1,230.68,0.04,0.36,3.019,0.3
US1934,A4,40,0.5,1,34.93,106.43,80/19,FIX4,30,fresh,0.17,29.32,29.54,0.13,0.14,0.169,581.8
US1934,A4,40,0.5,1,34.93,106.43,80/19,GK4,30,fresh,0.0,28.3,58.19,0.68,12.04,1.202,527.6
US1934,A4,40,0.5,1,34.93,106.43,80/19,VPW3,30,fresh,0.0,73.26,281.0,0.05,0.47,3.026,0.5
US1934,A5,40,0.5,1,33.41,87.58,60/40,FIX4,30,fresh,0.22,29.32,29.54,0.2,0.21,0.155,335.7
US1934,A5,40,0.5,1,33.41,87.58,60/40,GK4,30,fresh,0.0,26.88,48.32,0.46,11.67,1.158,303.2
US1934,A5,40,0.5,1,33.41,87.58,60/40,VPW3,30,fresh,0.0,60.65,192.32,0.05,0.37,2.852,0.3
US1934,A5,40,0.5,1,33.41,87.58,80/19,FIX4,30,fresh,0.2,29.32,29.54,0.19,0.19,0.149,468.9
US1934,A5,40,0.5,1,33.41,87.58,80/19,GK4,30,fresh,0.0,27.81,56.87,0.75,12.75,1.188,418.5
US1934,A5,40,0.5,1,33.41,87.58,80/19,VPW3,30,fresh,0.0,66.84,232.72,0.08,0.48,2.855,0.4
US1934,A1,40,0.5,4,29.54,65.46,60/40,FIX4,30,fresh,0.37,29.31,29.54,0.34,0.34,0.138,227.9
US1934,A1,40,0.5,4,29.54,65.46,60/40,GK4,30,fresh,0.03,25.8,46.07,0.68,13.53,0.556,201.8
US1934,A1,40,0.5,4,29.54,65.46,60/40,VPW3,30,fresh,0.0,52.99,141.72,0.07,0.72,2.454,0.2
US1934,A1,40,0.5,4,29.54,65.46,80/19,FIX4,30,fresh,0.36,29.31,29.54,0.28,0.3,0.135,326.4
US1934,A1,40,0.5,4,29.54,65.46,80/19,GK4,30,fresh,0.03,26.68,54.54,1.07,14.42,0.412,281.4
US1934,A1,40,0.5,4,29.54,65.46,80/19,VPW3,30,fresh,0.0,57.93,172.3,0.11,0.76,2.463,0.3
US1934,A2,40,0.5,4,33.11,87.99,60/40,FIX4,30,fresh,0.29,29.32,29.54,0.26,0.26,0.151,333.1
US1934,A2,40,0.5,4,33.11,87.99,60/40,GK4,30,fresh,0.01,26.86,48.35,0.47,11.63,0.412,300.7
US1934,A2,40,0.5,4,33.11,87.99,60/40,VPW3,30,fresh,0.0,61.15,191.15,0.06,0.43,2.786,0.3
US1934,A2,40,0.5,4,33.11,87.99,80/19,FIX4,30,fresh,0.26,29.32,29.54,0.22,0.24,0.152,461.8
US1934,A2,40,0.5,4,33.11,87.99,80/19,GK4,30,fresh,0.01,27.77,56.93,0.79,12.77,0.384,414.6
US1934,A2,40,0.5,4,33.11,87.99,80/19,VPW3,30,fresh,0.0,67.92,230.9,0.06,0.52,2.788,0.4
US1934,A3,40,0.5,4,34.74,115.32,60/40,FIX4,30,fresh,0.32,29.32,29.54,0.26,0.27,0.137,457.5
US1934,A3,40,0.5,4,34.74,115.32,60/40,GK4,30,fresh,0.03,27.4,49.87,0.4,10.66,0.337,423.4
US1934,A3,40,0.5,4,34.74,115.32,60/40,VPW3,30,fresh,0.0,66.12,251.24,0.04,0.51,2.896,0.4
US1934,A3,40,0.5,4,34.74,115.32,80/19,FIX4,30,fresh,0.31,29.32,29.54,0.27,0.28,0.138,636.5
US1934,A3,40,0.5,4,34.74,115.32,80/19,GK4,30,fresh,0.01,28.39,58.61,0.71,11.84,0.333,583.7
US1934,A3,40,0.5,4,34.74,115.32,80/19,VPW3,30,fresh,0.0,74.71,303.58,0.05,0.6,2.901,0.6
US1934,A4,40,0.5,4,34.68,106.04,60/40,FIX4,30,fresh,0.24,29.32,29.54,0.18,0.2,0.161,413.8
US1934,A4,40,0.5,4,34.68,106.04,60/40,GK4,30,fresh,0.01,27.31,49.37,0.37,10.88,0.412,379.7
US1934,A4,40,0.5,4,34.68,106.04,60/40,VPW3,30,fresh,0.0,64.77,230.25,0.04,0.39,2.972,0.3
US1934,A4,40,0.5,4,34.68,106.04,80/19,FIX4,30,fresh,0.21,29.32,29.54,0.17,0.19,0.162,579.5
US1934,A4,40,0.5,4,34.68,106.04,80/19,GK4,30,fresh,0.01,28.29,58.16,0.69,12.08,0.384,525.6
US1934,A4,40,0.5,4,34.68,106.04,80/19,VPW3,30,fresh,0.0,72.55,280.1,0.05,0.5,2.981,0.5
US1934,A5,40,0.5,4,33.22,87.11,60/40,FIX4,30,fresh,0.23,29.32,29.54,0.23,0.23,0.15,333.4
US1934,A5,40,0.5,4,33.22,87.11,60/40,GK4,30,fresh,0.01,26.85,48.29,0.47,11.7,0.511,302.1
US1934,A5,40,0.5,4,33.22,87.11,60/40,VPW3,30,fresh,0.0,60.34,191.34,0.05,0.38,2.819,0.3
US1934,A5,40,0.5,4,33.22,87.11,80/19,FIX4,30,fresh,0.22,29.32,29.54,0.2,0.2,0.146,465.7
US1934,A5,40,0.5,4,33.22,87.11,80/19,GK4,30,fresh,0.01,27.8,56.85,0.76,12.77,0.452,417.4
US1934,A5,40,0.5,4,33.22,87.11,80/19,VPW3,30,fresh,0.0,66.5,232.11,0.09,0.49,2.824,0.4
US1934,A1,40,1.0,1,60.04,132.27,60/40,FIX4,30,fresh,0.01,29.32,29.54,0.01,0.01,0.545,538.3
US1934,A1,40,1.0,1,60.04,132.27,60/40,GK4,30,fresh,0.0,28.9,51.63,0.16,8.74,1.213,500.6
US1934,A1,40,1.0,1,60.04,132.27,60/40,VPW3,30,fresh,0.0,107.8,286.64,0.01,0.02,5.0,0.4
US1934,A1,40,1.0,1,60.04,132.27,80/19,FIX4,30,fresh,0.01,29.32,29.54,0.01,0.01,0.446,752.2
US1934,A1,40,1.0,1,60.04,132.27,80/19,GK4,30,fresh,0.0,29.91,60.75,0.38,10.26,1.242,699.2
US1934,A1,40,1.0,1,60.04,132.27,80/19,VPW3,30,fresh,0.0,117.92,348.1,0.01,0.03,5.016,0.7
US1934,A2,40,1.0,1,67.39,178.22,60/40,FIX4,30,fresh,0.01,29.32,29.54,0.0,0.0,0.713,747.2
US1934,A2,40,1.0,1,67.39,178.22,60/40,GK4,30,fresh,0.0,29.54,52.72,0.13,8.22,1.227,709.5
US1934,A2,40,1.0,1,67.39,178.22,60/40,VPW3,30,fresh,0.0,123.77,386.87,0.0,0.02,5.703,0.6
US1934,A2,40,1.0,1,67.39,178.22,80/19,FIX4,30,fresh,0.01,29.32,29.54,0.01,0.01,0.471,1033.0
US1934,A2,40,1.0,1,67.39,178.22,80/19,GK4,30,fresh,0.0,30.47,62.12,0.33,9.69,1.256,973.5
US1934,A2,40,1.0,1,67.39,178.22,80/19,VPW3,30,fresh,0.0,138.1,466.57,0.01,0.05,5.705,0.9
US1934,A3,40,1.0,1,70.81,233.21,60/40,FIX4,30,fresh,0.01,29.32,29.54,0.0,0.0,0.607,1000.2
US1934,A3,40,1.0,1,70.81,233.21,60/40,GK4,30,fresh,0.0,29.92,53.54,0.12,7.73,1.236,959.8
US1934,A3,40,1.0,1,70.81,233.21,60/40,VPW3,30,fresh,0.0,133.61,509.4,0.0,0.03,5.981,0.7
US1934,A3,40,1.0,1,70.81,233.21,80/19,FIX4,30,fresh,0.01,29.32,29.54,0.01,0.01,0.503,1380.8
US1934,A3,40,1.0,1,70.81,233.21,80/19,GK4,30,fresh,0.0,30.9,62.86,0.3,9.34,1.264,1322.3
US1934,A3,40,1.0,1,70.81,233.21,80/19,VPW3,30,fresh,0.0,151.35,614.55,0.01,0.05,5.986,1.2
US1934,A4,40,1.0,1,70.55,214.3,60/40,FIX4,30,fresh,0.0,29.32,29.54,0.0,0.0,0.984,912.5
US1934,A4,40,1.0,1,70.55,214.3,60/40,GK4,30,fresh,0.0,29.89,53.38,0.13,7.81,1.234,874.3
US1934,A4,40,1.0,1,70.55,214.3,60/40,VPW3,30,fresh,0.0,131.68,465.48,0.0,0.02,6.1,0.7
US1934,A4,40,1.0,1,70.55,214.3,80/19,FIX4,30,fresh,0.01,29.32,29.54,0.01,0.01,0.545,1262.9
US1934,A4,40,1.0,1,70.55,214.3,80/19,GK4,30,fresh,0.0,30.87,62.69,0.29,9.47,1.263,1205.4
US1934,A4,40,1.0,1,70.55,214.3,80/19,VPW3,30,fresh,0.0,147.35,566.78,0.01,0.04,6.116,1.1
US1934,A5,40,1.0,1,67.27,176.69,60/40,FIX4,30,fresh,0.0,29.32,29.54,0.0,0.0,0.984,753.7
US1934,A5,40,1.0,1,67.27,176.69,60/40,GK4,30,fresh,0.0,29.53,52.86,0.13,8.19,1.228,713.3
US1934,A5,40,1.0,1,67.27,176.69,60/40,VPW3,30,fresh,0.0,122.38,387.51,0.0,0.02,5.76,0.6
US1934,A5,40,1.0,1,67.27,176.69,80/19,FIX4,30,fresh,0.01,29.32,29.54,0.01,0.01,0.541,1038.0
US1934,A5,40,1.0,1,67.27,176.69,80/19,GK4,30,fresh,0.0,30.51,62.05,0.34,9.69,1.256,981.4
US1934,A5,40,1.0,1,67.27,176.69,80/19,VPW3,30,fresh,0.0,135.17,468.86,0.01,0.03,5.769,0.9
US1934,A1,40,1.0,4,59.77,131.99,60/40,FIX4,30,fresh,0.01,29.32,29.54,0.01,0.01,0.545,536.6
US1934,A1,40,1.0,4,59.77,131.99,60/40,GK4,30,fresh,0.0,28.89,51.63,0.16,8.77,1.213,499.7
US1934,A1,40,1.0,4,59.77,131.99,60/40,VPW3,30,fresh,0.0,107.53,285.91,0.01,0.03,4.971,0.4
US1934,A1,40,1.0,4,59.77,131.99,80/19,FIX4,30,fresh,0.01,29.32,29.54,0.01,0.01,0.446,751.3
US1934,A1,40,1.0,4,59.77,131.99,80/19,GK4,30,fresh,0.0,29.91,60.73,0.39,10.29,1.242,698.0
US1934,A1,40,1.0,4,59.77,131.99,80/19,VPW3,30,fresh,0.0,117.47,347.32,0.01,0.04,4.988,0.7
US1934,A2,40,1.0,4,66.9,177.56,60/40,FIX4,30,fresh,0.02,29.32,29.54,0.0,0.0,0.607,745.5
US1934,A2,40,1.0,4,66.9,177.56,60/40,GK4,30,fresh,0.0,29.52,52.72,0.13,8.24,1.227,707.3
US1934,A2,40,1.0,4,66.9,177.56,60/40,VPW3,30,fresh,0.0,123.26,385.94,0.0,0.03,5.655,0.6
US1934,A2,40,1.0,4,66.9,177.56,80/19,FIX4,30,fresh,0.01,29.32,29.54,0.01,0.01,0.471,1029.7
US1934,A2,40,1.0,4,66.9,177.56,80/19,GK4,30,fresh,0.0,30.46,62.09,0.35,9.69,1.255,969.5
US1934,A2,40,1.0,4,66.9,177.56,80/19,VPW3,30,fresh,0.0,137.11,465.66,0.01,0.05,5.659,0.9
US1934,A3,40,1.0,4,70.49,232.78,60/40,FIX4,30,fresh,0.01,29.32,29.54,0.01,0.01,0.408,998.3
US1934,A3,40,1.0,4,70.49,232.78,60/40,GK4,30,fresh,0.0,29.91,53.53,0.13,7.79,1.235,957.4
US1934,A3,40,1.0,4,70.49,232.78,60/40,VPW3,30,fresh,0.0,133.22,507.59,0.0,0.03,5.901,0.7
US1934,A3,40,1.0,4,70.49,232.78,80/19,FIX4,30,fresh,0.02,29.32,29.54,0.02,0.02,0.359,1377.2
US1934,A3,40,1.0,4,70.49,232.78,80/19,GK4,30,fresh,0.0,30.9,62.85,0.3,9.34,1.264,1320.2
US1934,A3,40,1.0,4,70.49,232.78,80/19,VPW3,30,fresh,0.0,150.33,612.33,0.01,0.05,5.91,1.1
US1934,A4,40,1.0,4,70.26,213.94,60/40,FIX4,30,fresh,0.01,29.32,29.54,0.0,0.0,0.713,909.9
US1934,A4,40,1.0,4,70.26,213.94,60/40,GK4,30,fresh,0.0,29.86,53.35,0.13,7.83,1.234,871.5
US1934,A4,40,1.0,4,70.26,213.94,60/40,VPW3,30,fresh,0.0,130.96,464.34,0.0,0.03,6.039,0.7
US1934,A4,40,1.0,4,70.26,213.94,80/19,FIX4,30,fresh,0.01,29.32,29.54,0.01,0.01,0.545,1261.4
US1934,A4,40,1.0,4,70.26,213.94,80/19,GK4,30,fresh,0.0,30.85,62.69,0.3,9.47,1.262,1202.8
US1934,A4,40,1.0,4,70.26,213.94,80/19,VPW3,30,fresh,0.0,146.75,563.93,0.01,0.05,6.058,1.1
US1934,A5,40,1.0,4,66.96,176.16,60/40,FIX4,30,fresh,0.0,29.32,29.54,0.0,0.0,0.984,751.4
US1934,A5,40,1.0,4,66.96,176.16,60/40,GK4,30,fresh,0.0,29.52,52.86,0.13,8.2,1.227,711.4
US1934,A5,40,1.0,4,66.96,176.16,60/40,VPW3,30,fresh,0.0,122.2,385.4,0.0,0.03,5.716,0.6
US1934,A5,40,1.0,4,66.96,176.16,80/19,FIX4,30,fresh,0.01,29.32,29.54,0.01,0.01,0.541,1033.0
US1934,A5,40,1.0,4,66.96,176.16,80/19,GK4,30,fresh,0.0,30.5,62.05,0.35,9.69,1.255,976.3
US1934,A5,40,1.0,4,66.96,176.16,80/19,VPW3,30,fresh,0.0,134.58,468.12,0.01,0.04,5.727,0.9
US1934,A1,20,0.5,1,10.11,17.2,60/40,FIX4,50,fresh,55.97,12.02,38.66,55.31,55.4,0.019,0.0
US1934,A1,20,0.5,1,10.11,17.2,60/40,GK4,50,fresh,11.16,15.4,41.73,42.06,66.85,0.048,11.1
US1934,A1,20,0.5,1,10.11,17.2,60/40,VPW3,50,fresh,0.0,23.91,61.51,29.83,74.87,0.612,0.1
US1934,A1,20,0.5,1,10.11,17.2,80/19,FIX4,50,fresh,43.7,12.23,49.06,43.18,43.31,0.021,21.9
US1934,A1,20,0.5,1,10.11,17.2,80/19,GK4,50,fresh,9.54,16.96,55.8,32.16,56.9,0.048,21.7
US1934,A1,20,0.5,1,10.11,17.2,80/19,VPW3,50,fresh,0.0,27.95,86.02,27.2,70.45,0.644,0.1
US1934,A2,20,0.5,1,10.18,19.61,60/40,FIX4,50,fresh,45.04,12.47,49.03,44.25,44.39,0.021,12.1
US1934,A2,20,0.5,1,10.18,19.61,60/40,GK4,50,fresh,8.9,16.02,49.31,33.02,58.57,0.049,20.6
US1934,A2,20,0.5,1,10.18,19.61,60/40,VPW3,50,fresh,0.0,25.3,69.81,23.55,61.22,0.648,0.1
US1934,A2,20,0.5,1,10.18,19.61,80/19,FIX4,50,fresh,34.51,12.78,49.13,33.97,34.06,0.022,66.7
US1934,A2,20,0.5,1,10.18,19.61,80/19,GK4,50,fresh,7.84,17.68,66.33,25.76,49.62,0.049,38.0
US1934,A2,20,0.5,1,10.18,19.61,80/19,VPW3,50,fresh,0.0,29.97,98.14,21.51,57.41,0.681,0.1
US1934,A3,20,0.5,1,10.04,22.17,60/40,FIX4,50,fresh,36.86,12.51,49.12,36.35,36.49,0.022,40.8
US1934,A3,20,0.5,1,10.04,22.17,60/40,GK4,50,fresh,8.55,15.96,56.17,27.87,51.75,0.046,32.8
US1934,A3,20,0.5,1,10.04,22.17,60/40,VPW3,50,fresh,0.0,26.21,78.81,19.97,50.63,0.66,0.1
US1934,A3,20,0.5,1,10.04,22.17,80/19,FIX4,50,fresh,28.87,12.94,49.15,28.42,28.52,0.024,115.1
US1934,A3,20,0.5,1,10.04,22.17,80/19,GK4,50,fresh,7.44,17.48,75.58,22.01,44.69,0.047,59.0
US1934,A3,20,0.5,1,10.04,22.17,80/19,VPW3,50,fresh,0.0,31.3,111.34,18.44,47.77,0.693,0.2
US1934,A4,20,0.5,1,10.35,20.45,60/40,FIX4,50,fresh,41.79,12.88,49.08,41.16,41.25,0.021,22.0
US1934,A4,20,0.5,1,10.35,20.45,60/40,GK4,50,fresh,8.29,16.4,51.51,30.83,56.05,0.05,24.1
US1934,A4,20,0.5,1,10.35,20.45,60/40,VPW3,50,fresh,0.0,26.03,72.69,21.67,57.57,0.665,0.1
US1934,A4,20,0.5,1,10.35,20.45,80/19,FIX4,50,fresh,31.97,13.21,49.14,31.59,31.7,0.023,82.6
US1934,A4,20,0.5,1,10.35,20.45,80/19,GK4,50,fresh,7.27,18.33,69.57,23.92,47.62,0.051,44.4
US1934,A4,20,0.5,1,10.35,20.45,80/19,VPW3,50,fresh,0.0,30.97,102.42,19.81,54.03,0.701,0.1
US1934,A5,20,0.5,1,10.31,17.57,60/40,FIX4,50,fresh,53.69,12.42,41.46,53.18,53.29,0.019,0.0
US1934,A5,20,0.5,1,10.31,17.57,60/40,GK4,50,fresh,9.95,15.83,43.06,40.09,65.37,0.05,12.6
US1934,A5,20,0.5,1,10.31,17.57,60/40,VPW3,50,fresh,0.0,24.33,62.8,27.95,72.47,0.626,0.1
US1934,A5,20,0.5,1,10.31,17.57,80/19,FIX4,50,fresh,41.67,12.62,49.08,41.25,41.4,0.021,29.9
US1934,A5,20,0.5,1,10.31,17.57,80/19,GK4,50,fresh,8.48,17.49,57.58,30.63,55.28,0.05,24.5
US1934,A5,20,0.5,1,10.31,17.57,80/19,VPW3,50,fresh,0.0,28.33,88.35,25.46,68.15,0.66,0.1
US1934,A1,20,0.5,4,9.99,17.12,60/40,FIX4,50,fresh,56.33,11.87,38.11,55.69,55.8,0.019,0.0
US1934,A1,20,0.5,4,9.99,17.12,60/40,GK4,50,fresh,11.5,15.2,41.52,42.41,67.07,0.047,11.0
US1934,A1,20,0.5,4,9.99,17.12,60/40,VPW3,50,fresh,0.0,23.76,61.24,30.21,75.14,0.608,0.1
US1934,A1,20,0.5,4,9.99,17.12,80/19,FIX4,50,fresh,44.03,12.07,49.05,43.51,43.64,0.021,20.2
US1934,A1,20,0.5,4,9.99,17.12,80/19,GK4,50,fresh,9.81,16.66,55.41,32.44,57.1,0.047,21.3
US1934,A1,20,0.5,4,9.99,17.12,80/19,VPW3,50,fresh,0.0,27.75,85.65,27.65,70.77,0.64,0.1
US1934,A2,20,0.5,4,10.08,19.56,60/40,FIX4,50,fresh,45.46,12.33,49.03,44.68,44.83,0.021,11.2
US1934,A2,20,0.5,4,10.08,19.56,60/40,GK4,50,fresh,9.18,15.73,48.96,33.36,58.83,0.048,20.3
US1934,A2,20,0.5,4,10.08,19.56,60/40,VPW3,50,fresh,0.0,25.08,69.49,23.95,61.47,0.644,0.1
US1934,A2,20,0.5,4,10.08,19.56,80/19,FIX4,50,fresh,34.78,12.6,49.13,34.25,34.35,0.022,65.0
US1934,A2,20,0.5,4,10.08,19.56,80/19,GK4,50,fresh,8.11,17.41,66.02,26.13,49.88,0.048,37.6
US1934,A2,20,0.5,4,10.08,19.56,80/19,VPW3,50,fresh,0.0,29.81,97.61,21.83,57.67,0.676,0.1
US1934,A3,20,0.5,4,9.94,22.1,60/40,FIX4,50,fresh,37.25,12.37,49.11,36.74,36.87,0.022,39.5
US1934,A3,20,0.5,4,9.94,22.1,60/40,GK4,50,fresh,8.82,15.66,55.89,28.19,52.06,0.046,32.3
US1934,A3,20,0.5,4,9.94,22.1,60/40,VPW3,50,fresh,0.0,26.08,78.47,20.29,50.93,0.655,0.1
US1934,A3,20,0.5,4,9.94,22.1,80/19,FIX4,50,fresh,29.11,12.76,49.15,28.65,28.75,0.023,113.5
US1934,A3,20,0.5,4,9.94,22.1,80/19,GK4,50,fresh,7.63,17.24,75.32,22.31,44.91,0.046,58.0
US1934,A3,20,0.5,4,9.94,22.1,80/19,VPW3,50,fresh,0.0,31.12,110.62,18.75,48.01,0.686,0.2
US1934,A4,20,0.5,4,10.26,20.38,60/40,FIX4,50,fresh,42.16,12.66,49.07,41.53,41.62,0.021,20.9
US1934,A4,20,0.5,4,10.26,20.38,60/40,GK4,50,fresh,8.66,16.07,51.2,31.17,56.27,0.049,23.7
US1934,A4,20,0.5,4,10.26,20.38,60/40,VPW3,50,fresh,0.0,25.84,72.38,22.05,57.85,0.66,0.1
US1934,A4,20,0.5,4,10.26,20.38,80/19,FIX4,50,fresh,32.33,13.01,49.14,31.96,32.06,0.023,80.8
US1934,A4,20,0.5,4,10.26,20.38,80/19,GK4,50,fresh,7.55,18.0,69.06,24.18,47.85,0.049,43.9
US1934,A4,20,0.5,4,10.26,20.38,80/19,VPW3,50,fresh,0.0,30.69,101.94,20.12,54.32,0.695,0.1
US1934,A5,20,0.5,4,10.2,17.49,60/40,FIX4,50,fresh,54.0,12.22,40.74,53.49,53.6,0.019,0.0
US1934,A5,20,0.5,4,10.2,17.49,60/40,GK4,50,fresh,10.32,15.67,42.91,40.4,65.56,0.049,12.4
US1934,A5,20,0.5,4,10.2,17.49,60/40,VPW3,50,fresh,0.0,24.22,62.55,28.34,72.72,0.622,0.1
US1934,A5,20,0.5,4,10.2,17.49,80/19,FIX4,50,fresh,41.87,12.4,49.08,41.48,41.61,0.021,28.1
US1934,A5,20,0.5,4,10.2,17.49,80/19,GK4,50,fresh,8.78,17.15,57.13,30.94,55.49,0.049,24.2
US1934,A5,20,0.5,4,10.2,17.49,80/19,VPW3,50,fresh,0.0,28.1,87.94,25.89,68.42,0.655,0.1
US1934,A1,20,1.0,1,20.47,34.65,60/40,FIX4,50,fresh,8.0,35.48,49.21,7.69,7.73,0.042,200.5
US1934,A1,20,1.0,1,20.47,34.65,60/40,GK4,50,fresh,0.04,36.45,87.14,5.46,25.65,0.484,120.1
US1934,A1,20,1.0,1,20.47,34.65,60/40,VPW3,50,fresh,0.0,48.43,123.83,2.4,14.48,1.238,0.1
US1934,A1,20,1.0,1,20.47,34.65,80/19,FIX4,50,fresh,5.99,41.06,49.22,5.84,5.88,0.045,386.5
US1934,A1,20,1.0,1,20.47,34.65,80/19,GK4,50,fresh,0.02,40.97,120.07,4.8,24.04,0.541,214.3
US1934,A1,20,1.0,1,20.47,34.65,80/19,VPW3,50,fresh,0.0,56.41,173.29,2.36,13.31,1.302,0.2
US1934,A2,20,1.0,1,20.61,39.57,60/40,FIX4,50,fresh,6.77,38.74,49.22,6.45,6.51,0.044,260.0
US1934,A2,20,1.0,1,20.61,39.57,60/40,GK4,50,fresh,0.07,38.06,94.44,4.56,23.07,0.334,162.2
US1934,A2,20,1.0,1,20.61,39.57,60/40,VPW3,50,fresh,0.0,51.23,140.52,2.09,11.82,1.31,0.1
US1934,A2,20,1.0,1,20.61,39.57,80/19,FIX4,50,fresh,4.9,48.64,49.22,4.83,4.85,0.048,488.5
US1934,A2,20,1.0,1,20.61,39.57,80/19,GK4,50,fresh,0.08,43.18,129.83,4.25,21.65,0.328,284.3
US1934,A2,20,1.0,1,20.61,39.57,80/19,VPW3,50,fresh,0.0,60.47,197.37,2.01,10.69,1.377,0.3
US1934,A3,20,1.0,1,20.32,44.63,60/40,FIX4,50,fresh,6.28,39.51,49.22,6.11,6.12,0.044,322.1
US1934,A3,20,1.0,1,20.32,44.63,60/40,GK4,50,fresh,0.2,38.3,100.53,4.5,21.17,0.212,208.4
US1934,A3,20,1.0,1,20.32,44.63,60/40,VPW3,50,fresh,0.0,52.94,158.66,2.15,10.68,1.334,0.2
US1934,A3,20,1.0,1,20.32,44.63,80/19,FIX4,50,fresh,4.7,48.76,49.22,4.55,4.58,0.047,594.0
US1934,A3,20,1.0,1,20.32,44.63,80/19,GK4,50,fresh,0.19,43.81,138.65,4.13,20.61,0.188,362.7
US1934,A3,20,1.0,1,20.32,44.63,80/19,VPW3,50,fresh,0.0,63.38,224.17,2.03,9.8,1.399,0.3
US1934,A4,20,1.0,1,21.08,41.17,60/40,FIX4,50,fresh,6.19,41.85,49.22,5.97,6.03,0.046,278.2
US1934,A4,20,1.0,1,21.08,41.17,60/40,GK4,50,fresh,0.07,38.81,96.62,4.33,22.34,0.312,177.2
US1934,A4,20,1.0,1,21.08,41.17,60/40,VPW3,50,fresh,0.0,52.93,146.31,1.83,11.05,1.344,0.2
US1934,A4,20,1.0,1,21.08,41.17,80/19,FIX4,50,fresh,4.49,48.8,49.22,4.37,4.42,0.049,525.3
US1934,A4,20,1.0,1,21.08,41.17,80/19,GK4,50,fresh,0.06,44.0,133.63,3.91,21.19,0.364,309.3
US1934,A4,20,1.0,1,21.08,41.17,80/19,VPW3,50,fresh,0.0,62.26,206.33,1.82,10.17,1.415,0.3
US1934,A5,20,1.0,1,20.92,35.43,60/40,FIX4,50,fresh,7.44,37.39,49.22,7.16,7.23,0.043,209.7
US1934,A5,20,1.0,1,20.92,35.43,60/40,GK4,50,fresh,0.01,37.02,88.74,5.07,25.11,0.455,127.3
US1934,A5,20,1.0,1,20.92,35.43,60/40,VPW3,50,fresh,0.0,49.23,126.41,2.22,13.61,1.265,0.1
US1934,A5,20,1.0,1,20.92,35.43,80/19,FIX4,50,fresh,5.6,43.0,49.22,5.41,5.46,0.046,403.0
US1934,A5,20,1.0,1,20.92,35.43,80/19,GK4,50,fresh,0.04,41.94,122.41,4.46,23.51,0.458,225.2
US1934,A5,20,1.0,1,20.92,35.43,80/19,VPW3,50,fresh,0.0,57.49,178.02,2.09,12.44,1.333,0.3
US1934,A1,20,1.0,4,20.3,34.55,60/40,FIX4,50,fresh,8.18,35.14,49.21,7.85,7.89,0.041,199.2
US1934,A1,20,1.0,4,20.3,34.55,60/40,GK4,50,fresh,0.04,36.36,87.0,5.52,25.8,0.484,119.1
US1934,A1,20,1.0,4,20.3,34.55,60/40,VPW3,50,fresh,0.0,48.11,123.58,2.45,14.76,1.232,0.1
US1934,A1,20,1.0,4,20.3,34.55,80/19,FIX4,50,fresh,6.15,40.24,49.22,5.98,6.02,0.045,383.7
US1934,A1,20,1.0,4,20.3,34.55,80/19,GK4,50,fresh,0.03,40.79,119.72,4.87,24.14,0.514,213.0
US1934,A1,20,1.0,4,20.3,34.55,80/19,VPW3,50,fresh,0.0,56.31,172.75,2.4,13.5,1.296,0.2
US1934,A2,20,1.0,4,20.46,39.47,60/40,FIX4,50,fresh,6.91,38.14,49.22,6.61,6.67,0.044,258.2
US1934,A2,20,1.0,4,20.46,39.47,60/40,GK4,50,fresh,0.07,37.82,94.34,4.66,23.3,0.325,161.3
US1934,A2,20,1.0,4,20.46,39.47,60/40,VPW3,50,fresh,0.0,51.09,139.99,2.15,12.05,1.304,0.1
US1934,A2,20,1.0,4,20.46,39.47,80/19,FIX4,50,fresh,5.02,47.71,49.22,4.95,4.97,0.047,485.0
US1934,A2,20,1.0,4,20.46,39.47,80/19,GK4,50,fresh,0.09,43.0,129.49,4.3,21.79,0.317,283.1
US1934,A2,20,1.0,4,20.46,39.47,80/19,VPW3,50,fresh,0.0,60.27,196.57,2.06,10.9,1.37,0.3
US1934,A3,20,1.0,4,20.14,44.52,60/40,FIX4,50,fresh,6.41,39.09,49.22,6.23,6.24,0.044,320.9
US1934,A3,20,1.0,4,20.14,44.52,60/40,GK4,50,fresh,0.2,37.96,100.35,4.63,21.28,0.206,207.1
US1934,A3,20,1.0,4,20.14,44.52,60/40,VPW3,50,fresh,0.0,52.46,158.07,2.21,10.82,1.326,0.2
US1934,A3,20,1.0,4,20.14,44.52,80/19,FIX4,50,fresh,4.81,48.75,49.22,4.65,4.68,0.047,590.6
US1934,A3,20,1.0,4,20.14,44.52,80/19,GK4,50,fresh,0.2,43.75,138.35,4.2,20.69,0.179,360.5
US1934,A3,20,1.0,4,20.14,44.52,80/19,VPW3,50,fresh,0.0,63.11,223.55,2.09,9.93,1.391,0.3
US1934,A4,20,1.0,4,20.83,41.06,60/40,FIX4,50,fresh,6.32,40.73,49.22,6.12,6.17,0.045,277.3
US1934,A4,20,1.0,4,20.83,41.06,60/40,GK4,50,fresh,0.07,38.62,96.43,4.42,22.55,0.308,176.2
US1934,A4,20,1.0,4,20.83,41.06,60/40,VPW3,50,fresh,0.0,52.47,145.9,1.86,11.26,1.337,0.2
US1934,A4,20,1.0,4,20.83,41.06,80/19,FIX4,50,fresh,4.62,48.79,49.22,4.49,4.55,0.049,522.3
US1934,A4,20,1.0,4,20.83,41.06,80/19,GK4,50,fresh,0.07,43.82,133.39,4.02,21.33,0.352,307.0
US1934,A4,20,1.0,4,20.83,41.06,80/19,VPW3,50,fresh,0.0,62.03,205.5,1.87,10.37,1.407,0.3
US1934,A5,20,1.0,4,20.71,35.3,60/40,FIX4,50,fresh,7.64,37.14,49.22,7.33,7.41,0.043,208.4
US1934,A5,20,1.0,4,20.71,35.3,60/40,GK4,50,fresh,0.01,36.92,88.45,5.13,25.32,0.455,126.4
US1934,A5,20,1.0,4,20.71,35.3,60/40,VPW3,50,fresh,0.0,49.02,126.13,2.27,13.9,1.259,0.1
US1934,A5,20,1.0,4,20.71,35.3,80/19,FIX4,50,fresh,5.65,42.31,49.22,5.52,5.56,0.046,400.4
US1934,A5,20,1.0,4,20.71,35.3,80/19,GK4,50,fresh,0.04,41.84,122.06,4.52,23.61,0.458,223.4
US1934,A5,20,1.0,4,20.71,35.3,80/19,VPW3,50,fresh,0.0,57.16,177.22,2.12,12.69,1.326,0.3
US1934,A1,30,0.5,1,18.48,35.45,60/40,FIX4,50,fresh,10.55,30.16,49.21,10.18,10.31,0.037,209.1
US1934,A1,30,0.5,1,18.48,35.45,60/40,GK4,50,fresh,0.27,33.97,87.72,6.87,27.74,0.204,127.1
US1934,A1,30,0.5,1,18.48,35.45,60/40,VPW3,50,fresh,0.0,45.12,126.69,3.57,17.56,1.171,0.1
US1934,A1,30,0.5,1,18.48,35.45,80/19,FIX4,50,fresh,7.66,34.41,49.21,7.44,7.49,0.041,403.3
US1934,A1,30,0.5,1,18.48,35.45,80/19,GK4,50,fresh,0.26,39.37,120.97,5.6,25.38,0.178,224.7
US1934,A1,30,0.5,1,18.48,35.45,80/19,VPW3,50,fresh,0.0,53.26,178.51,3.3,15.72,1.23,0.2
US1934,A2,30,0.5,1,19.51,43.69,60/40,FIX4,50,fresh,7.43,35.57,49.21,7.16,7.22,0.042,310.3
US1934,A2,30,0.5,1,19.51,43.69,60/40,GK4,50,fresh,0.31,37.01,99.35,5.2,23.05,0.175,199.9
US1934,A2,30,0.5,1,19.51,43.69,60/40,VPW3,50,fresh,0.0,49.97,156.02,2.57,12.56,1.287,0.2
US1934,A2,30,0.5,1,19.51,43.69,80/19,FIX4,50,fresh,5.41,44.55,49.22,5.25,5.27,0.045,579.5
US1934,A2,30,0.5,1,19.51,43.69,80/19,GK4,50,fresh,0.31,42.91,136.84,4.36,22.11,0.157,353.1
US1934,A2,30,0.5,1,19.51,43.69,80/19,VPW3,50,fresh,0.0,59.77,219.26,2.31,11.62,1.355,0.3
US1934,A3,30,0.5,1,19.72,52.99,60/40,FIX4,50,fresh,6.14,39.17,49.22,6.02,6.05,0.043,424.9
US1934,A3,30,0.5,1,19.72,52.99,60/40,GK4,50,fresh,0.45,38.42,108.74,4.76,20.3,0.128,288.1
US1934,A3,30,0.5,1,19.72,52.99,60/40,VPW3,50,fresh,0.0,52.89,189.06,2.48,10.38,1.332,0.2
US1934,A3,30,0.5,1,19.72,52.99,80/19,FIX4,50,fresh,4.62,48.78,49.22,4.5,4.52,0.047,772.3
US1934,A3,30,0.5,1,19.72,52.99,80/19,GK4,50,fresh,0.42,44.93,149.34,3.97,20.04,0.126,502.9
US1934,A3,30,0.5,1,19.72,52.99,80/19,VPW3,50,fresh,0.0,63.88,265.35,2.17,9.77,1.404,0.4
US1934,A4,30,0.5,1,19.76,48.63,60/40,FIX4,50,fresh,6.46,39.95,49.22,6.31,6.34,0.043,375.4
US1934,A4,30,0.5,1,19.76,48.63,60/40,GK4,50,fresh,0.31,38.13,105.0,4.78,21.32,0.172,246.6
US1934,A4,30,0.5,1,19.76,48.63,60/40,VPW3,50,fresh,0.0,51.67,173.71,2.37,10.96,1.341,0.2
US1934,A4,30,0.5,1,19.76,48.63,80/19,FIX4,50,fresh,4.7,48.77,49.22,4.54,4.55,0.047,679.1
US1934,A4,30,0.5,1,19.76,48.63,80/19,GK4,50,fresh,0.34,44.54,144.27,4.02,20.79,0.151,429.6
US1934,A4,30,0.5,1,19.76,48.63,80/19,VPW3,50,fresh,0.0,62.66,245.25,2.07,10.07,1.415,0.3
US1934,A5,30,0.5,1,19.41,40.65,60/40,FIX4,50,fresh,8.0,35.33,49.21,7.8,7.84,0.041,279.4
US1934,A5,30,0.5,1,19.41,40.65,60/40,GK4,50,fresh,0.24,36.32,95.94,5.5,24.31,0.192,173.7
US1934,A5,30,0.5,1,19.41,40.65,60/40,VPW3,50,fresh,0.0,48.97,146.33,2.77,13.52,1.266,0.2
US1934,A5,30,0.5,1,19.41,40.65,80/19,FIX4,50,fresh,5.7,42.98,49.22,5.53,5.55,0.045,513.0
US1934,A5,30,0.5,1,19.41,40.65,80/19,GK4,50,fresh,0.21,42.15,132.59,4.59,23.05,0.184,302.9
US1934,A5,30,0.5,1,19.41,40.65,80/19,VPW3,50,fresh,0.0,58.28,205.65,2.53,12.27,1.335,0.3
US1934,A1,30,0.5,4,18.28,35.3,60/40,FIX4,50,fresh,10.81,29.9,49.21,10.38,10.51,0.037,207.3
US1934,A1,30,0.5,4,18.28,35.3,60/40,GK4,50,fresh,0.29,33.67,87.47,7.03,27.95,0.201,125.7
US1934,A1,30,0.5,4,18.28,35.3,60/40,VPW3,50,fresh,0.0,44.79,126.18,3.76,17.76,1.163,0.1
US1934,A1,30,0.5,4,18.28,35.3,80/19,FIX4,50,fresh,7.86,33.89,49.21,7.64,7.7,0.04,401.9
US1934,A1,30,0.5,4,18.28,35.3,80/19,GK4,50,fresh,0.28,39.18,120.53,5.64,25.53,0.174,222.5
US1934,A1,30,0.5,4,18.28,35.3,80/19,VPW3,50,fresh,0.0,52.92,177.79,3.4,16.01,1.223,0.2
US1934,A2,30,0.5,4,19.34,43.57,60/40,FIX4,50,fresh,7.63,34.91,49.21,7.32,7.39,0.041,308.1
US1934,A2,30,0.5,4,19.34,43.57,60/40,GK4,50,fresh,0.33,36.72,99.15,5.43,23.19,0.171,198.2
US1934,A2,30,0.5,4,19.34,43.57,60/40,VPW3,50,fresh,0.0,49.23,155.25,2.63,12.79,1.276,0.2
US1934,A2,30,0.5,4,19.34,43.57,80/19,FIX4,50,fresh,5.63,42.56,49.22,5.47,5.49,0.045,576.9
US1934,A2,30,0.5,4,19.34,43.57,80/19,GK4,50,fresh,0.34,42.7,136.42,4.44,22.25,0.154,349.7
US1934,A2,30,0.5,4,19.34,43.57,80/19,VPW3,50,fresh,0.0,59.19,218.55,2.39,11.78,1.345,0.3
US1934,A3,30,0.5,4,19.57,52.77,60/40,FIX4,50,fresh,6.3,38.28,49.21,6.18,6.22,0.042,422.0
US1934,A3,30,0.5,4,19.57,52.77,60/40,GK4,50,fresh,0.47,38.21,108.36,4.84,20.46,0.126,286.1
US1934,A3,30,0.5,4,19.57,52.77,60/40,VPW3,50,fresh,0.0,52.56,188.28,2.56,10.63,1.32,0.2
US1934,A3,30,0.5,4,19.57,52.77,80/19,FIX4,50,fresh,4.75,48.76,49.22,4.62,4.64,0.046,766.6
US1934,A3,30,0.5,4,19.57,52.77,80/19,GK4,50,fresh,0.45,44.32,149.12,4.03,20.15,0.124,499.5
US1934,A3,30,0.5,4,19.57,52.77,80/19,VPW3,50,fresh,0.0,63.37,264.27,2.23,10.02,1.391,0.4
US1934,A4,30,0.5,4,19.65,48.46,60/40,FIX4,50,fresh,6.63,39.0,49.22,6.48,6.5,0.043,373.2
US1934,A4,30,0.5,4,19.65,48.46,60/40,GK4,50,fresh,0.32,37.87,104.68,4.88,21.46,0.169,245.0
US1934,A4,30,0.5,4,19.65,48.46,60/40,VPW3,50,fresh,0.0,51.29,172.55,2.47,11.19,1.33,0.2
US1934,A4,30,0.5,4,19.65,48.46,80/19,FIX4,50,fresh,4.88,48.66,49.22,4.69,4.71,0.047,673.5
US1934,A4,30,0.5,4,19.65,48.46,80/19,GK4,50,fresh,0.35,44.13,144.1,4.06,20.97,0.15,427.4
US1934,A4,30,0.5,4,19.65,48.46,80/19,VPW3,50,fresh,0.0,62.21,244.19,2.16,10.3,1.403,0.3
US1934,A5,30,0.5,4,19.26,40.47,60/40,FIX4,50,fresh,8.19,34.68,49.21,8.01,8.06,0.041,277.4
US1934,A5,30,0.5,4,19.26,40.47,60/40,GK4,50,fresh,0.25,36.01,95.71,5.67,24.46,0.189,172.4
US1934,A5,30,0.5,4,19.26,40.47,60/40,VPW3,50,fresh,0.0,48.47,145.73,2.86,13.79,1.256,0.2
US1934,A5,30,0.5,4,19.26,40.47,80/19,FIX4,50,fresh,5.94,41.21,49.22,5.75,5.78,0.044,509.0
US1934,A5,30,0.5,4,19.26,40.47,80/19,GK4,50,fresh,0.21,41.92,132.23,4.68,23.14,0.183,301.3
US1934,A5,30,0.5,4,19.26,40.47,80/19,VPW3,50,fresh,0.0,57.66,204.99,2.62,12.49,1.325,0.3
US1934,A1,30,1.0,1,37.3,71.53,60/40,FIX4,50,fresh,0.52,48.95,49.22,0.48,0.48,0.117,670.0
US1934,A1,30,1.0,1,37.3,71.53,60/40,GK4,50,fresh,0.0,54.25,127.63,0.96,12.87,1.285,498.1
US1934,A1,30,1.0,1,37.3,71.53,60/40,VPW3,50,fresh,0.0,91.32,255.15,0.17,1.37,2.366,0.3
US1934,A1,30,1.0,1,37.3,71.53,80/19,FIX4,50,fresh,0.35,48.95,49.22,0.33,0.33,0.12,1183.2
US1934,A1,30,1.0,1,37.3,71.53,80/19,GK4,50,fresh,0.0,62.74,176.17,1.23,13.93,1.33,862.0
US1934,A1,30,1.0,1,37.3,71.53,80/19,VPW3,50,fresh,0.0,107.46,359.81,0.21,1.27,2.487,0.5
US1934,A2,30,1.0,1,39.31,88.12,60/40,FIX4,50,fresh,0.42,48.95,49.22,0.41,0.41,0.12,880.3
US1934,A2,30,1.0,1,39.31,88.12,60/40,GK4,50,fresh,0.0,56.98,135.53,0.8,11.5,1.314,685.9
US1934,A2,30,1.0,1,39.31,88.12,60/40,VPW3,50,fresh,0.0,100.96,314.17,0.12,1.0,2.6,0.3
US1934,A2,30,1.0,1,39.31,88.12,80/19,FIX4,50,fresh,0.34,48.95,49.22,0.33,0.34,0.122,1543.1
US1934,A2,30,1.0,1,39.31,88.12,80/19,GK4,50,fresh,0.0,65.22,187.17,1.08,12.82,1.359,1191.8
US1934,A2,30,1.0,1,39.31,88.12,80/19,VPW3,50,fresh,0.0,120.29,442.42,0.19,1.02,2.739,0.6
US1934,A3,30,1.0,1,39.81,106.76,60/40,FIX4,50,fresh,0.48,48.95,49.22,0.47,0.47,0.109,1120.8
US1934,A3,30,1.0,1,39.81,106.76,60/40,GK4,50,fresh,0.0,58.77,141.96,0.77,10.89,1.326,899.5
US1934,A3,30,1.0,1,39.81,106.76,60/40,VPW3,50,fresh,0.0,107.09,380.22,0.16,1.05,2.692,0.4
US1934,A3,30,1.0,1,39.81,106.76,80/19,FIX4,50,fresh,0.37,48.95,49.22,0.35,0.36,0.115,1947.7
US1934,A3,30,1.0,1,39.81,106.76,80/19,GK4,50,fresh,0.0,67.14,194.71,0.98,12.36,1.37,1547.0
US1934,A3,30,1.0,1,39.81,106.76,80/19,VPW3,50,fresh,0.0,128.88,533.21,0.2,0.99,2.837,0.7
US1934,A4,30,1.0,1,39.9,97.93,60/40,FIX4,50,fresh,0.38,48.95,49.22,0.34,0.35,0.124,1019.4
US1934,A4,30,1.0,1,39.9,97.93,60/40,GK4,50,fresh,0.0,58.08,139.55,0.75,11.06,1.328,803.5
US1934,A4,30,1.0,1,39.9,97.93,60/40,VPW3,50,fresh,0.0,104.46,349.82,0.11,0.92,2.71,0.4
US1934,A4,30,1.0,1,39.9,97.93,80/19,FIX4,50,fresh,0.31,48.95,49.22,0.29,0.29,0.127,1747.0
US1934,A4,30,1.0,1,39.9,97.93,80/19,GK4,50,fresh,0.0,67.0,192.24,0.96,12.4,1.372,1377.5
US1934,A4,30,1.0,1,39.9,97.93,80/19,VPW3,50,fresh,0.0,126.61,494.46,0.13,0.92,2.858,0.7
US1934,A5,30,1.0,1,39.32,81.96,60/40,FIX4,50,fresh,0.38,48.95,49.22,0.36,0.37,0.131,812.5
US1934,A5,30,1.0,1,39.32,81.96,60/40,GK4,50,fresh,0.0,56.52,133.41,0.79,11.97,1.309,622.0
US1934,A5,30,1.0,1,39.32,81.96,60/40,VPW3,50,fresh,0.0,98.94,294.56,0.1,1.08,2.558,0.3
US1934,A5,30,1.0,1,39.32,81.96,80/19,FIX4,50,fresh,0.29,48.95,49.22,0.29,0.29,0.133,1415.8
US1934,A5,30,1.0,1,39.32,81.96,80/19,GK4,50,fresh,0.0,64.91,184.05,1.1,13.04,1.352,1071.4
US1934,A5,30,1.0,1,39.32,81.96,80/19,VPW3,50,fresh,0.0,117.59,415.08,0.14,1.04,2.697,0.6
US1934,A1,30,1.0,4,37.07,71.32,60/40,FIX4,50,fresh,0.53,48.94,49.22,0.49,0.49,0.114,667.4
US1934,A1,30,1.0,4,37.07,71.32,60/40,GK4,50,fresh,0.0,54.1,127.47,1.0,12.93,1.283,494.0
US1934,A1,30,1.0,4,37.07,71.32,60/40,VPW3,50,fresh,0.0,90.68,254.61,0.17,1.38,2.355,0.3
US1934,A1,30,1.0,4,37.07,71.32,80/19,FIX4,50,fresh,0.36,48.95,49.22,0.34,0.34,0.118,1176.8
US1934,A1,30,1.0,4,37.07,71.32,80/19,GK4,50,fresh,0.0,62.54,175.96,1.24,13.96,1.329,859.0
US1934,A1,30,1.0,4,37.07,71.32,80/19,VPW3,50,fresh,0.0,106.97,358.67,0.22,1.29,2.476,0.5
US1934,A2,30,1.0,4,39.04,87.86,60/40,FIX4,50,fresh,0.43,48.95,49.22,0.42,0.42,0.118,877.9
US1934,A2,30,1.0,4,39.04,87.86,60/40,GK4,50,fresh,0.0,56.93,135.26,0.81,11.54,1.313,681.4
US1934,A2,30,1.0,4,39.04,87.86,60/40,VPW3,50,fresh,0.0,100.13,313.18,0.14,1.02,2.585,0.3
US1934,A2,30,1.0,4,39.04,87.86,80/19,FIX4,50,fresh,0.36,48.95,49.22,0.35,0.36,0.12,1538.9
US1934,A2,30,1.0,4,39.04,87.86,80/19,GK4,50,fresh,0.0,65.13,186.93,1.08,12.84,1.358,1183.6
US1934,A2,30,1.0,4,39.04,87.86,80/19,VPW3,50,fresh,0.0,119.4,441.36,0.22,1.06,2.724,0.6
US1934,A3,30,1.0,4,39.55,106.36,60/40,FIX4,50,fresh,0.51,48.94,49.22,0.5,0.5,0.107,1116.4
US1934,A3,30,1.0,4,39.55,106.36,60/40,GK4,50,fresh,0.0,58.69,141.78,0.78,10.93,1.324,895.6
US1934,A3,30,1.0,4,39.55,106.36,60/40,VPW3,50,fresh,0.0,106.17,379.07,0.16,1.08,2.674,0.4
US1934,A3,30,1.0,4,39.55,106.36,80/19,FIX4,50,fresh,0.41,48.95,49.22,0.4,0.4,0.113,1942.9
US1934,A3,30,1.0,4,39.55,106.36,80/19,GK4,50,fresh,0.0,67.08,194.57,0.98,12.39,1.369,1538.7
US1934,A3,30,1.0,4,39.55,106.36,80/19,VPW3,50,fresh,0.0,128.49,532.19,0.2,1.02,2.819,0.7
US1934,A4,30,1.0,4,39.8,97.58,60/40,FIX4,50,fresh,0.41,48.95,49.22,0.37,0.38,0.121,1017.1
US1934,A4,30,1.0,4,39.8,97.58,60/40,GK4,50,fresh,0.0,58.07,139.32,0.76,11.12,1.326,800.5
US1934,A4,30,1.0,4,39.8,97.58,60/40,VPW3,50,fresh,0.0,103.5,348.65,0.12,0.94,2.694,0.4
US1934,A4,30,1.0,4,39.8,97.58,80/19,FIX4,50,fresh,0.33,48.95,49.22,0.31,0.31,0.124,1741.9
US1934,A4,30,1.0,4,39.8,97.58,80/19,GK4,50,fresh,0.0,66.99,192.03,0.97,12.42,1.37,1371.3
US1934,A4,30,1.0,4,39.8,97.58,80/19,VPW3,50,fresh,0.0,126.01,493.48,0.15,0.96,2.842,0.7
US1934,A5,30,1.0,4,39.1,81.68,60/40,FIX4,50,fresh,0.39,48.95,49.22,0.37,0.38,0.128,808.2
US1934,A5,30,1.0,4,39.1,81.68,60/40,GK4,50,fresh,0.0,56.48,133.34,0.8,12.04,1.308,619.6
US1934,A5,30,1.0,4,39.1,81.68,60/40,VPW3,50,fresh,0.0,98.28,293.88,0.11,1.1,2.544,0.3
US1934,A5,30,1.0,4,39.1,81.68,80/19,FIX4,50,fresh,0.32,48.95,49.22,0.31,0.31,0.13,1411.8
US1934,A5,30,1.0,4,39.1,81.68,80/19,GK4,50,fresh,0.0,64.82,183.93,1.11,13.06,1.351,1065.2
US1934,A5,30,1.0,4,39.1,81.68,80/19,VPW3,50,fresh,0.0,116.81,414.31,0.16,1.06,2.683,0.6
US1934,A1,40,0.5,1,29.69,65.67,60/40,FIX4,50,fresh,1.52,48.93,49.22,1.43,1.44,0.077,596.6
US1934,A1,40,0.5,1,29.69,65.67,60/40,GK4,50,fresh,0.0,50.35,122.68,1.6,14.36,1.172,434.3
US1934,A1,40,0.5,1,29.69,65.67,60/40,VPW3,50,fresh,0.0,76.34,236.04,0.44,3.1,1.945,0.2
US1934,A1,40,0.5,1,29.69,65.67,80/19,FIX4,50,fresh,1.06,48.94,49.22,1.02,1.02,0.083,1061.5
US1934,A1,40,0.5,1,29.69,65.67,80/19,GK4,50,fresh,0.01,57.93,169.81,1.72,15.33,0.341,743.7
US1934,A1,40,0.5,1,29.69,65.67,80/19,VPW3,50,fresh,0.0,91.85,330.8,0.45,2.95,1.997,0.5
US1934,A2,40,0.5,1,33.35,88.42,60/40,FIX4,50,fresh,0.99,48.94,49.22,0.94,0.96,0.086,893.5
US1934,A2,40,0.5,1,33.35,88.42,60/40,GK4,50,fresh,0.01,54.06,134.44,1.07,12.43,0.389,692.4
US1934,A2,40,0.5,1,33.35,88.42,60/40,VPW3,50,fresh,0.0,89.34,317.5,0.27,2.03,2.213,0.3
US1934,A2,40,0.5,1,33.35,88.42,80/19,FIX4,50,fresh,0.71,48.94,49.22,0.67,0.67,0.094,1551.6
US1934,A2,40,0.5,1,33.35,88.42,80/19,GK4,50,fresh,0.02,62.72,185.59,1.15,13.48,0.314,1179.2
US1934,A2,40,0.5,1,33.35,88.42,80/19,VPW3,50,fresh,0.0,109.27,445.56,0.31,1.95,2.246,0.6
US1934,A3,40,0.5,1,35.01,115.81,60/40,FIX4,50,fresh,0.94,48.94,49.22,0.92,0.93,0.085,1256.3
US1934,A3,40,0.5,1,35.01,115.81,60/40,GK4,50,fresh,0.03,56.6,142.37,0.93,11.35,0.302,1031.9
US1934,A3,40,0.5,1,35.01,115.81,60/40,VPW3,50,fresh,0.0,98.23,418.64,0.3,1.89,2.31,0.4
US1934,A3,40,0.5,1,35.01,115.81,80/19,FIX4,50,fresh,0.69,48.94,49.22,0.68,0.68,0.093,2140.4
US1934,A3,40,0.5,1,35.01,115.81,80/19,GK4,50,fresh,0.02,65.55,196.2,1.05,12.4,0.291,1740.5
US1934,A3,40,0.5,1,35.01,115.81,80/19,VPW3,50,fresh,0.0,121.87,585.9,0.31,1.66,2.32,0.8
US1934,A4,40,0.5,1,34.93,106.43,60/40,FIX4,50,fresh,0.81,48.94,49.22,0.78,0.78,0.092,1130.5
US1934,A4,40,0.5,1,34.93,106.43,60/40,GK4,50,fresh,0.01,56.4,140.35,0.92,11.54,0.678,914.8
US1934,A4,40,0.5,1,34.93,106.43,60/40,VPW3,50,fresh,0.0,95.65,383.24,0.25,1.83,2.345,0.4
US1934,A4,40,0.5,1,34.93,106.43,80/19,FIX4,50,fresh,0.52,48.94,49.22,0.49,0.49,0.1,1942.8
US1934,A4,40,0.5,1,34.93,106.43,80/19,GK4,50,fresh,0.02,65.28,192.88,1.0,12.53,0.308,1548.2
US1934,A4,40,0.5,1,34.93,106.43,80/19,VPW3,50,fresh,0.0,117.2,537.36,0.28,1.63,2.358,0.7
US1934,A5,40,0.5,1,33.41,87.58,60/40,FIX4,50,fresh,0.95,48.94,49.22,0.86,0.86,0.089,889.5
US1934,A5,40,0.5,1,33.41,87.58,60/40,GK4,50,fresh,0.0,53.81,134.5,1.04,12.34,1.217,690.6
US1934,A5,40,0.5,1,33.41,87.58,60/40,VPW3,50,fresh,0.0,88.57,317.43,0.23,2.1,2.224,0.3
US1934,A5,40,0.5,1,33.41,87.58,80/19,FIX4,50,fresh,0.68,48.94,49.22,0.66,0.66,0.095,1550.7
US1934,A5,40,0.5,1,33.41,87.58,80/19,GK4,50,fresh,0.02,62.37,185.95,1.23,13.37,0.333,1184.8
US1934,A5,40,0.5,1,33.41,87.58,80/19,VPW3,50,fresh,0.0,106.22,445.12,0.29,1.87,2.259,0.6
US1934,A1,40,0.5,4,29.54,65.46,60/40,FIX4,50,fresh,1.54,48.93,49.22,1.45,1.47,0.076,594.1
US1934,A1,40,0.5,4,29.54,65.46,60/40,GK4,50,fresh,0.01,50.14,122.32,1.6,14.46,0.324,432.1
US1934,A1,40,0.5,4,29.54,65.46,60/40,VPW3,50,fresh,0.0,76.24,234.79,0.47,3.2,1.921,0.2
US1934,A1,40,0.5,4,29.54,65.46,80/19,FIX4,50,fresh,1.08,48.94,49.22,1.03,1.03,0.082,1058.4
US1934,A1,40,0.5,4,29.54,65.46,80/19,GK4,50,fresh,0.01,57.84,169.46,1.73,15.38,0.314,738.0
US1934,A1,40,0.5,4,29.54,65.46,80/19,VPW3,50,fresh,0.0,91.03,329.42,0.47,3.01,1.959,0.5
US1934,A2,40,0.5,4,33.11,87.99,60/40,FIX4,50,fresh,1.02,48.94,49.22,0.97,0.99,0.085,888.6
US1934,A2,40,0.5,4,33.11,87.99,60/40,GK4,50,fresh,0.01,53.94,134.17,1.08,12.48,0.314,689.7
US1934,A2,40,0.5,4,33.11,87.99,60/40,VPW3,50,fresh,0.0,88.94,316.45,0.28,2.09,2.165,0.3
US1934,A2,40,0.5,4,33.11,87.99,80/19,FIX4,50,fresh,0.73,48.94,49.22,0.69,0.69,0.093,1546.5
US1934,A2,40,0.5,4,33.11,87.99,80/19,GK4,50,fresh,0.02,62.6,185.49,1.17,13.55,0.299,1173.7
US1934,A2,40,0.5,4,33.11,87.99,80/19,VPW3,50,fresh,0.0,108.46,443.57,0.34,2.02,2.17,0.6
US1934,A3,40,0.5,4,34.74,115.32,60/40,FIX4,50,fresh,0.96,48.94,49.22,0.93,0.94,0.084,1252.6
US1934,A3,40,0.5,4,34.74,115.32,60/40,GK4,50,fresh,0.03,56.5,142.28,0.95,11.39,0.282,1027.8
US1934,A3,40,0.5,4,34.74,115.32,60/40,VPW3,50,fresh,0.0,97.73,416.65,0.32,1.93,2.221,0.4
US1934,A3,40,0.5,4,34.74,115.32,80/19,FIX4,50,fresh,0.7,48.94,49.22,0.68,0.69,0.091,2131.1
US1934,A3,40,0.5,4,34.74,115.32,80/19,GK4,50,fresh,0.02,65.39,195.95,1.05,12.43,0.284,1731.8
US1934,A3,40,0.5,4,34.74,115.32,80/19,VPW3,50,fresh,0.0,121.5,583.35,0.31,1.74,2.181,0.7
US1934,A4,40,0.5,4,34.68,106.04,60/40,FIX4,50,fresh,0.85,48.94,49.22,0.81,0.81,0.09,1126.2
US1934,A4,40,0.5,4,34.68,106.04,60/40,GK4,50,fresh,0.02,56.07,140.12,0.95,11.63,0.305,910.4
US1934,A4,40,0.5,4,34.68,106.04,60/40,VPW3,50,fresh,0.0,95.32,381.57,0.27,1.87,2.284,0.4
US1934,A4,40,0.5,4,34.68,106.04,80/19,FIX4,50,fresh,0.54,48.94,49.22,0.51,0.51,0.098,1931.9
US1934,A4,40,0.5,4,34.68,106.04,80/19,GK4,50,fresh,0.02,64.95,192.7,1.0,12.56,0.291,1538.9
US1934,A4,40,0.5,4,34.68,106.04,80/19,VPW3,50,fresh,0.0,116.86,535.32,0.29,1.69,2.261,0.7
US1934,A5,40,0.5,4,33.22,87.11,60/40,FIX4,50,fresh,0.98,48.94,49.22,0.9,0.9,0.087,885.7
US1934,A5,40,0.5,4,33.22,87.11,60/40,GK4,50,fresh,0.01,53.71,134.36,1.05,12.39,0.318,686.5
US1934,A5,40,0.5,4,33.22,87.11,60/40,VPW3,50,fresh,0.0,87.68,315.93,0.26,2.14,2.185,0.3
US1934,A5,40,0.5,4,33.22,87.11,80/19,FIX4,50,fresh,0.71,48.94,49.22,0.7,0.7,0.094,1544.9
US1934,A5,40,0.5,4,33.22,87.11,80/19,GK4,50,fresh,0.02,62.15,185.56,1.25,13.41,0.308,1181.5
US1934,A5,40,0.5,4,33.22,87.11,80/19,VPW3,50,fresh,0.0,105.68,443.3,0.3,1.89,2.199,0.6
US1934,A1,40,1.0,1,60.04,132.27,60/40,FIX4,50,fresh,0.04,48.95,49.22,0.04,0.04,0.298,1461.3
US1934,A1,40,1.0,1,60.04,132.27,60/40,GK4,50,fresh,0.0,65.0,151.31,0.29,9.24,1.39,1233.3
US1934,A1,40,1.0,1,60.04,132.27,60/40,VPW3,50,fresh,0.0,154.22,475.33,0.05,0.14,3.934,0.5
US1934,A1,40,1.0,1,60.04,132.27,80/19,FIX4,50,fresh,0.04,48.95,49.22,0.03,0.03,0.247,2522.5
US1934,A1,40,1.0,1,60.04,132.27,80/19,GK4,50,fresh,0.0,73.68,207.95,0.54,10.64,1.425,2097.7
US1934,A1,40,1.0,1,60.04,132.27,80/19,VPW3,50,fresh,0.0,184.92,666.89,0.04,0.19,4.043,0.9
US1934,A2,40,1.0,1,67.39,178.22,60/40,FIX4,50,fresh,0.03,48.95,49.22,0.02,0.02,0.327,2061.5
US1934,A2,40,1.0,1,67.39,178.22,60/40,GK4,50,fresh,0.0,67.85,158.52,0.23,8.41,1.412,1808.0
US1934,A2,40,1.0,1,67.39,178.22,60/40,VPW3,50,fresh,0.0,180.43,638.76,0.03,0.12,4.477,0.7
US1934,A2,40,1.0,1,67.39,178.22,80/19,FIX4,50,fresh,0.05,48.95,49.22,0.04,0.04,0.244,3520.9
US1934,A2,40,1.0,1,67.39,178.22,80/19,GK4,50,fresh,0.0,77.18,217.17,0.48,9.96,1.446,3066.2
US1934,A2,40,1.0,1,67.39,178.22,80/19,VPW3,50,fresh,0.0,220.19,898.49,0.03,0.13,4.55,1.2
US1934,A3,40,1.0,1,70.81,233.21,60/40,FIX4,50,fresh,0.03,48.95,49.22,0.03,0.03,0.269,2805.5
US1934,A3,40,1.0,1,70.81,233.21,60/40,GK4,50,fresh,0.0,69.29,162.84,0.21,8.03,1.424,2531.9
US1934,A3,40,1.0,1,70.81,233.21,60/40,VPW3,50,fresh,0.0,198.42,845.38,0.02,0.12,4.677,0.8
US1934,A3,40,1.0,1,70.81,233.21,80/19,FIX4,50,fresh,0.06,48.95,49.22,0.06,0.06,0.233,4723.4
US1934,A3,40,1.0,1,70.81,233.21,80/19,GK4,50,fresh,0.0,79.09,223.19,0.43,9.54,1.455,4255.9
US1934,A3,40,1.0,1,70.81,233.21,80/19,VPW3,50,fresh,0.0,245.26,1182.89,0.03,0.11,4.705,1.5
US1934,A4,40,1.0,1,70.55,214.3,60/40,FIX4,50,fresh,0.04,48.95,49.22,0.04,0.04,0.285,2546.6
US1934,A4,40,1.0,1,70.55,214.3,60/40,GK4,50,fresh,0.0,69.03,161.5,0.19,8.16,1.422,2274.1
US1934,A4,40,1.0,1,70.55,214.3,60/40,VPW3,50,fresh,0.0,192.91,772.15,0.03,0.1,4.744,0.8
US1934,A4,40,1.0,1,70.55,214.3,80/19,FIX4,50,fresh,0.04,48.95,49.22,0.04,0.04,0.235,4317.5
US1934,A4,40,1.0,1,70.55,214.3,80/19,GK4,50,fresh,0.0,78.46,221.45,0.43,9.62,1.455,3847.9
US1934,A4,40,1.0,1,70.55,214.3,80/19,VPW3,50,fresh,0.0,236.39,1082.7,0.03,0.1,4.776,1.4
US1934,A5,40,1.0,1,67.27,176.69,60/40,FIX4,50,fresh,0.04,48.95,49.22,0.03,0.03,0.298,2053.9
US1934,A5,40,1.0,1,67.27,176.69,60/40,GK4,50,fresh,0.0,67.73,158.4,0.21,8.54,1.412,1795.3
US1934,A5,40,1.0,1,67.27,176.69,60/40,VPW3,50,fresh,0.0,178.77,638.14,0.04,0.13,4.497,0.6
US1934,A5,40,1.0,1,67.27,176.69,80/19,FIX4,50,fresh,0.04,48.95,49.22,0.03,0.03,0.248,3501.7
US1934,A5,40,1.0,1,67.27,176.69,80/19,GK4,50,fresh,0.0,77.04,217.42,0.48,10.07,1.446,3055.0
US1934,A5,40,1.0,1,67.27,176.69,80/19,VPW3,50,fresh,0.0,215.04,897.16,0.04,0.12,4.573,1.2
US1934,A1,40,1.0,4,59.77,131.99,60/40,FIX4,50,fresh,0.04,48.95,49.22,0.04,0.04,0.279,1458.2
US1934,A1,40,1.0,4,59.77,131.99,60/40,GK4,50,fresh,0.0,64.86,151.16,0.29,9.26,1.389,1228.4
US1934,A1,40,1.0,4,59.77,131.99,60/40,VPW3,50,fresh,0.0,153.77,474.3,0.05,0.14,3.902,0.5
US1934,A1,40,1.0,4,59.77,131.99,80/19,FIX4,50,fresh,0.04,48.95,49.22,0.03,0.03,0.243,2513.8
US1934,A1,40,1.0,4,59.77,131.99,80/19,GK4,50,fresh,0.0,73.63,207.91,0.54,10.66,1.424,2094.5
US1934,A1,40,1.0,4,59.77,131.99,80/19,VPW3,50,fresh,0.0,184.15,665.32,0.04,0.19,3.993,0.9
US1934,A2,40,1.0,4,66.9,177.56,60/40,FIX4,50,fresh,0.03,48.95,49.22,0.02,0.02,0.298,2053.2
US1934,A2,40,1.0,4,66.9,177.56,60/40,GK4,50,fresh,0.0,67.81,158.47,0.23,8.41,1.41,1806.8
US1934,A2,40,1.0,4,66.9,177.56,60/40,VPW3,50,fresh,0.0,179.84,637.39,0.03,0.12,4.416,0.6
US1934,A2,40,1.0,4,66.9,177.56,80/19,FIX4,50,fresh,0.05,48.95,49.22,0.04,0.04,0.24,3501.9
US1934,A2,40,1.0,4,66.9,177.56,80/19,GK4,50,fresh,0.0,77.18,217.14,0.48,9.98,1.442,3057.9
US1934,A2,40,1.0,4,66.9,177.56,80/19,VPW3,50,fresh,0.0,219.33,895.9,0.03,0.13,4.454,1.2
US1934,A3,40,1.0,4,70.49,232.78,60/40,FIX4,50,fresh,0.03,48.95,49.22,0.03,0.03,0.261,2798.0
US1934,A3,40,1.0,4,70.49,232.78,60/40,GK4,50,fresh,0.0,69.21,162.74,0.21,8.05,1.42,2522.4
US1934,A3,40,1.0,4,70.49,232.78,60/40,VPW3,50,fresh,0.0,196.94,841.36,0.03,0.12,4.567,0.8
US1934,A3,40,1.0,4,70.49,232.78,80/19,FIX4,50,fresh,0.06,48.95,49.22,0.06,0.06,0.227,4708.7
US1934,A3,40,1.0,4,70.49,232.78,80/19,GK4,50,fresh,0.0,79.03,223.19,0.43,9.55,1.442,4236.3
US1934,A3,40,1.0,4,70.49,232.78,80/19,VPW3,50,fresh,0.0,244.84,1179.69,0.03,0.11,4.532,1.5
US1934,A4,40,1.0,4,70.26,213.94,60/40,FIX4,50,fresh,0.04,48.95,49.22,0.04,0.04,0.271,2538.0
US1934,A4,40,1.0,4,70.26,213.94,60/40,GK4,50,fresh,0.0,69.01,161.44,0.19,8.18,1.42,2268.3
US1934,A4,40,1.0,4,70.26,213.94,60/40,VPW3,50,fresh,0.0,192.48,769.85,0.03,0.1,4.666,0.8
US1934,A4,40,1.0,4,70.26,213.94,80/19,FIX4,50,fresh,0.04,48.95,49.22,0.04,0.04,0.231,4297.7
US1934,A4,40,1.0,4,70.26,213.94,80/19,GK4,50,fresh,0.0,78.35,221.43,0.43,9.62,1.451,3835.3
US1934,A4,40,1.0,4,70.26,213.94,80/19,VPW3,50,fresh,0.0,235.87,1078.81,0.03,0.1,4.654,1.4
US1934,A5,40,1.0,4,66.96,176.16,60/40,FIX4,50,fresh,0.04,48.95,49.22,0.03,0.03,0.28,2051.9
US1934,A5,40,1.0,4,66.96,176.16,60/40,GK4,50,fresh,0.0,67.73,158.13,0.21,8.55,1.411,1788.3
US1934,A5,40,1.0,4,66.96,176.16,60/40,VPW3,50,fresh,0.0,177.57,636.96,0.04,0.13,4.447,0.6
US1934,A5,40,1.0,4,66.96,176.16,80/19,FIX4,50,fresh,0.04,48.95,49.22,0.03,0.03,0.242,3491.8
US1934,A5,40,1.0,4,66.96,176.16,80/19,GK4,50,fresh,0.0,76.96,217.29,0.48,10.07,1.445,3045.6
US1934,A5,40,1.0,4,66.96,176.16,80/19,VPW3,50,fresh,0.0,213.48,894.3,0.04,0.12,4.496,1.2
TW1983,A1,20,0.5,1,13.86,21.97,60/40,FIX4,30,fresh,5.43,27.8,29.78,4.8,4.95,0.052,88.4
TW1983,A1,20,0.5,1,13.86,21.97,60/40,GK4,30,fresh,0.63,24.55,43.72,0.95,11.08,0.143,59.9
TW1983,A1,20,0.5,1,13.86,21.97,60/40,VPW3,30,fresh,0.0,33.24,71.24,0.31,10.49,1.388,0.1
TW1983,A1,20,0.5,1,13.86,21.97,80/19,FIX4,30,fresh,4.92,29.02,29.78,4.44,4.55,0.052,128.4
TW1983,A1,20,0.5,1,13.86,21.97,80/19,GK4,30,fresh,0.65,24.9,51.38,1.51,12.78,0.135,82.2
TW1983,A1,20,0.5,1,13.86,21.97,80/19,VPW3,30,fresh,0.0,34.9,85.51,0.54,11.52,1.392,0.2
TW1983,A2,20,0.5,1,13.68,25.04,60/40,FIX4,30,fresh,4.92,29.19,29.78,4.51,4.6,0.052,114.7
TW1983,A2,20,0.5,1,13.68,25.04,60/40,GK4,30,fresh,1.06,24.93,46.52,1.34,9.42,0.114,80.2
TW1983,A2,20,0.5,1,13.68,25.04,60/40,VPW3,30,fresh,0.0,34.55,80.28,0.57,9.38,1.45,0.2
TW1983,A2,20,0.5,1,13.68,25.04,80/19,FIX4,30,fresh,4.5,29.56,29.78,4.11,4.18,0.053,162.1
TW1983,A2,20,0.5,1,13.68,25.04,80/19,GK4,30,fresh,1.05,25.69,54.51,1.58,11.23,0.108,107.4
TW1983,A2,20,0.5,1,13.68,25.04,80/19,VPW3,30,fresh,0.0,36.55,96.33,0.66,10.21,1.452,0.2
TW1983,A3,20,0.5,1,13.05,28.15,60/40,FIX4,30,fresh,5.62,26.64,29.78,5.2,5.31,0.047,141.3
TW1983,A3,20,0.5,1,13.05,28.15,60/40,GK4,30,fresh,1.87,24.5,48.89,2.15,9.09,0.084,100.9
TW1983,A3,20,0.5,1,13.05,28.15,60/40,VPW3,30,fresh,0.0,34.34,90.08,1.21,9.67,1.43,0.2
TW1983,A3,20,0.5,1,13.05,28.15,80/19,FIX4,30,fresh,4.94,29.24,29.78,4.55,4.65,0.049,196.4
TW1983,A3,20,0.5,1,13.05,28.15,80/19,GK4,30,fresh,1.66,25.34,57.19,2.1,10.79,0.084,136.0
TW1983,A3,20,0.5,1,13.05,28.15,80/19,VPW3,30,fresh,0.0,36.99,107.98,1.27,10.22,1.428,0.3
TW1983,A4,20,0.5,1,13.69,26.07,60/40,FIX4,30,fresh,4.73,29.53,29.78,4.31,4.46,0.052,123.4
TW1983,A4,20,0.5,1,13.69,26.07,60/40,GK4,30,fresh,1.02,25.26,47.54,1.33,9.02,0.116,86.5
TW1983,A4,20,0.5,1,13.69,26.07,60/40,VPW3,30,fresh,0.0,35.04,83.54,0.56,9.07,1.471,0.2
TW1983,A4,20,0.5,1,13.69,26.07,80/19,FIX4,30,fresh,4.28,29.58,29.78,3.91,4.02,0.053,173.5
TW1983,A4,20,0.5,1,13.69,26.07,80/19,GK4,30,fresh,1.0,25.77,55.47,1.58,10.95,0.11,116.4
TW1983,A4,20,0.5,1,13.69,26.07,80/19,VPW3,30,fresh,0.0,37.23,100.32,0.71,9.74,1.473,0.3
TW1983,A5,20,0.5,1,13.97,22.47,60/40,FIX4,30,fresh,5.0,28.76,29.78,4.44,4.52,0.054,93.1
TW1983,A5,20,0.5,1,13.97,22.47,60/40,GK4,30,fresh,0.68,24.73,44.28,0.94,10.57,0.143,63.6
TW1983,A5,20,0.5,1,13.97,22.47,60/40,VPW3,30,fresh,0.0,33.73,73.05,0.24,9.82,1.41,0.2
TW1983,A5,20,0.5,1,13.97,22.47,80/19,FIX4,30,fresh,4.7,29.53,29.78,4.28,4.4,0.053,135.0
TW1983,A5,20,0.5,1,13.97,22.47,80/19,GK4,30,fresh,0.66,25.03,52.1,1.45,12.47,0.137,86.3
TW1983,A5,20,0.5,1,13.97,22.47,80/19,VPW3,30,fresh,0.0,35.41,87.55,0.55,10.86,1.413,0.2
TW1983,A1,20,0.5,4,13.68,21.91,60/40,FIX4,30,fresh,5.79,26.93,29.78,5.14,5.28,0.051,87.2
TW1983,A1,20,0.5,4,13.68,21.91,60/40,GK4,30,fresh,0.71,24.27,43.57,1.12,11.36,0.136,59.2
TW1983,A1,20,0.5,4,13.68,21.91,60/40,VPW3,30,fresh,0.0,33.04,70.83,0.38,10.98,1.376,0.1
TW1983,A1,20,0.5,4,13.68,21.91,80/19,FIX4,30,fresh,5.24,28.1,29.78,4.77,4.88,0.051,126.6
TW1983,A1,20,0.5,4,13.68,21.91,80/19,GK4,30,fresh,0.73,24.67,51.23,1.64,13.02,0.13,80.8
TW1983,A1,20,0.5,4,13.68,21.91,80/19,VPW3,30,fresh,0.0,34.71,85.12,0.62,12.03,1.38,0.2
TW1983,A2,20,0.5,4,13.53,24.93,60/40,FIX4,30,fresh,5.27,27.94,29.78,4.78,4.9,0.05,113.4
TW1983,A2,20,0.5,4,13.53,24.93,60/40,GK4,30,fresh,1.18,24.72,46.37,1.53,9.74,0.109,79.3
TW1983,A2,20,0.5,4,13.53,24.93,60/40,VPW3,30,fresh,0.0,34.27,79.87,0.68,9.79,1.434,0.2
TW1983,A2,20,0.5,4,13.53,24.93,80/19,FIX4,30,fresh,4.74,29.54,29.78,4.33,4.42,0.051,159.7
TW1983,A2,20,0.5,4,13.53,24.93,80/19,GK4,30,fresh,1.15,25.4,54.33,1.72,11.54,0.103,105.4
TW1983,A2,20,0.5,4,13.53,24.93,80/19,VPW3,30,fresh,0.0,36.09,95.78,0.77,10.61,1.438,0.2
TW1983,A3,20,0.5,4,12.9,27.99,60/40,FIX4,30,fresh,5.89,25.75,29.78,5.47,5.59,0.046,140.1
TW1983,A3,20,0.5,4,12.9,27.99,60/40,GK4,30,fresh,2.09,24.25,48.78,2.4,9.39,0.081,100.0
TW1983,A3,20,0.5,4,12.9,27.99,60/40,VPW3,30,fresh,0.0,33.83,89.74,1.38,10.07,1.413,0.2
TW1983,A3,20,0.5,4,12.9,27.99,80/19,FIX4,30,fresh,5.19,27.84,29.78,4.77,4.88,0.048,193.7
TW1983,A3,20,0.5,4,12.9,27.99,80/19,GK4,30,fresh,1.81,25.11,56.99,2.32,11.04,0.081,134.3
TW1983,A3,20,0.5,4,12.9,27.99,80/19,VPW3,30,fresh,0.0,36.62,107.29,1.48,10.61,1.413,0.3
TW1983,A4,20,0.5,4,13.45,25.98,60/40,FIX4,30,fresh,5.12,28.28,29.78,4.69,4.83,0.051,122.1
TW1983,A4,20,0.5,4,13.45,25.98,60/40,GK4,30,fresh,1.21,25.1,47.38,1.51,9.4,0.109,85.8
TW1983,A4,20,0.5,4,13.45,25.98,60/40,VPW3,30,fresh,0.0,34.54,83.09,0.67,9.48,1.454,0.2
TW1983,A4,20,0.5,4,13.45,25.98,80/19,FIX4,30,fresh,4.63,29.55,29.78,4.21,4.34,0.052,171.8
TW1983,A4,20,0.5,4,13.45,25.98,80/19,GK4,30,fresh,1.09,25.48,55.32,1.74,11.21,0.106,114.6
TW1983,A4,20,0.5,4,13.45,25.98,80/19,VPW3,30,fresh,0.0,36.81,99.88,0.86,10.16,1.457,0.3
TW1983,A5,20,0.5,4,13.81,22.41,60/40,FIX4,30,fresh,5.37,27.91,29.78,4.81,4.89,0.052,92.2
TW1983,A5,20,0.5,4,13.81,22.41,60/40,GK4,30,fresh,0.81,24.54,44.12,1.07,10.89,0.134,63.0
TW1983,A5,20,0.5,4,13.81,22.41,60/40,VPW3,30,fresh,0.0,33.28,72.59,0.31,10.39,1.396,0.2
TW1983,A5,20,0.5,4,13.81,22.41,80/19,FIX4,30,fresh,4.96,29.06,29.78,4.54,4.66,0.052,133.4
TW1983,A5,20,0.5,4,13.81,22.41,80/19,GK4,30,fresh,0.77,24.79,51.88,1.58,12.77,0.129,85.4
TW1983,A5,20,0.5,4,13.81,22.41,80/19,VPW3,30,fresh,0.0,35.07,87.12,0.62,11.35,1.4,0.2
TW1983,A1,20,1.0,1,28.22,44.29,60/40,FIX4,30,fresh,0.0,29.65,29.78,0.0,0.0,0.993,294.5
TW1983,A1,20,1.0,1,28.22,44.29,60/40,GK4,30,fresh,0.0,35.1,59.72,0.0,1.29,1.346,232.1
TW1983,A1,20,1.0,1,28.22,44.29,60/40,VPW3,30,fresh,0.0,67.39,143.38,0.0,0.02,2.806,0.3
TW1983,A1,20,1.0,1,28.22,44.29,80/19,FIX4,30,fresh,0.03,29.65,29.78,0.03,0.03,0.381,398.9
TW1983,A1,20,1.0,1,28.22,44.29,80/19,GK4,30,fresh,0.0,35.65,69.74,0.01,3.47,1.365,312.0
TW1983,A1,20,1.0,1,28.22,44.29,80/19,VPW3,30,fresh,0.0,70.38,172.45,0.0,0.16,2.813,0.4
TW1983,A2,20,1.0,1,27.68,50.51,60/40,FIX4,30,fresh,0.04,29.65,29.78,0.04,0.04,0.264,345.5
TW1983,A2,20,1.0,1,27.68,50.51,60/40,GK4,30,fresh,0.0,35.87,61.53,0.01,1.15,1.358,280.1
TW1983,A2,20,1.0,1,27.68,50.51,60/40,VPW3,30,fresh,0.0,69.89,161.74,0.0,0.12,2.929,0.3
TW1983,A2,20,1.0,1,27.68,50.51,80/19,FIX4,30,fresh,0.08,29.65,29.78,0.07,0.08,0.214,464.6
TW1983,A2,20,1.0,1,27.68,50.51,80/19,GK4,30,fresh,0.0,36.47,71.59,0.02,3.03,1.377,374.0
TW1983,A2,20,1.0,1,27.68,50.51,80/19,VPW3,30,fresh,0.0,74.06,193.96,0.0,0.19,2.933,0.5
TW1983,A3,20,1.0,1,26.35,56.83,60/40,FIX4,30,fresh,0.14,29.65,29.78,0.13,0.14,0.164,399.3
TW1983,A3,20,1.0,1,26.35,56.83,60/40,GK4,30,fresh,0.01,35.94,62.88,0.04,1.2,0.566,330.1
TW1983,A3,20,1.0,1,26.35,56.83,60/40,VPW3,30,fresh,0.0,69.16,181.75,0.02,0.21,2.887,0.4
TW1983,A3,20,1.0,1,26.35,56.83,80/19,FIX4,30,fresh,0.17,29.65,29.78,0.16,0.16,0.153,535.5
TW1983,A3,20,1.0,1,26.35,56.83,80/19,GK4,30,fresh,0.03,36.81,73.1,0.1,2.92,0.408,440.3
TW1983,A3,20,1.0,1,26.35,56.83,80/19,VPW3,30,fresh,0.0,74.65,217.59,0.05,0.35,2.884,0.6
TW1983,A4,20,1.0,1,27.73,52.57,60/40,FIX4,30,fresh,0.06,29.65,29.78,0.05,0.05,0.27,363.4
TW1983,A4,20,1.0,1,27.73,52.57,60/40,GK4,30,fresh,0.0,36.01,62.12,0.01,1.14,1.361,298.6
TW1983,A4,20,1.0,1,27.73,52.57,60/40,VPW3,30,fresh,0.0,70.91,168.13,0.0,0.09,2.972,0.3
TW1983,A4,20,1.0,1,27.73,52.57,80/19,FIX4,30,fresh,0.07,29.65,29.78,0.06,0.07,0.223,490.8
TW1983,A4,20,1.0,1,27.73,52.57,80/19,GK4,30,fresh,0.0,36.59,72.18,0.03,2.96,1.381,397.8
TW1983,A4,20,1.0,1,27.73,52.57,80/19,VPW3,30,fresh,0.0,75.21,202.36,0.0,0.22,2.975,0.5
TW1983,A5,20,1.0,1,28.37,45.3,60/40,FIX4,30,fresh,0.0,29.65,29.78,0.0,0.0,0.993,303.2
TW1983,A5,20,1.0,1,28.37,45.3,60/40,GK4,30,fresh,0.0,35.3,60.11,0.0,1.28,1.349,241.8
TW1983,A5,20,1.0,1,28.37,45.3,60/40,VPW3,30,fresh,0.0,68.25,146.9,0.0,0.03,2.849,0.3
TW1983,A5,20,1.0,1,28.37,45.3,80/19,FIX4,30,fresh,0.04,29.65,29.78,0.02,0.02,0.369,411.5
TW1983,A5,20,1.0,1,28.37,45.3,80/19,GK4,30,fresh,0.0,35.78,70.13,0.01,3.38,1.369,324.6
TW1983,A5,20,1.0,1,28.37,45.3,80/19,VPW3,30,fresh,0.0,71.8,176.53,0.0,0.14,2.856,0.5
TW1983,A1,20,1.0,4,27.89,44.21,60/40,FIX4,30,fresh,0.0,29.65,29.78,0.0,0.0,0.993,292.6
TW1983,A1,20,1.0,4,27.89,44.21,60/40,GK4,30,fresh,0.0,35.05,59.63,0.0,1.31,1.345,230.0
TW1983,A1,20,1.0,4,27.89,44.21,60/40,VPW3,30,fresh,0.0,66.92,142.95,0.0,0.02,2.788,0.3
TW1983,A1,20,1.0,4,27.89,44.21,80/19,FIX4,30,fresh,0.03,29.65,29.78,0.03,0.03,0.381,396.8
TW1983,A1,20,1.0,4,27.89,44.21,80/19,GK4,30,fresh,0.0,35.63,69.64,0.01,3.5,1.364,310.0
TW1983,A1,20,1.0,4,27.89,44.21,80/19,VPW3,30,fresh,0.0,70.01,171.71,0.0,0.17,2.796,0.4
TW1983,A2,20,1.0,4,27.51,50.33,60/40,FIX4,30,fresh,0.04,29.65,29.78,0.04,0.04,0.264,343.6
TW1983,A2,20,1.0,4,27.51,50.33,60/40,GK4,30,fresh,0.0,35.74,61.43,0.01,1.16,1.357,278.6
TW1983,A2,20,1.0,4,27.51,50.33,60/40,VPW3,30,fresh,0.0,69.32,161.3,0.0,0.12,2.908,0.3
TW1983,A2,20,1.0,4,27.51,50.33,80/19,FIX4,30,fresh,0.08,29.65,29.78,0.07,0.08,0.214,462.1
TW1983,A2,20,1.0,4,27.51,50.33,80/19,GK4,30,fresh,0.0,36.42,71.52,0.02,3.04,1.376,371.9
TW1983,A2,20,1.0,4,27.51,50.33,80/19,VPW3,30,fresh,0.0,73.67,193.05,0.0,0.2,2.914,0.5
TW1983,A3,20,1.0,4,26.16,56.63,60/40,FIX4,30,fresh,0.15,29.65,29.78,0.14,0.15,0.163,397.4
TW1983,A3,20,1.0,4,26.16,56.63,60/40,GK4,30,fresh,0.01,35.88,62.8,0.04,1.21,0.566,328.9
TW1983,A3,20,1.0,4,26.16,56.63,60/40,VPW3,30,fresh,0.0,68.85,180.93,0.02,0.24,2.864,0.4
TW1983,A3,20,1.0,4,26.16,56.63,80/19,FIX4,30,fresh,0.18,29.65,29.78,0.17,0.17,0.152,533.2
TW1983,A3,20,1.0,4,26.16,56.63,80/19,GK4,30,fresh,0.03,36.76,72.97,0.1,2.94,0.408,436.9
TW1983,A3,20,1.0,4,26.16,56.63,80/19,VPW3,30,fresh,0.0,74.16,216.4,0.05,0.38,2.863,0.5
TW1983,A4,20,1.0,4,27.33,52.44,60/40,FIX4,30,fresh,0.06,29.65,29.78,0.05,0.05,0.27,361.6
TW1983,A4,20,1.0,4,27.33,52.44,60/40,GK4,30,fresh,0.0,35.89,61.99,0.01,1.14,1.36,297.0
TW1983,A4,20,1.0,4,27.33,52.44,60/40,VPW3,30,fresh,0.0,70.2,167.53,0.0,0.11,2.949,0.3
TW1983,A4,20,1.0,4,27.33,52.44,80/19,FIX4,30,fresh,0.07,29.65,29.78,0.06,0.07,0.223,487.6
TW1983,A4,20,1.0,4,27.33,52.44,80/19,GK4,30,fresh,0.0,36.52,72.1,0.04,2.97,1.38,395.9
TW1983,A4,20,1.0,4,27.33,52.44,80/19,VPW3,30,fresh,0.0,74.56,201.75,0.0,0.22,2.953,0.5
TW1983,A5,20,1.0,4,28.05,45.18,60/40,FIX4,30,fresh,0.0,29.65,29.78,0.0,0.0,0.993,301.8
TW1983,A5,20,1.0,4,28.05,45.18,60/40,GK4,30,fresh,0.0,35.19,60.02,0.0,1.29,1.348,240.3
TW1983,A5,20,1.0,4,28.05,45.18,60/40,VPW3,30,fresh,0.0,67.61,146.32,0.0,0.04,2.83,0.3
TW1983,A5,20,1.0,4,28.05,45.18,80/19,FIX4,30,fresh,0.04,29.65,29.78,0.02,0.02,0.369,409.8
TW1983,A5,20,1.0,4,28.05,45.18,80/19,GK4,30,fresh,0.0,35.78,70.05,0.02,3.41,1.368,322.9
TW1983,A5,20,1.0,4,28.05,45.18,80/19,VPW3,30,fresh,0.0,71.22,175.95,0.0,0.14,2.838,0.5
TW1983,A1,30,0.5,1,29.5,53.14,60/40,FIX4,30,fresh,0.02,29.65,29.78,0.02,0.02,0.342,379.4
TW1983,A1,30,0.5,1,29.5,53.14,60/40,GK4,30,fresh,0.0,36.44,62.77,0.01,1.01,1.366,310.3
TW1983,A1,30,0.5,1,29.5,53.14,60/40,VPW3,30,fresh,0.0,73.83,172.3,0.0,0.02,3.1,0.4
TW1983,A1,30,0.5,1,29.5,53.14,80/19,FIX4,30,fresh,0.02,29.65,29.78,0.02,0.02,0.335,513.9
TW1983,A1,30,0.5,1,29.5,53.14,80/19,GK4,30,fresh,0.0,36.99,72.5,0.02,3.05,1.386,418.9
TW1983,A1,30,0.5,1,29.5,53.14,80/19,VPW3,30,fresh,0.0,77.85,207.51,0.0,0.06,3.111,0.5
TW1983,A2,30,0.5,1,30.07,65.32,60/40,FIX4,30,fresh,0.03,29.65,29.78,0.03,0.03,0.274,484.3
TW1983,A2,30,0.5,1,30.07,65.32,60/40,GK4,30,fresh,0.0,37.46,65.13,0.01,0.9,1.343,411.5
TW1983,A2,30,0.5,1,30.07,65.32,60/40,VPW3,30,fresh,0.0,77.88,210.34,0.0,0.06,3.31,0.4
TW1983,A2,30,0.5,1,30.07,65.32,80/19,FIX4,30,fresh,0.04,29.65,29.78,0.03,0.03,0.271,648.2
TW1983,A2,30,0.5,1,30.07,65.32,80/19,GK4,30,fresh,0.01,37.99,75.14,0.02,2.71,0.518,548.1
TW1983,A2,30,0.5,1,30.07,65.32,80/19,VPW3,30,fresh,0.0,84.19,253.23,0.01,0.09,3.322,0.6
TW1983,A3,30,0.5,1,28.78,78.25,60/40,FIX4,30,fresh,0.16,29.65,29.78,0.15,0.15,0.163,604.0
TW1983,A3,30,0.5,1,28.78,78.25,60/40,GK4,30,fresh,0.02,37.55,66.88,0.04,0.95,0.433,524.7
TW1983,A3,30,0.5,1,28.78,78.25,60/40,VPW3,30,fresh,0.0,76.65,253.6,0.03,0.31,3.239,0.5
TW1983,A3,30,0.5,1,28.78,78.25,80/19,FIX4,30,fresh,0.14,29.65,29.78,0.13,0.13,0.163,800.2
TW1983,A3,30,0.5,1,28.78,78.25,80/19,GK4,30,fresh,0.02,38.62,76.93,0.03,2.67,0.351,696.8
TW1983,A3,30,0.5,1,28.78,78.25,80/19,VPW3,30,fresh,0.0,85.46,303.96,0.04,0.32,3.251,0.7
TW1983,A4,30,0.5,1,29.72,72.78,60/40,FIX4,30,fresh,0.07,29.65,29.78,0.05,0.05,0.231,551.2
TW1983,A4,30,0.5,1,29.72,72.78,60/40,GK4,30,fresh,0.0,37.92,66.3,0.02,0.89,1.387,478.7
TW1983,A4,30,0.5,1,29.72,72.78,60/40,VPW3,30,fresh,0.0,78.21,233.66,0.0,0.16,3.332,0.5
TW1983,A4,30,0.5,1,29.72,72.78,80/19,FIX4,30,fresh,0.04,29.65,29.78,0.04,0.04,0.241,738.5
TW1983,A4,30,0.5,1,29.72,72.78,80/19,GK4,30,fresh,0.01,38.35,76.13,0.03,2.61,0.567,629.0
TW1983,A4,30,0.5,1,29.72,72.78,80/19,VPW3,30,fresh,0.0,85.99,281.0,0.01,0.2,3.342,0.7
TW1983,A5,30,0.5,1,29.8,61.65,60/40,FIX4,30,fresh,0.02,29.65,29.78,0.02,0.02,0.335,455.0
TW1983,A5,30,0.5,1,29.8,61.65,60/40,GK4,30,fresh,0.0,37.22,64.47,0.0,0.86,1.379,381.1
TW1983,A5,30,0.5,1,29.8,61.65,60/40,VPW3,30,fresh,0.0,76.61,199.49,0.0,0.03,3.274,0.4
TW1983,A5,30,0.5,1,29.8,61.65,80/19,FIX4,30,fresh,0.03,29.65,29.78,0.03,0.03,0.316,612.7
TW1983,A5,30,0.5,1,29.8,61.65,80/19,GK4,30,fresh,0.0,37.72,74.43,0.02,2.78,1.398,510.1
TW1983,A5,30,0.5,1,29.8,61.65,80/19,VPW3,30,fresh,0.0,82.11,240.37,0.01,0.07,3.287,0.6
TW1983,A1,30,0.5,4,29.2,52.86,60/40,FIX4,30,fresh,0.02,29.65,29.78,0.02,0.02,0.342,376.6
TW1983,A1,30,0.5,4,29.2,52.86,60/40,GK4,30,fresh,0.0,36.33,62.69,0.01,1.01,1.365,307.0
TW1983,A1,30,0.5,4,29.2,52.86,60/40,VPW3,30,fresh,0.0,72.94,171.25,0.0,0.02,3.074,0.3
TW1983,A1,30,0.5,4,29.2,52.86,80/19,FIX4,30,fresh,0.02,29.65,29.78,0.02,0.02,0.335,511.5
TW1983,A1,30,0.5,4,29.2,52.86,80/19,GK4,30,fresh,0.0,36.93,72.42,0.02,3.08,1.385,416.5
TW1983,A1,30,0.5,4,29.2,52.86,80/19,VPW3,30,fresh,0.0,77.01,205.93,0.0,0.08,3.086,0.5
TW1983,A2,30,0.5,4,29.63,65.01,60/40,FIX4,30,fresh,0.07,29.65,29.78,0.06,0.06,0.24,480.5
TW1983,A2,30,0.5,4,29.63,65.01,60/40,GK4,30,fresh,0.0,37.34,65.07,0.01,0.95,1.342,408.8
TW1983,A2,30,0.5,4,29.63,65.01,60/40,VPW3,30,fresh,0.0,77.37,209.37,0.0,0.08,3.274,0.4
TW1983,A2,30,0.5,4,29.63,65.01,80/19,FIX4,30,fresh,0.07,29.65,29.78,0.05,0.05,0.234,644.0
TW1983,A2,30,0.5,4,29.63,65.01,80/19,GK4,30,fresh,0.01,37.86,75.02,0.03,2.76,0.518,545.5
TW1983,A2,30,0.5,4,29.63,65.01,80/19,VPW3,30,fresh,0.0,83.68,251.97,0.01,0.11,3.287,0.6
TW1983,A3,30,0.5,4,28.47,77.8,60/40,FIX4,30,fresh,0.2,29.65,29.78,0.18,0.18,0.149,602.0
TW1983,A3,30,0.5,4,28.47,77.8,60/40,GK4,30,fresh,0.04,37.42,66.79,0.06,1.02,0.386,522.1
TW1983,A3,30,0.5,4,28.47,77.8,60/40,VPW3,30,fresh,0.0,76.2,252.58,0.03,0.35,3.19,0.5
TW1983,A3,30,0.5,4,28.47,77.8,80/19,FIX4,30,fresh,0.16,29.65,29.78,0.15,0.15,0.153,793.3
TW1983,A3,30,0.5,4,28.47,77.8,80/19,GK4,30,fresh,0.02,38.54,76.84,0.05,2.7,0.351,692.1
TW1983,A3,30,0.5,4,28.47,77.8,80/19,VPW3,30,fresh,0.0,84.42,302.76,0.04,0.36,3.201,0.7
TW1983,A4,30,0.5,4,29.17,72.36,60/40,FIX4,30,fresh,0.1,29.65,29.78,0.07,0.08,0.211,547.2
TW1983,A4,30,0.5,4,29.17,72.36,60/40,GK4,30,fresh,0.0,37.8,66.22,0.02,0.93,1.385,475.5
TW1983,A4,30,0.5,4,29.17,72.36,60/40,VPW3,30,fresh,0.0,77.72,232.79,0.0,0.22,3.29,0.5
TW1983,A4,30,0.5,4,29.17,72.36,80/19,FIX4,30,fresh,0.08,29.65,29.78,0.06,0.06,0.217,732.1
TW1983,A4,30,0.5,4,29.17,72.36,80/19,GK4,30,fresh,0.01,38.27,76.06,0.04,2.64,0.567,625.2
TW1983,A4,30,0.5,4,29.17,72.36,80/19,VPW3,30,fresh,0.0,85.17,280.35,0.01,0.23,3.3,0.7
TW1983,A5,30,0.5,4,29.65,61.33,60/40,FIX4,30,fresh,0.05,29.65,29.78,0.04,0.04,0.292,451.6
TW1983,A5,30,0.5,4,29.65,61.33,60/40,GK4,30,fresh,0.0,37.14,64.31,0.0,0.87,1.378,378.9
TW1983,A5,30,0.5,4,29.65,61.33,60/40,VPW3,30,fresh,0.0,75.49,198.48,0.0,0.05,3.241,0.4
TW1983,A5,30,0.5,4,29.65,61.33,80/19,FIX4,30,fresh,0.04,29.65,29.78,0.04,0.04,0.284,607.7
TW1983,A5,30,0.5,4,29.65,61.33,80/19,GK4,30,fresh,0.0,37.63,74.28,0.03,2.81,1.397,506.5
TW1983,A5,30,0.5,4,29.65,61.33,80/19,VPW3,30,fresh,0.0,81.42,238.96,0.01,0.07,3.255,0.6
TW1983,A1,30,1.0,1,59.41,106.98,60/40,FIX4,30,fresh,0.0,29.65,29.78,0.0,0.0,0.993,880.3
TW1983,A1,30,1.0,1,59.41,106.98,60/40,GK4,30,fresh,0.0,42.65,71.32,0.0,0.36,1.437,793.4
TW1983,A1,30,1.0,1,59.41,106.98,60/40,VPW3,30,fresh,0.0,148.57,347.28,0.0,0.0,6.259,0.7
TW1983,A1,30,1.0,1,59.41,106.98,80/19,FIX4,30,fresh,0.0,29.65,29.78,0.0,0.0,0.993,1177.1
TW1983,A1,30,1.0,1,59.41,106.98,80/19,GK4,30,fresh,0.0,42.76,81.93,0.0,1.6,1.455,1066.4
TW1983,A1,30,1.0,1,59.41,106.98,80/19,VPW3,30,fresh,0.0,157.29,417.63,0.0,0.0,6.281,1.1
TW1983,A2,30,1.0,1,60.66,131.39,60/40,FIX4,30,fresh,0.0,29.65,29.78,0.0,0.0,0.993,1091.9
TW1983,A2,30,1.0,1,60.66,131.39,60/40,GK4,30,fresh,0.0,43.23,72.56,0.0,0.37,1.445,1004.9
TW1983,A2,30,1.0,1,60.66,131.39,60/40,VPW3,30,fresh,0.0,157.36,423.47,0.0,0.0,6.682,0.9
TW1983,A2,30,1.0,1,60.66,131.39,80/19,FIX4,30,fresh,0.0,29.65,29.78,0.0,0.0,0.993,1456.9
TW1983,A2,30,1.0,1,60.66,131.39,80/19,GK4,30,fresh,0.0,43.39,82.95,0.0,1.47,1.462,1339.0
TW1983,A2,30,1.0,1,60.66,131.39,80/19,VPW3,30,fresh,0.0,169.98,509.78,0.0,0.0,6.707,1.3
TW1983,A3,30,1.0,1,58.23,157.83,60/40,FIX4,30,fresh,0.0,29.65,29.78,0.0,0.0,0.993,1343.4
TW1983,A3,30,1.0,1,58.23,157.83,60/40,GK4,30,fresh,0.0,43.52,73.53,0.0,0.37,1.449,1246.5
TW1983,A3,30,1.0,1,58.23,157.83,60/40,VPW3,30,fresh,0.0,154.89,511.28,0.0,0.0,6.537,1.0
TW1983,A3,30,1.0,1,58.23,157.83,80/19,FIX4,30,fresh,0.0,29.65,29.78,0.0,0.0,0.993,1764.8
TW1983,A3,30,1.0,1,58.23,157.83,80/19,GK4,30,fresh,0.0,43.82,83.72,0.0,1.36,1.466,1637.6
TW1983,A3,30,1.0,1,58.23,157.83,80/19,VPW3,30,fresh,0.0,172.98,612.63,0.0,0.01,6.56,1.5
TW1983,A4,30,1.0,1,59.77,146.67,60/40,FIX4,30,fresh,0.0,29.65,29.78,0.0,0.0,0.993,1223.9
TW1983,A4,30,1.0,1,59.77,146.67,60/40,GK4,30,fresh,0.0,43.48,73.24,0.0,0.39,1.448,1137.0
TW1983,A4,30,1.0,1,59.77,146.67,60/40,VPW3,30,fresh,0.0,158.31,470.97,0.0,0.0,6.729,0.9
TW1983,A4,30,1.0,1,59.77,146.67,80/19,FIX4,30,fresh,0.0,29.65,29.78,0.0,0.0,0.993,1634.1
TW1983,A4,30,1.0,1,59.77,146.67,80/19,GK4,30,fresh,0.0,43.63,83.51,0.0,1.44,1.465,1511.1
TW1983,A4,30,1.0,1,59.77,146.67,80/19,VPW3,30,fresh,0.0,173.43,566.45,0.0,0.01,6.747,1.4
TW1983,A5,30,1.0,1,60.19,124.11,60/40,FIX4,30,fresh,0.0,29.65,29.78,0.0,0.0,0.993,1038.2
TW1983,A5,30,1.0,1,60.19,124.11,60/40,GK4,30,fresh,0.0,43.14,72.3,0.0,0.35,1.443,945.1
TW1983,A5,30,1.0,1,60.19,124.11,60/40,VPW3,30,fresh,0.0,154.86,401.29,0.0,0.0,6.612,0.8
TW1983,A5,30,1.0,1,60.19,124.11,80/19,FIX4,30,fresh,0.0,29.65,29.78,0.0,0.0,0.993,1381.8
TW1983,A5,30,1.0,1,60.19,124.11,80/19,GK4,30,fresh,0.0,43.31,82.81,0.0,1.54,1.46,1260.3
TW1983,A5,30,1.0,1,60.19,124.11,80/19,VPW3,30,fresh,0.0,165.74,484.47,0.0,0.0,6.639,1.2
TW1983,A1,30,1.0,4,59.1,106.47,60/40,FIX4,30,fresh,0.0,29.65,29.78,0.0,0.0,0.993,877.8
TW1983,A1,30,1.0,4,59.1,106.47,60/40,GK4,30,fresh,0.0,42.61,71.27,0.0,0.36,1.437,790.3
TW1983,A1,30,1.0,4,59.1,106.47,60/40,VPW3,30,fresh,0.0,147.69,345.98,0.0,0.0,6.222,0.7
TW1983,A1,30,1.0,4,59.1,106.47,80/19,FIX4,30,fresh,0.0,29.65,29.78,0.0,0.0,0.993,1172.6
TW1983,A1,30,1.0,4,59.1,106.47,80/19,GK4,30,fresh,0.0,42.68,81.91,0.0,1.6,1.455,1062.7
TW1983,A1,30,1.0,4,59.1,106.47,80/19,VPW3,30,fresh,0.0,156.25,416.61,0.0,0.0,6.245,1.1
TW1983,A2,30,1.0,4,59.92,130.87,60/40,FIX4,30,fresh,0.0,29.65,29.78,0.0,0.0,0.993,1086.1
TW1983,A2,30,1.0,4,59.92,130.87,60/40,GK4,30,fresh,0.0,43.2,72.54,0.0,0.37,1.445,997.5
TW1983,A2,30,1.0,4,59.92,130.87,60/40,VPW3,30,fresh,0.0,156.78,422.34,0.0,0.0,6.63,0.9
TW1983,A2,30,1.0,4,59.92,130.87,80/19,FIX4,30,fresh,0.0,29.65,29.78,0.0,0.0,0.993,1450.5
TW1983,A2,30,1.0,4,59.92,130.87,80/19,GK4,30,fresh,0.0,43.36,82.94,0.0,1.48,1.462,1335.5
TW1983,A2,30,1.0,4,59.92,130.87,80/19,VPW3,30,fresh,0.0,169.43,508.06,0.0,0.0,6.656,1.3
TW1983,A3,30,1.0,4,57.76,157.07,60/40,FIX4,30,fresh,0.0,29.65,29.78,0.0,0.0,0.993,1338.3
TW1983,A3,30,1.0,4,57.76,157.07,60/40,GK4,30,fresh,0.0,43.5,73.52,0.0,0.37,1.449,1244.1
TW1983,A3,30,1.0,4,57.76,157.07,60/40,VPW3,30,fresh,0.0,153.57,509.6,0.0,0.0,6.468,1.0
TW1983,A3,30,1.0,4,57.76,157.07,80/19,FIX4,30,fresh,0.0,29.65,29.78,0.0,0.0,0.993,1756.7
TW1983,A3,30,1.0,4,57.76,157.07,80/19,GK4,30,fresh,0.0,43.79,83.72,0.0,1.38,1.466,1630.5
TW1983,A3,30,1.0,4,57.76,157.07,80/19,VPW3,30,fresh,0.0,170.83,611.76,0.0,0.01,6.491,1.5
TW1983,A4,30,1.0,4,59.11,146.19,60/40,FIX4,30,fresh,0.0,29.65,29.78,0.0,0.0,0.993,1217.9
TW1983,A4,30,1.0,4,59.11,146.19,60/40,GK4,30,fresh,0.0,43.43,73.21,0.0,0.39,1.447,1133.1
TW1983,A4,30,1.0,4,59.11,146.19,60/40,VPW3,30,fresh,0.0,157.55,469.82,0.0,0.0,6.669,0.9
TW1983,A4,30,1.0,4,59.11,146.19,80/19,FIX4,30,fresh,0.0,29.65,29.78,0.0,0.0,0.993,1629.0
TW1983,A4,30,1.0,4,59.11,146.19,80/19,GK4,30,fresh,0.0,43.59,83.49,0.0,1.44,1.465,1505.1
TW1983,A4,30,1.0,4,59.11,146.19,80/19,VPW3,30,fresh,0.0,172.82,564.89,0.0,0.01,6.688,1.4
TW1983,A5,30,1.0,4,59.91,123.73,60/40,FIX4,30,fresh,0.0,29.65,29.78,0.0,0.0,0.993,1033.3
TW1983,A5,30,1.0,4,59.91,123.73,60/40,GK4,30,fresh,0.0,43.09,72.29,0.0,0.35,1.443,940.3
TW1983,A5,30,1.0,4,59.91,123.73,60/40,VPW3,30,fresh,0.0,153.55,400.14,0.0,0.0,6.565,0.8
TW1983,A5,30,1.0,4,59.91,123.73,80/19,FIX4,30,fresh,0.0,29.65,29.78,0.0,0.0,0.993,1374.6
TW1983,A5,30,1.0,4,59.91,123.73,80/19,GK4,30,fresh,0.0,43.23,82.77,0.0,1.54,1.46,1254.3
TW1983,A5,30,1.0,4,59.91,123.73,80/19,VPW3,30,fresh,0.0,164.8,482.44,0.0,0.0,6.593,1.2
TW1983,A1,40,0.5,1,56.81,119.61,60/40,FIX4,30,fresh,0.0,29.65,29.78,0.0,0.0,0.993,977.5
TW1983,A1,40,0.5,1,56.81,119.61,60/40,GK4,30,fresh,0.0,42.91,72.04,0.0,0.39,1.441,890.4
TW1983,A1,40,0.5,1,56.81,119.61,60/40,VPW3,30,fresh,0.0,149.54,382.97,0.0,0.0,6.305,0.8
TW1983,A1,40,0.5,1,56.81,119.61,80/19,FIX4,30,fresh,0.0,29.65,29.78,0.0,0.0,0.993,1306.0
TW1983,A1,40,0.5,1,56.81,119.61,80/19,GK4,30,fresh,0.0,43.35,82.42,0.0,1.55,1.459,1186.1
TW1983,A1,40,0.5,1,56.81,119.61,80/19,VPW3,30,fresh,0.0,162.69,460.74,0.0,0.0,6.345,1.2
TW1983,A2,40,0.5,1,60.18,158.53,60/40,FIX4,30,fresh,0.0,29.65,29.78,0.0,0.0,0.993,1318.9
TW1983,A2,40,0.5,1,60.18,158.53,60/40,GK4,30,fresh,0.0,43.72,73.71,0.0,0.36,1.45,1230.3
TW1983,A2,40,0.5,1,60.18,158.53,60/40,VPW3,30,fresh,0.0,164.72,507.04,0.0,0.01,6.819,1.0
TW1983,A2,40,0.5,1,60.18,158.53,80/19,FIX4,30,fresh,0.0,29.65,29.78,0.0,0.0,0.993,1747.1
TW1983,A2,40,0.5,1,60.18,158.53,80/19,GK4,30,fresh,0.0,44.32,84.15,0.0,1.39,1.468,1628.3
TW1983,A2,40,0.5,1,60.18,158.53,80/19,VPW3,30,fresh,0.0,184.11,604.63,0.0,0.01,6.865,1.5
TW1983,A3,40,0.5,1,58.54,202.91,60/40,FIX4,30,fresh,0.01,29.65,29.78,0.01,0.01,0.37,1731.1
TW1983,A3,40,0.5,1,58.54,202.91,60/40,GK4,30,fresh,0.01,44.03,74.81,0.01,0.32,0.568,1638.2
TW1983,A3,40,0.5,1,58.54,202.91,60/40,VPW3,30,fresh,0.0,165.91,657.69,0.0,0.01,6.466,1.3
TW1983,A3,40,0.5,1,58.54,202.91,80/19,FIX4,30,fresh,0.01,29.65,29.78,0.01,0.01,0.394,2287.1
TW1983,A3,40,0.5,1,58.54,202.91,80/19,GK4,30,fresh,0.01,44.83,85.29,0.01,1.36,0.519,2160.1
TW1983,A3,40,0.5,1,58.54,202.91,80/19,VPW3,30,fresh,0.0,188.74,780.34,0.0,0.01,6.512,1.9
TW1983,A4,40,0.5,1,59.94,189.68,60/40,FIX4,30,fresh,0.0,29.65,29.78,0.0,0.0,0.993,1597.5
TW1983,A4,40,0.5,1,59.94,189.68,60/40,GK4,30,fresh,0.0,43.97,74.57,0.0,0.3,1.454,1504.1
TW1983,A4,40,0.5,1,59.94,189.68,60/40,VPW3,30,fresh,0.0,169.15,605.93,0.0,0.01,6.776,1.2
TW1983,A4,40,0.5,1,59.94,189.68,80/19,FIX4,30,fresh,0.0,29.65,29.78,0.0,0.0,0.993,2116.4
TW1983,A4,40,0.5,1,59.94,189.68,80/19,GK4,30,fresh,0.0,44.8,85.02,0.0,1.36,1.471,1985.6
TW1983,A4,40,0.5,1,59.94,189.68,80/19,VPW3,30,fresh,0.0,187.75,721.96,0.0,0.02,6.814,1.8
TW1983,A5,40,0.5,1,59.1,160.01,60/40,FIX4,30,fresh,0.0,29.65,29.78,0.0,0.0,0.993,1333.1
TW1983,A5,40,0.5,1,59.1,160.01,60/40,GK4,30,fresh,0.0,43.63,73.66,0.0,0.35,1.45,1242.6
TW1983,A5,40,0.5,1,59.1,160.01,60/40,VPW3,30,fresh,0.0,159.99,509.91,0.0,0.0,6.79,1.0
TW1983,A5,40,0.5,1,59.1,160.01,80/19,FIX4,30,fresh,0.0,29.65,29.78,0.0,0.0,0.993,1773.6
TW1983,A5,40,0.5,1,59.1,160.01,80/19,GK4,30,fresh,0.0,44.22,84.29,0.0,1.4,1.467,1649.2
TW1983,A5,40,0.5,1,59.1,160.01,80/19,VPW3,30,fresh,0.0,178.92,608.86,0.0,0.0,6.825,1.5
TW1983,A1,40,0.5,4,56.26,119.08,60/40,FIX4,30,fresh,0.0,29.65,29.78,0.0,0.0,0.993,972.2
TW1983,A1,40,0.5,4,56.26,119.08,60/40,GK4,30,fresh,0.0,42.83,72.01,0.0,0.4,1.441,886.3
TW1983,A1,40,0.5,4,56.26,119.08,60/40,VPW3,30,fresh,0.0,148.16,381.76,0.0,0.0,6.26,0.8
TW1983,A1,40,0.5,4,56.26,119.08,80/19,FIX4,30,fresh,0.0,29.65,29.78,0.0,0.0,0.993,1297.8
TW1983,A1,40,0.5,4,56.26,119.08,80/19,GK4,30,fresh,0.0,43.31,82.39,0.0,1.56,1.458,1178.9
TW1983,A1,40,0.5,4,56.26,119.08,80/19,VPW3,30,fresh,0.0,161.78,458.59,0.0,0.0,6.299,1.2
TW1983,A2,40,0.5,4,59.63,157.41,60/40,FIX4,30,fresh,0.0,29.65,29.78,0.0,0.0,0.993,1311.2
TW1983,A2,40,0.5,4,59.63,157.41,60/40,GK4,30,fresh,0.0,43.66,73.68,0.0,0.36,1.45,1223.5
TW1983,A2,40,0.5,4,59.63,157.41,60/40,VPW3,30,fresh,0.0,163.6,504.37,0.0,0.01,6.761,1.0
TW1983,A2,40,0.5,4,59.63,157.41,80/19,FIX4,30,fresh,0.0,29.65,29.78,0.0,0.0,0.993,1737.5
TW1983,A2,40,0.5,4,59.63,157.41,80/19,GK4,30,fresh,0.0,44.27,84.11,0.0,1.39,1.467,1619.0
TW1983,A2,40,0.5,4,59.63,157.41,80/19,VPW3,30,fresh,0.0,182.55,602.39,0.0,0.01,6.807,1.5
TW1983,A3,40,0.5,4,58.32,202.1,60/40,FIX4,30,fresh,0.01,29.65,29.78,0.01,0.01,0.37,1720.4
TW1983,A3,40,0.5,4,58.32,202.1,60/40,GK4,30,fresh,0.01,43.96,74.77,0.01,0.32,0.568,1628.3
TW1983,A3,40,0.5,4,58.32,202.1,60/40,VPW3,30,fresh,0.0,164.47,654.51,0.0,0.01,6.402,1.2
TW1983,A3,40,0.5,4,58.32,202.1,80/19,FIX4,30,fresh,0.01,29.65,29.78,0.01,0.01,0.394,2267.5
TW1983,A3,40,0.5,4,58.32,202.1,80/19,GK4,30,fresh,0.01,44.73,85.2,0.01,1.36,0.519,2144.3
TW1983,A3,40,0.5,4,58.32,202.1,80/19,VPW3,30,fresh,0.0,187.2,774.62,0.0,0.01,6.449,1.9
TW1983,A4,40,0.5,4,59.36,188.77,60/40,FIX4,30,fresh,0.0,29.65,29.78,0.0,0.0,0.993,1591.5
TW1983,A4,40,0.5,4,59.36,188.77,60/40,GK4,30,fresh,0.0,43.9,74.54,0.0,0.31,1.454,1493.9
TW1983,A4,40,0.5,4,59.36,188.77,60/40,VPW3,30,fresh,0.0,166.79,602.88,0.0,0.01,6.715,1.2
TW1983,A4,40,0.5,4,59.36,188.77,80/19,FIX4,30,fresh,0.0,29.65,29.78,0.0,0.0,0.993,2106.6
TW1983,A4,40,0.5,4,59.36,188.77,80/19,GK4,30,fresh,0.0,44.8,84.98,0.0,1.36,1.471,1974.9
TW1983,A4,40,0.5,4,59.36,188.77,80/19,VPW3,30,fresh,0.0,185.85,717.31,0.0,0.02,6.754,1.8
TW1983,A5,40,0.5,4,58.63,158.98,60/40,FIX4,30,fresh,0.0,29.65,29.78,0.0,0.0,0.993,1325.7
TW1983,A5,40,0.5,4,58.63,158.98,60/40,GK4,30,fresh,0.0,43.59,73.63,0.0,0.35,1.45,1234.4
TW1983,A5,40,0.5,4,58.63,158.98,60/40,VPW3,30,fresh,0.0,158.93,508.03,0.0,0.0,6.733,1.0
TW1983,A5,40,0.5,4,58.63,158.98,80/19,FIX4,30,fresh,0.0,29.65,29.78,0.0,0.0,0.993,1765.5
TW1983,A5,40,0.5,4,58.63,158.98,80/19,GK4,30,fresh,0.0,44.18,84.21,0.0,1.41,1.467,1639.3
TW1983,A5,40,0.5,4,58.63,158.98,80/19,VPW3,30,fresh,0.0,176.68,605.11,0.0,0.0,6.769,1.5
TW1983,A1,40,1.0,1,114.6,240.69,60/40,FIX4,30,fresh,0.0,29.65,29.78,0.0,0.0,0.993,2089.3
TW1983,A1,40,1.0,1,114.6,240.69,60/40,GK4,30,fresh,0.0,45.88,76.44,0.0,0.24,1.469,1989.1
TW1983,A1,40,1.0,1,114.6,240.69,60/40,VPW3,30,fresh,0.0,301.11,772.11,0.0,0.0,12.725,1.6
TW1983,A1,40,1.0,1,114.6,240.69,80/19,FIX4,30,fresh,0.0,29.65,29.78,0.0,0.0,0.993,2773.4
TW1983,A1,40,1.0,1,114.6,240.69,80/19,GK4,30,fresh,0.0,46.1,87.02,0.0,1.14,1.485,2646.8
TW1983,A1,40,1.0,1,114.6,240.69,80/19,VPW3,30,fresh,0.0,328.1,927.42,0.0,0.0,12.801,2.4
TW1983,A2,40,1.0,1,121.07,319.31,60/40,FIX4,30,fresh,0.0,29.65,29.78,0.0,0.0,0.993,2773.7
TW1983,A2,40,1.0,1,121.07,319.31,60/40,GK4,30,fresh,0.0,46.41,77.28,0.0,0.2,1.473,2681.9
TW1983,A2,40,1.0,1,121.07,319.31,60/40,VPW3,30,fresh,0.0,331.53,1020.95,0.0,0.0,13.756,2.0
TW1983,A2,40,1.0,1,121.07,319.31,80/19,FIX4,30,fresh,0.0,29.65,29.78,0.0,0.0,0.993,3674.2
TW1983,A2,40,1.0,1,121.07,319.31,80/19,GK4,30,fresh,0.0,46.69,87.95,0.0,1.09,1.49,3536.8
TW1983,A2,40,1.0,1,121.07,319.31,80/19,VPW3,30,fresh,0.0,370.57,1217.08,0.0,0.0,13.845,3.1
TW1983,A3,40,1.0,1,118.14,408.5,60/40,FIX4,30,fresh,0.0,29.65,29.78,0.0,0.0,0.993,3613.2
TW1983,A3,40,1.0,1,118.14,408.5,60/40,GK4,30,fresh,0.0,46.78,77.66,0.0,0.19,1.476,3509.5
TW1983,A3,40,1.0,1,118.14,408.5,60/40,VPW3,30,fresh,0.0,336.58,1326.12,0.0,0.0,13.041,2.5
TW1983,A3,40,1.0,1,118.14,408.5,80/19,FIX4,30,fresh,0.0,29.65,29.78,0.0,0.0,0.993,4769.0
TW1983,A3,40,1.0,1,118.14,408.5,80/19,GK4,30,fresh,0.0,46.8,88.42,0.0,1.07,1.492,4638.8
TW1983,A3,40,1.0,1,118.14,408.5,80/19,VPW3,30,fresh,0.0,380.4,1573.22,0.0,0.0,13.128,3.9
TW1983,A4,40,1.0,1,120.4,382.9,60/40,FIX4,30,fresh,0.0,29.65,29.78,0.0,0.0,0.993,3338.7
TW1983,A4,40,1.0,1,120.4,382.9,60/40,GK4,30,fresh,0.0,46.63,77.58,0.0,0.2,1.475,3245.5
TW1983,A4,40,1.0,1,120.4,382.9,60/40,VPW3,30,fresh,0.0,340.32,1220.16,0.0,0.0,13.669,2.4
TW1983,A4,40,1.0,1,120.4,382.9,80/19,FIX4,30,fresh,0.0,29.65,29.78,0.0,0.0,0.993,4420.1
TW1983,A4,40,1.0,1,120.4,382.9,80/19,GK4,30,fresh,0.0,46.83,88.34,0.0,1.04,1.491,4284.6
TW1983,A4,40,1.0,1,120.4,382.9,80/19,VPW3,30,fresh,0.0,378.44,1457.79,0.0,0.0,13.739,3.6
TW1983,A5,40,1.0,1,119.34,322.02,60/40,FIX4,30,fresh,0.0,29.65,29.78,0.0,0.0,0.993,2802.5
TW1983,A5,40,1.0,1,119.34,322.02,60/40,GK4,30,fresh,0.0,46.5,77.19,0.0,0.19,1.473,2705.4
TW1983,A5,40,1.0,1,119.34,322.02,60/40,VPW3,30,fresh,0.0,323.22,1026.46,0.0,0.0,13.703,2.0
TW1983,A5,40,1.0,1,119.34,322.02,80/19,FIX4,30,fresh,0.0,29.65,29.78,0.0,0.0,0.993,3724.9
TW1983,A5,40,1.0,1,119.34,322.02,80/19,GK4,30,fresh,0.0,46.51,87.89,0.0,1.07,1.49,3587.0
TW1983,A5,40,1.0,1,119.34,322.02,80/19,VPW3,30,fresh,0.0,359.95,1227.57,0.0,0.0,13.769,3.1
TW1983,A1,40,1.0,4,114.02,239.67,60/40,FIX4,30,fresh,0.0,29.65,29.78,0.0,0.0,0.993,2081.0
TW1983,A1,40,1.0,4,114.02,239.67,60/40,GK4,30,fresh,0.0,45.84,76.43,0.0,0.24,1.468,1983.7
TW1983,A1,40,1.0,4,114.02,239.67,60/40,VPW3,30,fresh,0.0,299.61,769.66,0.0,0.0,12.658,1.6
TW1983,A1,40,1.0,4,114.02,239.67,80/19,FIX4,30,fresh,0.0,29.65,29.78,0.0,0.0,0.993,2762.6
TW1983,A1,40,1.0,4,114.02,239.67,80/19,GK4,30,fresh,0.0,46.1,87.01,0.0,1.14,1.485,2637.8
TW1983,A1,40,1.0,4,114.02,239.67,80/19,VPW3,30,fresh,0.0,326.23,924.06,0.0,0.0,12.734,2.4
TW1983,A2,40,1.0,4,120.49,317.57,60/40,FIX4,30,fresh,0.0,29.65,29.78,0.0,0.0,0.993,2763.8
TW1983,A2,40,1.0,4,120.49,317.57,60/40,GK4,30,fresh,0.0,46.38,77.27,0.0,0.2,1.473,2668.4
TW1983,A2,40,1.0,4,120.49,317.57,60/40,VPW3,30,fresh,0.0,330.9,1017.29,0.0,0.0,13.67,2.0
TW1983,A2,40,1.0,4,120.49,317.57,80/19,FIX4,30,fresh,0.0,29.65,29.78,0.0,0.0,0.993,3655.2
TW1983,A2,40,1.0,4,120.49,317.57,80/19,GK4,30,fresh,0.0,46.68,87.9,0.0,1.09,1.49,3519.6
TW1983,A2,40,1.0,4,120.49,317.57,80/19,VPW3,30,fresh,0.0,369.9,1214.37,0.0,0.0,13.76,3.1
TW1983,A3,40,1.0,4,117.44,406.54,60/40,FIX4,30,fresh,0.0,29.65,29.78,0.0,0.0,0.993,3597.9
TW1983,A3,40,1.0,4,117.44,406.54,60/40,GK4,30,fresh,0.0,46.72,77.66,0.0,0.19,1.476,3492.6
TW1983,A3,40,1.0,4,117.44,406.54,60/40,VPW3,30,fresh,0.0,334.87,1321.92,0.0,0.0,12.947,2.5
TW1983,A3,40,1.0,4,117.44,406.54,80/19,FIX4,30,fresh,0.0,29.65,29.78,0.0,0.0,0.993,4747.9
TW1983,A3,40,1.0,4,117.44,406.54,80/19,GK4,30,fresh,0.0,46.8,88.4,0.0,1.07,1.492,4601.9
TW1983,A3,40,1.0,4,117.44,406.54,80/19,VPW3,30,fresh,0.0,376.86,1565.08,0.0,0.0,13.035,3.9
TW1983,A4,40,1.0,4,119.84,381.19,60/40,FIX4,30,fresh,0.0,29.65,29.78,0.0,0.0,0.993,3328.3
TW1983,A4,40,1.0,4,119.84,381.19,60/40,GK4,30,fresh,0.0,46.63,77.57,0.0,0.2,1.475,3232.3
TW1983,A4,40,1.0,4,119.84,381.19,60/40,VPW3,30,fresh,0.0,337.86,1216.67,0.0,0.0,13.58,2.4
TW1983,A4,40,1.0,4,119.84,381.19,80/19,FIX4,30,fresh,0.0,29.65,29.78,0.0,0.0,0.993,4400.1
TW1983,A4,40,1.0,4,119.84,381.19,80/19,GK4,30,fresh,0.0,46.81,88.31,0.0,1.04,1.491,4268.0
TW1983,A4,40,1.0,4,119.84,381.19,80/19,VPW3,30,fresh,0.0,374.86,1447.64,0.0,0.0,13.651,3.6
TW1983,A5,40,1.0,4,118.57,320.69,60/40,FIX4,30,fresh,0.0,29.65,29.78,0.0,0.0,0.993,2789.7
TW1983,A5,40,1.0,4,118.57,320.69,60/40,GK4,30,fresh,0.0,46.5,77.18,0.0,0.19,1.473,2689.4
TW1983,A5,40,1.0,4,118.57,320.69,60/40,VPW3,30,fresh,0.0,322.26,1024.75,0.0,0.0,13.619,2.0
TW1983,A5,40,1.0,4,118.57,320.69,80/19,FIX4,30,fresh,0.0,29.65,29.78,0.0,0.0,0.993,3715.0
TW1983,A5,40,1.0,4,118.57,320.69,80/19,GK4,30,fresh,0.0,46.49,87.89,0.0,1.07,1.49,3575.6
TW1983,A5,40,1.0,4,118.57,320.69,80/19,VPW3,30,fresh,0.0,357.54,1221.02,0.0,0.0,13.687,3.1
TW1983,A1,20,0.5,1,13.86,21.97,60/40,FIX4,50,fresh,10.29,27.88,49.63,10.03,10.11,0.036,324.1
TW1983,A1,20,0.5,1,13.86,21.97,60/40,GK4,50,fresh,0.79,39.28,110.21,3.66,14.97,0.144,119.0
TW1983,A1,20,0.5,1,13.86,21.97,60/40,VPW3,50,fresh,0.0,63.36,161.26,2.86,34.21,1.232,0.3
TW1983,A1,20,0.5,1,13.86,21.97,80/19,FIX4,50,fresh,8.61,27.94,49.63,8.52,8.53,0.037,581.0
TW1983,A1,20,0.5,1,13.86,21.97,80/19,GK4,50,fresh,0.8,44.24,149.06,3.74,15.99,0.137,195.9
TW1983,A1,20,0.5,1,13.86,21.97,80/19,VPW3,50,fresh,0.0,70.98,223.54,3.84,33.84,1.237,0.5
TW1983,A2,20,0.5,1,13.68,25.04,60/40,FIX4,50,fresh,8.76,28.98,49.63,8.55,8.59,0.037,436.5
TW1983,A2,20,0.5,1,13.68,25.04,60/40,GK4,50,fresh,1.26,40.15,126.84,3.74,12.91,0.111,173.6
TW1983,A2,20,0.5,1,13.68,25.04,60/40,VPW3,50,fresh,0.0,66.63,182.91,3.22,26.07,1.286,0.3
TW1983,A2,20,0.5,1,13.68,25.04,80/19,FIX4,50,fresh,7.26,30.51,49.63,7.16,7.19,0.039,751.9
TW1983,A2,20,0.5,1,13.68,25.04,80/19,GK4,50,fresh,1.19,45.43,170.15,3.63,13.82,0.105,285.8
TW1983,A2,20,0.5,1,13.68,25.04,80/19,VPW3,50,fresh,0.0,75.2,252.47,3.97,26.07,1.293,0.5
TW1983,A3,20,0.5,1,13.05,28.15,60/40,FIX4,50,fresh,8.86,26.73,49.63,8.71,8.74,0.036,551.6
TW1983,A3,20,0.5,1,13.05,28.15,60/40,GK4,50,fresh,2.09,37.81,140.12,4.61,12.21,0.082,238.5
TW1983,A3,20,0.5,1,13.05,28.15,60/40,VPW3,50,fresh,0.0,66.31,205.93,4.24,22.11,1.272,0.3
TW1983,A3,20,0.5,1,13.05,28.15,80/19,FIX4,50,fresh,7.29,28.73,49.63,7.2,7.24,0.038,930.0
TW1983,A3,20,0.5,1,13.05,28.15,80/19,GK4,50,fresh,2.0,43.52,188.81,4.36,13.22,0.077,388.5
TW1983,A3,20,0.5,1,13.05,28.15,80/19,VPW3,50,fresh,0.0,76.61,282.33,4.76,22.62,1.279,0.6
TW1983,A4,20,0.5,1,13.69,26.07,60/40,FIX4,50,fresh,8.17,29.5,49.63,8.02,8.08,0.038,477.2
TW1983,A4,20,0.5,1,13.69,26.07,60/40,GK4,50,fresh,1.26,40.57,132.12,3.8,12.33,0.111,196.3
TW1983,A4,20,0.5,1,13.69,26.07,60/40,VPW3,50,fresh,0.0,67.39,190.56,3.17,24.44,1.304,0.3
TW1983,A4,20,0.5,1,13.69,26.07,80/19,FIX4,50,fresh,6.87,32.21,49.63,6.79,6.83,0.039,802.9
TW1983,A4,20,0.5,1,13.69,26.07,80/19,GK4,50,fresh,1.18,46.22,176.88,3.65,13.21,0.106,319.0
TW1983,A4,20,0.5,1,13.69,26.07,80/19,VPW3,50,fresh,0.0,77.35,262.93,3.75,24.81,1.311,0.5
TW1983,A5,20,0.5,1,13.97,22.47,60/40,FIX4,50,fresh,9.53,28.91,49.63,9.4,9.42,0.037,345.7
TW1983,A5,20,0.5,1,13.97,22.47,60/40,GK4,50,fresh,0.7,40.15,113.53,3.45,14.23,0.149,127.9
TW1983,A5,20,0.5,1,13.97,22.47,60/40,VPW3,50,fresh,0.0,64.32,164.5,2.66,32.17,1.25,0.3
TW1983,A5,20,0.5,1,13.97,22.47,80/19,FIX4,50,fresh,8.14,29.6,49.63,7.96,8.04,0.038,611.5
TW1983,A5,20,0.5,1,13.97,22.47,80/19,GK4,50,fresh,0.72,44.93,152.88,3.64,15.41,0.14,211.3
TW1983,A5,20,0.5,1,13.97,22.47,80/19,VPW3,50,fresh,0.0,72.78,228.11,3.6,32.06,1.255,0.5
TW1983,A1,20,0.5,4,13.68,21.91,60/40,FIX4,50,fresh,10.81,26.77,49.62,10.56,10.65,0.035,318.8
TW1983,A1,20,0.5,4,13.68,21.91,60/40,GK4,50,fresh,0.97,38.59,109.36,3.92,15.5,0.129,117.3
TW1983,A1,20,0.5,4,13.68,21.91,60/40,VPW3,50,fresh,0.0,62.72,160.54,3.1,34.87,1.219,0.3
TW1983,A1,20,0.5,4,13.68,21.91,80/19,FIX4,50,fresh,8.97,27.39,49.63,8.85,8.86,0.036,571.4
TW1983,A1,20,0.5,4,13.68,21.91,80/19,GK4,50,fresh,0.96,43.38,148.04,3.98,16.41,0.125,193.5
TW1983,A1,20,0.5,4,13.68,21.91,80/19,VPW3,50,fresh,0.0,70.55,222.71,4.13,34.49,1.224,0.5
TW1983,A2,20,0.5,4,13.53,24.93,60/40,FIX4,50,fresh,9.19,27.94,49.63,8.96,9.01,0.037,433.0
TW1983,A2,20,0.5,4,13.53,24.93,60/40,GK4,50,fresh,1.43,39.36,125.84,4.02,13.37,0.104,171.6
TW1983,A2,20,0.5,4,13.53,24.93,60/40,VPW3,50,fresh,0.0,65.9,181.9,3.47,26.65,1.27,0.3
TW1983,A2,20,0.5,4,13.53,24.93,80/19,FIX4,50,fresh,7.56,29.21,49.63,7.47,7.5,0.038,743.3
TW1983,A2,20,0.5,4,13.53,24.93,80/19,GK4,50,fresh,1.31,44.85,168.79,3.8,14.17,0.099,283.3
TW1983,A2,20,0.5,4,13.53,24.93,80/19,VPW3,50,fresh,0.0,74.84,250.94,4.19,26.63,1.276,0.5
TW1983,A3,20,0.5,4,12.9,27.99,60/40,FIX4,50,fresh,9.14,25.85,49.63,8.99,9.02,0.036,545.4
TW1983,A3,20,0.5,4,12.9,27.99,60/40,GK4,50,fresh,2.25,37.07,139.13,4.86,12.61,0.078,234.7
TW1983,A3,20,0.5,4,12.9,27.99,60/40,VPW3,50,fresh,0.0,65.6,205.1,4.57,22.64,1.252,0.3
TW1983,A3,20,0.5,4,12.9,27.99,80/19,FIX4,50,fresh,7.55,27.47,49.63,7.47,7.51,0.037,922.5
TW1983,A3,20,0.5,4,12.9,27.99,80/19,GK4,50,fresh,2.19,42.4,187.56,4.59,13.49,0.074,383.2
TW1983,A3,20,0.5,4,12.9,27.99,80/19,VPW3,50,fresh,0.0,75.86,281.0,5.01,23.15,1.259,0.6
TW1983,A4,20,0.5,4,13.45,25.98,60/40,FIX4,50,fresh,8.49,28.45,49.63,8.36,8.42,0.037,473.0
TW1983,A4,20,0.5,4,13.45,25.98,60/40,GK4,50,fresh,1.44,39.54,130.99,4.08,12.78,0.105,193.7
TW1983,A4,20,0.5,4,13.45,25.98,60/40,VPW3,50,fresh,0.0,66.66,189.54,3.4,24.98,1.286,0.3
TW1983,A4,20,0.5,4,13.45,25.98,80/19,FIX4,50,fresh,7.19,30.63,49.63,7.09,7.13,0.039,797.0
TW1983,A4,20,0.5,4,13.45,25.98,80/19,GK4,50,fresh,1.28,45.06,175.66,3.92,13.6,0.099,315.0
TW1983,A4,20,0.5,4,13.45,25.98,80/19,VPW3,50,fresh,0.0,76.56,261.21,4.06,25.42,1.292,0.5
TW1983,A5,20,0.5,4,13.81,22.41,60/40,FIX4,50,fresh,10.11,27.63,49.63,9.94,9.96,0.036,340.6
TW1983,A5,20,0.5,4,13.81,22.41,60/40,GK4,50,fresh,0.87,39.51,112.61,3.7,14.79,0.131,126.0
TW1983,A5,20,0.5,4,13.81,22.41,60/40,VPW3,50,fresh,0.0,63.79,163.66,2.92,32.76,1.236,0.3
TW1983,A5,20,0.5,4,13.81,22.41,80/19,FIX4,50,fresh,8.45,28.76,49.63,8.26,8.34,0.037,602.4
TW1983,A5,20,0.5,4,13.81,22.41,80/19,GK4,50,fresh,0.88,44.12,151.98,3.87,15.82,0.125,208.7
TW1983,A5,20,0.5,4,13.81,22.41,80/19,VPW3,50,fresh,0.0,72.18,227.28,3.89,32.7,1.241,0.5
TW1983,A1,20,1.0,1,28.22,44.29,60/40,FIX4,50,fresh,0.08,49.46,49.64,0.08,0.08,0.203,1205.7
TW1983,A1,20,1.0,1,28.22,44.29,60/40,GK4,50,fresh,0.0,89.22,206.84,0.01,1.4,1.572,697.5
TW1983,A1,20,1.0,1,28.22,44.29,60/40,VPW3,50,fresh,0.0,127.59,325.55,0.01,0.43,2.49,0.5
TW1983,A1,20,1.0,1,28.22,44.29,80/19,FIX4,50,fresh,0.08,49.46,49.64,0.08,0.08,0.179,1974.5
TW1983,A1,20,1.0,1,28.22,44.29,80/19,GK4,50,fresh,0.0,98.09,279.32,0.08,3.84,1.589,1139.6
TW1983,A1,20,1.0,1,28.22,44.29,80/19,VPW3,50,fresh,0.0,143.63,450.31,0.02,0.79,2.502,0.9
TW1983,A2,20,1.0,1,27.68,50.51,60/40,FIX4,50,fresh,0.13,49.46,49.64,0.12,0.12,0.161,1432.2
TW1983,A2,20,1.0,1,27.68,50.51,60/40,GK4,50,fresh,0.0,91.48,220.22,0.02,1.32,1.586,882.7
TW1983,A2,20,1.0,1,27.68,50.51,60/40,VPW3,50,fresh,0.0,134.7,367.89,0.02,0.69,2.601,0.6
TW1983,A2,20,1.0,1,27.68,50.51,80/19,FIX4,50,fresh,0.15,49.46,49.64,0.15,0.15,0.15,2328.1
TW1983,A2,20,1.0,1,27.68,50.51,80/19,GK4,50,fresh,0.0,101.82,294.44,0.08,3.61,1.605,1425.6
TW1983,A2,20,1.0,1,27.68,50.51,80/19,VPW3,50,fresh,0.0,152.58,508.67,0.05,1.01,2.614,1.0
TW1983,A3,20,1.0,1,26.35,56.83,60/40,FIX4,50,fresh,0.37,49.45,49.64,0.35,0.37,0.111,1670.7
TW1983,A3,20,1.0,1,26.35,56.83,60/40,GK4,50,fresh,0.01,90.81,230.97,0.07,1.54,0.757,1074.1
TW1983,A3,20,1.0,1,26.35,56.83,60/40,VPW3,50,fresh,0.0,133.39,414.29,0.08,1.41,2.57,0.6
TW1983,A3,20,1.0,1,26.35,56.83,80/19,FIX4,50,fresh,0.32,49.46,49.64,0.32,0.32,0.113,2667.3
TW1983,A3,20,1.0,1,26.35,56.83,80/19,GK4,50,fresh,0.0,101.66,307.49,0.1,3.64,1.599,1717.6
TW1983,A3,20,1.0,1,26.35,56.83,80/19,VPW3,50,fresh,0.0,154.65,568.97,0.11,1.73,2.585,1.1
TW1983,A4,20,1.0,1,27.73,52.57,60/40,FIX4,50,fresh,0.16,49.46,49.64,0.15,0.15,0.154,1518.0
TW1983,A4,20,1.0,1,27.73,52.57,60/40,GK4,50,fresh,0.0,92.44,224.57,0.02,1.3,1.591,949.0
TW1983,A4,20,1.0,1,27.73,52.57,60/40,VPW3,50,fresh,0.0,136.16,384.3,0.01,0.7,2.637,0.6
TW1983,A4,20,1.0,1,27.73,52.57,80/19,FIX4,50,fresh,0.14,49.46,49.64,0.14,0.14,0.151,2455.8
TW1983,A4,20,1.0,1,27.73,52.57,80/19,GK4,50,fresh,0.0,102.21,299.25,0.08,3.52,1.609,1541.6
TW1983,A4,20,1.0,1,27.73,52.57,80/19,VPW3,50,fresh,0.0,155.67,529.04,0.04,0.96,2.65,1.1
TW1983,A5,20,1.0,1,28.37,45.3,60/40,FIX4,50,fresh,0.07,49.46,49.64,0.07,0.07,0.201,1252.8
TW1983,A5,20,1.0,1,28.37,45.3,60/40,GK4,50,fresh,0.0,90.26,210.06,0.01,1.38,1.577,732.6
TW1983,A5,20,1.0,1,28.37,45.3,60/40,VPW3,50,fresh,0.0,129.95,331.65,0.01,0.39,2.528,0.5
TW1983,A5,20,1.0,1,28.37,45.3,80/19,FIX4,50,fresh,0.08,49.46,49.64,0.08,0.08,0.177,2057.2
TW1983,A5,20,1.0,1,28.37,45.3,80/19,GK4,50,fresh,0.0,98.65,281.95,0.09,3.66,1.593,1187.3
TW1983,A5,20,1.0,1,28.37,45.3,80/19,VPW3,50,fresh,0.0,147.09,460.01,0.02,0.69,2.538,0.9
TW1983,A1,20,1.0,4,27.89,44.21,60/40,FIX4,50,fresh,0.11,49.46,49.64,0.11,0.11,0.187,1200.5
TW1983,A1,20,1.0,4,27.89,44.21,60/40,GK4,50,fresh,0.0,88.82,206.61,0.02,1.41,1.57,694.0
TW1983,A1,20,1.0,4,27.89,44.21,60/40,VPW3,50,fresh,0.0,127.27,324.06,0.02,0.49,2.473,0.5
TW1983,A1,20,1.0,4,27.89,44.21,80/19,FIX4,50,fresh,0.09,49.46,49.64,0.09,0.09,0.171,1960.3
TW1983,A1,20,1.0,4,27.89,44.21,80/19,GK4,50,fresh,0.0,97.93,278.74,0.08,3.85,1.587,1129.5
TW1983,A1,20,1.0,4,27.89,44.21,80/19,VPW3,50,fresh,0.0,142.81,448.24,0.03,0.84,2.484,0.9
TW1983,A2,20,1.0,4,27.51,50.33,60/40,FIX4,50,fresh,0.17,49.46,49.64,0.16,0.16,0.144,1426.5
TW1983,A2,20,1.0,4,27.51,50.33,60/40,GK4,50,fresh,0.0,91.16,219.79,0.03,1.36,1.583,879.5
TW1983,A2,20,1.0,4,27.51,50.33,60/40,VPW3,50,fresh,0.0,132.99,366.86,0.03,0.74,2.578,0.6
TW1983,A2,20,1.0,4,27.51,50.33,80/19,FIX4,50,fresh,0.18,49.46,49.64,0.18,0.18,0.141,2312.4
TW1983,A2,20,1.0,4,27.51,50.33,80/19,GK4,50,fresh,0.0,101.4,294.04,0.08,3.62,1.601,1418.6
TW1983,A2,20,1.0,4,27.51,50.33,80/19,VPW3,50,fresh,0.0,150.73,507.07,0.05,1.1,2.591,1.0
TW1983,A3,20,1.0,4,26.16,56.63,60/40,FIX4,50,fresh,0.4,49.45,49.64,0.38,0.4,0.106,1666.3
TW1983,A3,20,1.0,4,26.16,56.63,60/40,GK4,50,fresh,0.01,90.38,230.41,0.08,1.58,0.757,1065.2
TW1983,A3,20,1.0,4,26.16,56.63,60/40,VPW3,50,fresh,0.0,132.29,412.57,0.1,1.49,2.543,0.6
TW1983,A3,20,1.0,4,26.16,56.63,80/19,FIX4,50,fresh,0.39,49.45,49.64,0.39,0.39,0.106,2656.9
TW1983,A3,20,1.0,4,26.16,56.63,80/19,GK4,50,fresh,0.0,101.15,307.05,0.11,3.69,1.593,1702.9
TW1983,A3,20,1.0,4,26.16,56.63,80/19,VPW3,50,fresh,0.0,154.0,566.78,0.14,1.79,2.558,1.1
TW1983,A4,20,1.0,4,27.33,52.44,60/40,FIX4,50,fresh,0.16,49.46,49.64,0.15,0.15,0.145,1512.2
TW1983,A4,20,1.0,4,27.33,52.44,60/40,GK4,50,fresh,0.0,91.91,223.81,0.03,1.32,1.587,944.2
TW1983,A4,20,1.0,4,27.33,52.44,60/40,VPW3,50,fresh,0.0,134.94,383.12,0.02,0.77,2.612,0.6
TW1983,A4,20,1.0,4,27.33,52.44,80/19,FIX4,50,fresh,0.16,49.46,49.64,0.16,0.16,0.143,2442.0
TW1983,A4,20,1.0,4,27.33,52.44,80/19,GK4,50,fresh,0.0,101.58,298.76,0.09,3.53,1.604,1529.0
TW1983,A4,20,1.0,4,27.33,52.44,80/19,VPW3,50,fresh,0.0,154.56,527.38,0.05,1.02,2.624,1.1
TW1983,A5,20,1.0,4,28.05,45.18,60/40,FIX4,50,fresh,0.1,49.46,49.64,0.1,0.1,0.18,1247.0
TW1983,A5,20,1.0,4,28.05,45.18,60/40,GK4,50,fresh,0.0,90.0,209.26,0.02,1.4,1.574,728.3
TW1983,A5,20,1.0,4,28.05,45.18,60/40,VPW3,50,fresh,0.0,129.29,330.31,0.02,0.43,2.508,0.5
TW1983,A5,20,1.0,4,28.05,45.18,80/19,FIX4,50,fresh,0.11,49.46,49.64,0.11,0.11,0.165,2047.2
TW1983,A5,20,1.0,4,28.05,45.18,80/19,GK4,50,fresh,0.0,98.46,281.55,0.09,3.68,1.59,1182.5
TW1983,A5,20,1.0,4,28.05,45.18,80/19,VPW3,50,fresh,0.0,145.59,458.36,0.03,0.76,2.518,0.9
TW1983,A1,30,0.5,1,29.5,53.14,60/40,FIX4,50,fresh,0.11,49.46,49.64,0.1,0.1,0.178,1569.6
TW1983,A1,30,0.5,1,29.5,53.14,60/40,GK4,50,fresh,0.0,95.31,227.2,0.03,1.18,1.598,983.2
TW1983,A1,30,0.5,1,29.5,53.14,60/40,VPW3,50,fresh,0.0,141.47,390.17,0.0,0.45,2.754,0.6
TW1983,A1,30,0.5,1,29.5,53.14,80/19,FIX4,50,fresh,0.19,49.46,49.64,0.18,0.18,0.154,2508.9
TW1983,A1,30,0.5,1,29.5,53.14,80/19,GK4,50,fresh,0.0,105.75,304.98,0.08,3.14,1.615,1601.7
TW1983,A1,30,0.5,1,29.5,53.14,80/19,VPW3,50,fresh,0.0,161.56,541.48,0.04,0.68,2.759,1.1
TW1983,A2,30,0.5,1,30.07,65.32,60/40,FIX4,50,fresh,0.15,49.46,49.64,0.15,0.15,0.158,2025.2
TW1983,A2,30,0.5,1,30.07,65.32,60/40,GK4,50,fresh,0.0,100.6,245.08,0.05,1.09,1.618,1379.8
TW1983,A2,30,0.5,1,30.07,65.32,60/40,VPW3,50,fresh,0.0,153.13,477.18,0.02,0.63,2.948,0.8
TW1983,A2,30,0.5,1,30.07,65.32,80/19,FIX4,50,fresh,0.16,49.46,49.64,0.16,0.16,0.154,3254.4
TW1983,A2,30,0.5,1,30.07,65.32,80/19,GK4,50,fresh,0.0,111.96,328.21,0.07,2.91,1.636,2234.2
TW1983,A2,30,0.5,1,30.07,65.32,80/19,VPW3,50,fresh,0.0,178.92,659.16,0.05,0.84,2.96,1.3
TW1983,A3,30,0.5,1,28.78,78.25,60/40,FIX4,50,fresh,0.33,49.46,49.64,0.33,0.33,0.111,2529.5
TW1983,A3,30,0.5,1,28.78,78.25,60/40,GK4,50,fresh,0.02,100.96,259.74,0.13,1.21,0.513,1828.6
TW1983,A3,30,0.5,1,28.78,78.25,60/40,VPW3,50,fresh,0.0,157.17,575.56,0.11,1.07,2.893,0.9
TW1983,A3,30,0.5,1,28.78,78.25,80/19,FIX4,50,fresh,0.3,49.46,49.64,0.3,0.3,0.114,4055.5
TW1983,A3,30,0.5,1,28.78,78.25,80/19,GK4,50,fresh,0.03,113.68,343.57,0.16,2.79,0.473,2956.4
TW1983,A3,30,0.5,1,28.78,78.25,80/19,VPW3,50,fresh,0.0,186.08,789.58,0.15,1.36,2.915,1.5
TW1983,A4,30,0.5,1,29.72,72.78,60/40,FIX4,50,fresh,0.23,49.46,49.64,0.22,0.22,0.138,2316.6
TW1983,A4,30,0.5,1,29.72,72.78,60/40,GK4,50,fresh,0.0,101.33,253.79,0.06,1.1,1.623,1631.2
TW1983,A4,30,0.5,1,29.72,72.78,60/40,VPW3,50,fresh,0.0,155.85,531.34,0.04,0.88,2.98,0.8
TW1983,A4,30,0.5,1,29.72,72.78,80/19,FIX4,50,fresh,0.23,49.46,49.64,0.23,0.23,0.14,3679.9
TW1983,A4,30,0.5,1,29.72,72.78,80/19,GK4,50,fresh,0.0,114.57,338.45,0.07,2.74,1.642,2636.3
TW1983,A4,30,0.5,1,29.72,72.78,80/19,VPW3,50,fresh,0.0,184.34,738.26,0.05,0.97,2.999,1.5
TW1983,A5,30,0.5,1,29.8,61.65,60/40,FIX4,50,fresh,0.1,49.46,49.64,0.1,0.1,0.202,1883.3
TW1983,A5,30,0.5,1,29.8,61.65,60/40,GK4,50,fresh,0.0,99.29,240.98,0.02,1.12,1.616,1262.9
TW1983,A5,30,0.5,1,29.8,61.65,60/40,VPW3,50,fresh,0.0,148.53,449.14,0.0,0.57,2.917,0.7
TW1983,A5,30,0.5,1,29.8,61.65,80/19,FIX4,50,fresh,0.15,49.46,49.64,0.15,0.15,0.172,3010.2
TW1983,A5,30,0.5,1,29.8,61.65,80/19,GK4,50,fresh,0.0,109.46,321.23,0.05,2.88,1.632,2034.6
TW1983,A5,30,0.5,1,29.8,61.65,80/19,VPW3,50,fresh,0.0,173.19,622.58,0.03,0.75,2.926,1.3
TW1983,A1,30,0.5,4,29.2,52.86,60/40,FIX4,50,fresh,0.11,49.46,49.64,0.1,0.1,0.172,1559.1
TW1983,A1,30,0.5,4,29.2,52.86,60/40,GK4,50,fresh,0.0,94.67,226.6,0.04,1.18,1.596,974.4
TW1983,A1,30,0.5,4,29.2,52.86,60/40,VPW3,50,fresh,0.0,140.82,387.8,0.01,0.47,2.731,0.6
TW1983,A1,30,0.5,4,29.2,52.86,80/19,FIX4,50,fresh,0.19,49.46,49.64,0.18,0.18,0.149,2497.6
TW1983,A1,30,0.5,4,29.2,52.86,80/19,GK4,50,fresh,0.0,105.11,304.45,0.11,3.18,1.613,1592.0
TW1983,A1,30,0.5,4,29.2,52.86,80/19,VPW3,50,fresh,0.0,160.93,539.14,0.07,0.73,2.735,1.1
TW1983,A2,30,0.5,4,29.63,65.01,60/40,FIX4,50,fresh,0.16,49.46,49.64,0.16,0.16,0.148,2012.9
TW1983,A2,30,0.5,4,29.63,65.01,60/40,GK4,50,fresh,0.0,100.23,244.27,0.05,1.09,1.615,1367.6
TW1983,A2,30,0.5,4,29.63,65.01,60/40,VPW3,50,fresh,0.0,151.91,473.88,0.02,0.67,2.914,0.7
TW1983,A2,30,0.5,4,29.63,65.01,80/19,FIX4,50,fresh,0.16,49.46,49.64,0.16,0.16,0.148,3231.0
TW1983,A2,30,0.5,4,29.63,65.01,80/19,GK4,50,fresh,0.0,111.09,327.56,0.09,2.91,1.633,2214.8
TW1983,A2,30,0.5,4,29.63,65.01,80/19,VPW3,50,fresh,0.0,176.89,656.11,0.05,0.93,2.926,1.3
TW1983,A3,30,0.5,4,28.47,77.8,60/40,FIX4,50,fresh,0.33,49.46,49.64,0.33,0.33,0.108,2517.7
TW1983,A3,30,0.5,4,28.47,77.8,60/40,GK4,50,fresh,0.04,100.27,258.83,0.17,1.24,0.329,1809.4
TW1983,A3,30,0.5,4,28.47,77.8,60/40,VPW3,50,fresh,0.0,156.39,571.73,0.14,1.18,2.846,0.9
TW1983,A3,30,0.5,4,28.47,77.8,80/19,FIX4,50,fresh,0.32,49.46,49.64,0.32,0.32,0.109,4022.7
TW1983,A3,30,0.5,4,28.47,77.8,80/19,GK4,50,fresh,0.05,112.56,343.11,0.16,2.83,0.4,2930.7
TW1983,A3,30,0.5,4,28.47,77.8,80/19,VPW3,50,fresh,0.0,184.77,786.11,0.17,1.43,2.869,1.5
TW1983,A4,30,0.5,4,29.17,72.36,60/40,FIX4,50,fresh,0.26,49.46,49.64,0.25,0.25,0.129,2306.3
TW1983,A4,30,0.5,4,29.17,72.36,60/40,GK4,50,fresh,0.01,100.68,253.21,0.06,1.11,0.926,1618.7
TW1983,A4,30,0.5,4,29.17,72.36,60/40,VPW3,50,fresh,0.0,154.29,529.15,0.05,0.89,2.943,0.8
TW1983,A4,30,0.5,4,29.17,72.36,80/19,FIX4,50,fresh,0.24,49.46,49.64,0.24,0.24,0.132,3655.8
TW1983,A4,30,0.5,4,29.17,72.36,80/19,GK4,50,fresh,0.01,113.79,338.16,0.08,2.8,0.672,2620.9
TW1983,A4,30,0.5,4,29.17,72.36,80/19,VPW3,50,fresh,0.0,181.86,734.3,0.06,1.05,2.962,1.4
TW1983,A5,30,0.5,4,29.65,61.33,60/40,FIX4,50,fresh,0.15,49.46,49.64,0.15,0.15,0.171,1874.6
TW1983,A5,30,0.5,4,29.65,61.33,60/40,GK4,50,fresh,0.0,98.72,240.32,0.02,1.15,1.614,1252.1
TW1983,A5,30,0.5,4,29.65,61.33,60/40,VPW3,50,fresh,0.0,147.5,446.82,0.0,0.63,2.888,0.7
TW1983,A5,30,0.5,4,29.65,61.33,80/19,FIX4,50,fresh,0.18,49.46,49.64,0.18,0.18,0.158,2996.3
TW1983,A5,30,0.5,4,29.65,61.33,80/19,GK4,50,fresh,0.01,109.33,321.03,0.05,2.91,0.76,2021.6
TW1983,A5,30,0.5,4,29.65,61.33,80/19,VPW3,50,fresh,0.0,172.04,619.91,0.03,0.81,2.897,1.2
TW1983,A1,30,1.0,1,59.41,106.98,60/40,FIX4,50,fresh,0.0,49.46,49.64,0.0,0.0,0.993,3714.4
TW1983,A1,30,1.0,1,59.41,106.98,60/40,GK4,50,fresh,0.0,133.74,293.13,0.0,0.39,1.697,2939.8
TW1983,A1,30,1.0,1,59.41,106.98,60/40,VPW3,50,fresh,0.0,285.6,785.68,0.0,0.0,5.564,1.3
TW1983,A1,30,1.0,1,59.41,106.98,80/19,FIX4,50,fresh,0.0,49.46,49.64,0.0,0.0,0.993,5902.4
TW1983,A1,30,1.0,1,59.41,106.98,80/19,GK4,50,fresh,0.0,145.06,386.35,0.0,1.77,1.713,4735.7
TW1983,A1,30,1.0,1,59.41,106.98,80/19,VPW3,50,fresh,0.0,325.35,1091.16,0.0,0.0,5.575,2.2
TW1983,A2,30,1.0,1,60.66,131.39,60/40,FIX4,50,fresh,0.0,49.46,49.64,0.0,0.0,0.993,4650.4
TW1983,A2,30,1.0,1,60.66,131.39,60/40,GK4,50,fresh,0.0,137.21,303.67,0.0,0.32,1.706,3848.0
TW1983,A2,30,1.0,1,60.66,131.39,60/40,VPW3,50,fresh,0.0,309.45,961.1,0.0,0.0,5.955,1.5
TW1983,A2,30,1.0,1,60.66,131.39,80/19,FIX4,50,fresh,0.0,49.46,49.64,0.0,0.0,0.993,7325.0
TW1983,A2,30,1.0,1,60.66,131.39,80/19,GK4,50,fresh,0.0,149.34,398.72,0.0,1.67,1.722,6096.9
TW1983,A2,30,1.0,1,60.66,131.39,80/19,VPW3,50,fresh,0.0,361.54,1328.04,0.0,0.01,5.98,2.7
TW1983,A3,30,1.0,1,58.23,157.83,60/40,FIX4,50,fresh,0.0,49.46,49.64,0.0,0.0,0.993,5688.1
TW1983,A3,30,1.0,1,58.23,157.83,60/40,GK4,50,fresh,0.0,139.83,311.91,0.0,0.32,1.712,4821.4
TW1983,A3,30,1.0,1,58.23,157.83,60/40,VPW3,50,fresh,0.0,317.51,1161.76,0.0,0.02,5.844,1.8
TW1983,A3,30,1.0,1,58.23,157.83,80/19,FIX4,50,fresh,0.0,49.46,49.64,0.0,0.0,0.993,8988.1
TW1983,A3,30,1.0,1,58.23,157.83,80/19,GK4,50,fresh,0.0,151.52,407.19,0.0,1.59,1.727,7680.1
TW1983,A3,30,1.0,1,58.23,157.83,80/19,VPW3,50,fresh,0.0,377.94,1596.3,0.0,0.02,5.89,3.1
TW1983,A4,30,1.0,1,59.77,146.67,60/40,FIX4,50,fresh,0.0,49.46,49.64,0.0,0.0,0.993,5219.5
TW1983,A4,30,1.0,1,59.77,146.67,60/40,GK4,50,fresh,0.0,139.07,308.91,0.0,0.31,1.71,4381.4
TW1983,A4,30,1.0,1,59.77,146.67,60/40,VPW3,50,fresh,0.0,315.89,1071.03,0.0,0.0,6.02,1.6
TW1983,A4,30,1.0,1,59.77,146.67,80/19,FIX4,50,fresh,0.0,49.46,49.64,0.0,0.0,0.993,8267.7
TW1983,A4,30,1.0,1,59.77,146.67,80/19,GK4,50,fresh,0.0,151.17,404.09,0.0,1.64,1.726,6956.9
TW1983,A4,30,1.0,1,59.77,146.67,80/19,VPW3,50,fresh,0.0,373.1,1487.61,0.0,0.01,6.059,2.9
TW1983,A5,30,1.0,1,60.19,124.11,60/40,FIX4,50,fresh,0.0,49.46,49.64,0.0,0.0,0.993,4385.1
TW1983,A5,30,1.0,1,60.19,124.11,60/40,GK4,50,fresh,0.0,136.68,302.07,0.0,0.36,1.704,3564.9
TW1983,A5,30,1.0,1,60.19,124.11,60/40,VPW3,50,fresh,0.0,300.26,905.18,0.0,0.0,5.893,1.4
TW1983,A5,30,1.0,1,60.19,124.11,80/19,FIX4,50,fresh,0.0,49.46,49.64,0.0,0.0,0.993,6903.2
TW1983,A5,30,1.0,1,60.19,124.11,80/19,GK4,50,fresh,0.0,148.27,396.17,0.0,1.64,1.72,5652.4
TW1983,A5,30,1.0,1,60.19,124.11,80/19,VPW3,50,fresh,0.0,351.0,1253.61,0.0,0.0,5.912,2.5
TW1983,A1,30,1.0,4,59.1,106.47,60/40,FIX4,50,fresh,0.0,49.46,49.64,0.0,0.0,0.993,3696.8
TW1983,A1,30,1.0,4,59.1,106.47,60/40,GK4,50,fresh,0.0,133.32,292.94,0.0,0.39,1.696,2923.9
TW1983,A1,30,1.0,4,59.1,106.47,60/40,VPW3,50,fresh,0.0,284.37,782.1,0.0,0.0,5.531,1.3
TW1983,A1,30,1.0,4,59.1,106.47,80/19,FIX4,50,fresh,0.0,49.46,49.64,0.0,0.0,0.993,5879.0
TW1983,A1,30,1.0,4,59.1,106.47,80/19,GK4,50,fresh,0.0,145.04,386.25,0.0,1.77,1.712,4720.7
TW1983,A1,30,1.0,4,59.1,106.47,80/19,VPW3,50,fresh,0.0,325.01,1088.07,0.0,0.0,5.541,2.2
TW1983,A2,30,1.0,4,59.92,130.87,60/40,FIX4,50,fresh,0.0,49.46,49.64,0.0,0.0,0.993,4629.0
TW1983,A2,30,1.0,4,59.92,130.87,60/40,GK4,50,fresh,0.0,136.82,303.62,0.0,0.32,1.706,3827.8
TW1983,A2,30,1.0,4,59.92,130.87,60/40,VPW3,50,fresh,0.0,307.73,957.77,0.0,0.0,5.907,1.5
TW1983,A2,30,1.0,4,59.92,130.87,80/19,FIX4,50,fresh,0.0,49.46,49.64,0.0,0.0,0.993,7290.8
TW1983,A2,30,1.0,4,59.92,130.87,80/19,GK4,50,fresh,0.0,149.13,398.51,0.0,1.67,1.722,6066.3
TW1983,A2,30,1.0,4,59.92,130.87,80/19,VPW3,50,fresh,0.0,358.45,1322.55,0.0,0.02,5.933,2.7
TW1983,A3,30,1.0,4,57.76,157.07,60/40,FIX4,50,fresh,0.0,49.46,49.64,0.0,0.0,0.993,5659.5
TW1983,A3,30,1.0,4,57.76,157.07,60/40,GK4,50,fresh,0.0,139.31,311.82,0.0,0.32,1.711,4796.0
TW1983,A3,30,1.0,4,57.76,157.07,60/40,VPW3,50,fresh,0.0,315.83,1155.83,0.0,0.02,5.777,1.8
TW1983,A3,30,1.0,4,57.76,157.07,80/19,FIX4,50,fresh,0.0,49.46,49.64,0.0,0.0,0.993,8966.1
TW1983,A3,30,1.0,4,57.76,157.07,80/19,GK4,50,fresh,0.0,151.33,406.61,0.0,1.59,1.727,7638.5
TW1983,A3,30,1.0,4,57.76,157.07,80/19,VPW3,50,fresh,0.0,374.46,1585.56,0.0,0.02,5.824,3.1
TW1983,A4,30,1.0,4,59.11,146.19,60/40,FIX4,50,fresh,0.0,49.46,49.64,0.0,0.0,0.993,5204.4
TW1983,A4,30,1.0,4,59.11,146.19,60/40,GK4,50,fresh,0.0,138.56,308.74,0.0,0.31,1.71,4362.0
TW1983,A4,30,1.0,4,59.11,146.19,60/40,VPW3,50,fresh,0.0,313.61,1067.47,0.0,0.0,5.967,1.6
TW1983,A4,30,1.0,4,59.11,146.19,80/19,FIX4,50,fresh,0.0,49.46,49.64,0.0,0.0,0.993,8239.3
TW1983,A4,30,1.0,4,59.11,146.19,80/19,GK4,50,fresh,0.0,151.04,403.86,0.0,1.65,1.726,6931.8
TW1983,A4,30,1.0,4,59.11,146.19,80/19,VPW3,50,fresh,0.0,369.74,1480.72,0.0,0.01,6.007,2.9
TW1983,A5,30,1.0,4,59.91,123.73,60/40,FIX4,50,fresh,0.0,49.46,49.64,0.0,0.0,0.993,4370.6
TW1983,A5,30,1.0,4,59.91,123.73,60/40,GK4,50,fresh,0.0,136.47,301.75,0.0,0.37,1.703,3548.1
TW1983,A5,30,1.0,4,59.91,123.73,60/40,VPW3,50,fresh,0.0,299.52,902.09,0.0,0.0,5.852,1.4
TW1983,A5,30,1.0,4,59.91,123.73,80/19,FIX4,50,fresh,0.0,49.46,49.64,0.0,0.0,0.993,6878.1
TW1983,A5,30,1.0,4,59.91,123.73,80/19,GK4,50,fresh,0.0,148.11,395.54,0.0,1.66,1.719,5630.7
TW1983,A5,30,1.0,4,59.91,123.73,80/19,VPW3,50,fresh,0.0,347.06,1249.36,0.0,0.0,5.872,2.5
TW1983,A1,40,0.5,1,56.81,119.61,60/40,FIX4,50,fresh,0.0,49.46,49.64,0.0,0.0,0.993,4218.0
TW1983,A1,40,0.5,1,56.81,119.61,60/40,GK4,50,fresh,0.0,134.73,298.56,0.0,0.33,1.701,3398.9
TW1983,A1,40,0.5,1,56.81,119.61,60/40,VPW3,50,fresh,0.0,288.47,884.91,0.0,0.01,5.598,1.4
TW1983,A1,40,0.5,1,56.81,119.61,80/19,FIX4,50,fresh,0.0,49.46,49.64,0.0,0.0,0.993,6643.2
TW1983,A1,40,0.5,1,56.81,119.61,80/19,GK4,50,fresh,0.0,145.44,391.88,0.0,1.66,1.717,5419.5
TW1983,A1,40,0.5,1,56.81,119.61,80/19,VPW3,50,fresh,0.0,332.53,1214.18,0.0,0.01,5.634,2.4
TW1983,A2,40,0.5,1,60.18,158.53,60/40,FIX4,50,fresh,0.0,49.46,49.64,0.0,0.0,0.993,5757.5
TW1983,A2,40,0.5,1,60.18,158.53,60/40,GK4,50,fresh,0.0,140.2,312.28,0.0,0.27,1.713,4871.5
TW1983,A2,40,0.5,1,60.18,158.53,60/40,VPW3,50,fresh,0.0,324.72,1157.24,0.0,0.01,6.099,1.8
TW1983,A2,40,0.5,1,60.18,158.53,80/19,FIX4,50,fresh,0.0,49.46,49.64,0.0,0.0,0.993,8981.3
TW1983,A2,40,0.5,1,60.18,158.53,80/19,GK4,50,fresh,0.0,151.26,407.73,0.0,1.55,1.729,7675.2
TW1983,A2,40,0.5,1,60.18,158.53,80/19,VPW3,50,fresh,0.0,382.67,1603.44,0.0,0.01,6.155,3.1
TW1983,A3,40,0.5,1,58.54,202.91,60/40,FIX4,50,fresh,0.0,49.46,49.64,0.0,0.0,0.993,7528.4
TW1983,A3,40,0.5,1,58.54,202.91,60/40,GK4,50,fresh,0.0,141.8,320.71,0.0,0.3,1.718,6595.1
TW1983,A3,40,0.5,1,58.54,202.91,60/40,VPW3,50,fresh,0.0,342.21,1489.84,0.01,0.08,5.836,2.2
TW1983,A3,40,0.5,1,58.54,202.91,80/19,FIX4,50,fresh,0.0,49.46,49.64,0.0,0.0,0.993,11755.5
TW1983,A3,40,0.5,1,58.54,202.91,80/19,GK4,50,fresh,0.0,154.42,416.06,0.0,1.45,1.735,10352.8
TW1983,A3,40,0.5,1,58.54,202.91,80/19,VPW3,50,fresh,0.0,408.27,2058.55,0.01,0.08,5.911,3.8
TW1983,A4,40,0.5,1,59.94,189.68,60/40,FIX4,50,fresh,0.0,49.46,49.64,0.0,0.0,0.993,6950.4
TW1983,A4,40,0.5,1,59.94,189.68,60/40,GK4,50,fresh,0.0,141.95,318.27,0.0,0.27,1.718,6060.3
TW1983,A4,40,0.5,1,59.94,189.68,60/40,VPW3,50,fresh,0.0,340.45,1380.99,0.0,0.03,6.103,2.1
TW1983,A4,40,0.5,1,59.94,189.68,80/19,FIX4,50,fresh,0.0,49.46,49.64,0.0,0.0,0.993,10842.1
TW1983,A4,40,0.5,1,59.94,189.68,80/19,GK4,50,fresh,0.0,154.34,413.27,0.0,1.46,1.734,9521.5
TW1983,A4,40,0.5,1,59.94,189.68,80/19,VPW3,50,fresh,0.0,403.3,1920.05,0.0,0.03,6.166,3.6
TW1983,A5,40,0.5,1,59.1,160.01,60/40,FIX4,50,fresh,0.0,49.46,49.64,0.0,0.0,0.993,5773.7
TW1983,A5,40,0.5,1,59.1,160.01,60/40,GK4,50,fresh,0.0,140.42,311.87,0.0,0.29,1.713,4900.0
TW1983,A5,40,0.5,1,59.1,160.01,60/40,VPW3,50,fresh,0.0,325.51,1167.9,0.0,0.0,6.058,1.8
TW1983,A5,40,0.5,1,59.1,160.01,80/19,FIX4,50,fresh,0.0,49.46,49.64,0.0,0.0,0.993,9093.9
TW1983,A5,40,0.5,1,59.1,160.01,80/19,GK4,50,fresh,0.0,151.41,407.81,0.0,1.55,1.729,7764.9
TW1983,A5,40,0.5,1,59.1,160.01,80/19,VPW3,50,fresh,0.0,382.04,1617.91,0.0,0.01,6.1,3.1
TW1983,A1,40,0.5,4,56.26,119.08,60/40,FIX4,50,fresh,0.0,49.46,49.64,0.0,0.0,0.993,4186.4
TW1983,A1,40,0.5,4,56.26,119.08,60/40,GK4,50,fresh,0.0,134.52,297.67,0.0,0.33,1.7,3377.7
TW1983,A1,40,0.5,4,56.26,119.08,60/40,VPW3,50,fresh,0.0,286.35,879.34,0.0,0.01,5.558,1.4
TW1983,A1,40,0.5,4,56.26,119.08,80/19,FIX4,50,fresh,0.0,49.46,49.64,0.0,0.0,0.993,6614.4
TW1983,A1,40,0.5,4,56.26,119.08,80/19,GK4,50,fresh,0.0,145.27,391.53,0.0,1.67,1.717,5380.9
TW1983,A1,40,0.5,4,56.26,119.08,80/19,VPW3,50,fresh,0.0,330.76,1207.93,0.0,0.01,5.595,2.4
TW1983,A2,40,0.5,4,59.63,157.41,60/40,FIX4,50,fresh,0.0,49.46,49.64,0.0,0.0,0.993,5714.0
TW1983,A2,40,0.5,4,59.63,157.41,60/40,GK4,50,fresh,0.0,140.13,311.85,0.0,0.27,1.712,4828.3
TW1983,A2,40,0.5,4,59.63,157.41,60/40,VPW3,50,fresh,0.0,323.77,1151.21,0.0,0.01,6.046,1.8
TW1983,A2,40,0.5,4,59.63,157.41,80/19,FIX4,50,fresh,0.0,49.46,49.64,0.0,0.0,0.993,8918.3
TW1983,A2,40,0.5,4,59.63,157.41,80/19,GK4,50,fresh,0.0,151.14,407.04,0.0,1.55,1.729,7629.3
TW1983,A2,40,0.5,4,59.63,157.41,80/19,VPW3,50,fresh,0.0,380.31,1595.77,0.0,0.02,6.103,3.1
TW1983,A3,40,0.5,4,58.32,202.1,60/40,FIX4,50,fresh,0.01,49.46,49.64,0.01,0.01,0.546,7468.1
TW1983,A3,40,0.5,4,58.32,202.1,60/40,GK4,50,fresh,0.0,141.67,320.19,0.0,0.3,1.718,6531.6
TW1983,A3,40,0.5,4,58.32,202.1,60/40,VPW3,50,fresh,0.0,340.43,1478.03,0.01,0.08,5.778,2.2
TW1983,A3,40,0.5,4,58.32,202.1,80/19,FIX4,50,fresh,0.01,49.46,49.64,0.01,0.01,0.461,11698.5
TW1983,A3,40,0.5,4,58.32,202.1,80/19,GK4,50,fresh,0.0,154.41,415.76,0.0,1.45,1.735,10279.0
TW1983,A3,40,0.5,4,58.32,202.1,80/19,VPW3,50,fresh,0.0,404.2,2048.11,0.01,0.08,5.851,3.8
TW1983,A4,40,0.5,4,59.36,188.77,60/40,FIX4,50,fresh,0.0,49.46,49.64,0.0,0.0,0.993,6915.4
TW1983,A4,40,0.5,4,59.36,188.77,60/40,GK4,50,fresh,0.0,141.73,318.11,0.0,0.27,1.717,6013.0
TW1983,A4,40,0.5,4,59.36,188.77,60/40,VPW3,50,fresh,0.0,337.99,1371.45,0.0,0.03,6.043,2.0
TW1983,A4,40,0.5,4,59.36,188.77,80/19,FIX4,50,fresh,0.0,49.46,49.64,0.0,0.0,0.993,10779.5
TW1983,A4,40,0.5,4,59.36,188.77,80/19,GK4,50,fresh,0.0,154.18,413.07,0.0,1.46,1.734,9452.4
TW1983,A4,40,0.5,4,59.36,188.77,80/19,VPW3,50,fresh,0.0,400.34,1908.51,0.0,0.03,6.107,3.5
TW1983,A5,40,0.5,4,58.63,158.98,60/40,FIX4,50,fresh,0.0,49.46,49.64,0.0,0.0,0.993,5724.5
TW1983,A5,40,0.5,4,58.63,158.98,60/40,GK4,50,fresh,0.0,140.14,311.64,0.0,0.29,1.712,4873.0
TW1983,A5,40,0.5,4,58.63,158.98,60/40,VPW3,50,fresh,0.0,321.91,1161.4,0.0,0.0,6.006,1.8
TW1983,A5,40,0.5,4,58.63,158.98,80/19,FIX4,50,fresh,0.0,49.46,49.64,0.0,0.0,0.993,9046.4
TW1983,A5,40,0.5,4,58.63,158.98,80/19,GK4,50,fresh,0.0,151.31,407.22,0.0,1.55,1.728,7720.3
TW1983,A5,40,0.5,4,58.63,158.98,80/19,VPW3,50,fresh,0.0,378.77,1611.4,0.0,0.01,6.048,3.1
TW1983,A1,40,1.0,1,114.6,240.69,60/40,FIX4,50,fresh,0.0,49.46,49.64,0.0,0.0,0.993,9055.5
TW1983,A1,40,1.0,1,114.6,240.69,60/40,GK4,50,fresh,0.0,155.23,335.9,0.0,0.22,1.735,8126.0
TW1983,A1,40,1.0,1,114.6,240.69,60/40,VPW3,50,fresh,0.0,582.0,1780.5,0.0,0.0,11.297,2.8
TW1983,A1,40,1.0,1,114.6,240.69,80/19,FIX4,50,fresh,0.0,49.46,49.64,0.0,0.0,0.993,14232.1
TW1983,A1,40,1.0,1,114.6,240.69,80/19,GK4,50,fresh,0.0,166.5,435.25,0.0,1.22,1.752,12873.2
TW1983,A1,40,1.0,1,114.6,240.69,80/19,VPW3,50,fresh,0.0,670.23,2447.38,0.0,0.0,11.371,4.9
TW1983,A2,40,1.0,1,121.07,319.31,60/40,FIX4,50,fresh,0.0,49.46,49.64,0.0,0.0,0.993,12166.4
TW1983,A2,40,1.0,1,121.07,319.31,60/40,GK4,50,fresh,0.0,158.71,343.35,0.0,0.22,1.741,11248.7
TW1983,A2,40,1.0,1,121.07,319.31,60/40,VPW3,50,fresh,0.0,654.18,2337.1,0.0,0.0,12.303,3.6
TW1983,A2,40,1.0,1,121.07,319.31,80/19,FIX4,50,fresh,0.0,49.46,49.64,0.0,0.0,0.993,18906.9
TW1983,A2,40,1.0,1,121.07,319.31,80/19,GK4,50,fresh,0.0,170.82,444.41,0.0,1.17,1.757,17507.0
TW1983,A2,40,1.0,1,121.07,319.31,80/19,VPW3,50,fresh,0.0,773.22,3232.27,0.0,0.0,12.417,6.2
TW1983,A3,40,1.0,1,118.14,408.5,60/40,FIX4,50,fresh,0.0,49.46,49.64,0.0,0.0,0.993,15734.8
TW1983,A3,40,1.0,1,118.14,408.5,60/40,GK4,50,fresh,0.0,160.05,348.61,0.0,0.2,1.744,14743.9
TW1983,A3,40,1.0,1,118.14,408.5,60/40,VPW3,50,fresh,0.0,691.39,3000.0,0.0,0.0,11.767,4.4
TW1983,A3,40,1.0,1,118.14,408.5,80/19,FIX4,50,fresh,0.0,49.46,49.64,0.0,0.0,0.993,24595.6
TW1983,A3,40,1.0,1,118.14,408.5,80/19,GK4,50,fresh,0.0,173.03,449.32,0.0,1.11,1.76,23188.5
TW1983,A3,40,1.0,1,118.14,408.5,80/19,VPW3,50,fresh,0.0,821.15,4144.5,0.0,0.0,11.917,7.7
TW1983,A4,40,1.0,1,120.4,382.9,60/40,FIX4,50,fresh,0.0,49.46,49.64,0.0,0.0,0.993,14600.0
TW1983,A4,40,1.0,1,120.4,382.9,60/40,GK4,50,fresh,0.0,159.27,347.36,0.0,0.21,1.744,13628.9
TW1983,A4,40,1.0,1,120.4,382.9,60/40,VPW3,50,fresh,0.0,686.8,2791.12,0.0,0.0,12.309,4.1
TW1983,A4,40,1.0,1,120.4,382.9,80/19,FIX4,50,fresh,0.0,49.46,49.64,0.0,0.0,0.993,22691.6
TW1983,A4,40,1.0,1,120.4,382.9,80/19,GK4,50,fresh,0.0,172.65,447.98,0.0,1.1,1.76,21297.2
TW1983,A4,40,1.0,1,120.4,382.9,80/19,VPW3,50,fresh,0.0,808.87,3877.64,0.0,0.0,12.437,7.2
TW1983,A5,40,1.0,1,119.34,322.02,60/40,FIX4,50,fresh,0.0,49.46,49.64,0.0,0.0,0.993,12208.0
TW1983,A5,40,1.0,1,119.34,322.02,60/40,GK4,50,fresh,0.0,157.31,343.26,0.0,0.21,1.741,11233.8
TW1983,A5,40,1.0,1,119.34,322.02,60/40,VPW3,50,fresh,0.0,655.43,2353.24,0.0,0.0,12.227,3.6
TW1983,A5,40,1.0,1,119.34,322.02,80/19,FIX4,50,fresh,0.0,49.46,49.64,0.0,0.0,0.993,19163.2
TW1983,A5,40,1.0,1,119.34,322.02,80/19,GK4,50,fresh,0.0,170.64,443.66,0.0,1.16,1.757,17833.4
TW1983,A5,40,1.0,1,119.34,322.02,80/19,VPW3,50,fresh,0.0,769.39,3256.9,0.0,0.0,12.311,6.2
TW1983,A1,40,1.0,4,114.02,239.67,60/40,FIX4,50,fresh,0.0,49.46,49.64,0.0,0.0,0.993,9031.9
TW1983,A1,40,1.0,4,114.02,239.67,60/40,GK4,50,fresh,0.0,154.93,335.85,0.0,0.22,1.735,8085.8
TW1983,A1,40,1.0,4,114.02,239.67,60/40,VPW3,50,fresh,0.0,580.11,1771.98,0.0,0.0,11.239,2.8
TW1983,A1,40,1.0,4,114.02,239.67,80/19,FIX4,50,fresh,0.0,49.46,49.64,0.0,0.0,0.993,14196.0
TW1983,A1,40,1.0,4,114.02,239.67,80/19,GK4,50,fresh,0.0,166.5,435.06,0.0,1.22,1.752,12808.2
TW1983,A1,40,1.0,4,114.02,239.67,80/19,VPW3,50,fresh,0.0,669.4,2441.09,0.0,0.0,11.314,4.8
TW1983,A2,40,1.0,4,120.49,317.57,60/40,FIX4,50,fresh,0.0,49.46,49.64,0.0,0.0,0.993,12119.5
TW1983,A2,40,1.0,4,120.49,317.57,60/40,GK4,50,fresh,0.0,158.5,343.19,0.0,0.22,1.741,11196.8
TW1983,A2,40,1.0,4,120.49,317.57,60/40,VPW3,50,fresh,0.0,652.71,2332.56,0.0,0.0,12.227,3.6
TW1983,A2,40,1.0,4,120.49,317.57,80/19,FIX4,50,fresh,0.0,49.46,49.64,0.0,0.0,0.993,18815.7
TW1983,A2,40,1.0,4,120.49,317.57,80/19,GK4,50,fresh,0.0,170.82,444.1,0.0,1.17,1.757,17438.3
TW1983,A2,40,1.0,4,120.49,317.57,80/19,VPW3,50,fresh,0.0,767.15,3219.08,0.0,0.0,12.342,6.2
TW1983,A3,40,1.0,4,117.44,406.54,60/40,FIX4,50,fresh,0.0,49.46,49.64,0.0,0.0,0.993,15649.6
TW1983,A3,40,1.0,4,117.44,406.54,60/40,GK4,50,fresh,0.0,160.0,348.27,0.0,0.2,1.744,14704.5
TW1983,A3,40,1.0,4,117.44,406.54,60/40,VPW3,50,fresh,0.0,685.04,2987.47,0.0,0.0,11.682,4.4
TW1983,A3,40,1.0,4,117.44,406.54,80/19,FIX4,50,fresh,0.0,49.46,49.64,0.0,0.0,0.993,24499.7
TW1983,A3,40,1.0,4,117.44,406.54,80/19,GK4,50,fresh,0.0,172.94,448.84,0.0,1.11,1.76,22956.4
TW1983,A3,40,1.0,4,117.44,406.54,80/19,VPW3,50,fresh,0.0,816.42,4130.06,0.0,0.0,11.831,7.6
TW1983,A4,40,1.0,4,119.84,381.19,60/40,FIX4,50,fresh,0.0,49.46,49.64,0.0,0.0,0.993,14508.8
TW1983,A4,40,1.0,4,119.84,381.19,60/40,GK4,50,fresh,0.0,159.09,347.17,0.0,0.21,1.744,13569.0
TW1983,A4,40,1.0,4,119.84,381.19,60/40,VPW3,50,fresh,0.0,683.62,2771.45,0.0,0.0,12.224,4.1
TW1983,A4,40,1.0,4,119.84,381.19,80/19,FIX4,50,fresh,0.0,49.46,49.64,0.0,0.0,0.993,22610.4
TW1983,A4,40,1.0,4,119.84,381.19,80/19,GK4,50,fresh,0.0,172.32,447.65,0.0,1.1,1.759,21208.4
TW1983,A4,40,1.0,4,119.84,381.19,80/19,VPW3,50,fresh,0.0,806.17,3849.15,0.0,0.0,12.351,7.2
TW1983,A5,40,1.0,4,118.57,320.69,60/40,FIX4,50,fresh,0.0,49.46,49.64,0.0,0.0,0.993,12152.2
TW1983,A5,40,1.0,4,118.57,320.69,60/40,GK4,50,fresh,0.0,157.28,343.12,0.0,0.21,1.741,11173.5
TW1983,A5,40,1.0,4,118.57,320.69,60/40,VPW3,50,fresh,0.0,652.99,2343.4,0.0,0.0,12.151,3.5
TW1983,A5,40,1.0,4,118.57,320.69,80/19,FIX4,50,fresh,0.0,49.46,49.64,0.0,0.0,0.993,19121.7
TW1983,A5,40,1.0,4,118.57,320.69,80/19,GK4,50,fresh,0.0,170.64,443.56,0.0,1.16,1.757,17733.4
TW1983,A5,40,1.0,4,118.57,320.69,80/19,VPW3,50,fresh,0.0,766.52,3250.46,0.0,0.0,12.237,6.2
