engine,age,floor_ratio,pension,pension_mult,pension_eff,strategy,family,feasible_pct,invest0,ladder_cost,ann_prem,ruin_alive_pct,breach1_pct,breach3_pct,life_p5,life_med,avg_p5,avg_med,ce_g4,spend_vol,spend_dd_max,spend_dd_yrs,bequest_med,capit_pct,p90_ruin_pct,p90_breach1_pct,p90_avg_p5,p90_avg_med
US1934,65,0.35,0.0,1.0,0.0,VPW3 60/40,dynamic,100.0,1.0,0.0,0.0,0.0,0.0,0.0,0.185,1.151,0.0353,0.0548,0.0431,0.121,0.344,4.0,2.427,0.0,0.0,0.0,0.0317,0.0561
US1934,65,0.35,0.0,1.0,0.0,VPW3 80/20,dynamic,100.0,1.0,0.0,0.0,0.02,0.02,0.01,0.185,1.268,0.0356,0.0609,0.0198,0.146,0.376,5.0,3.793,0.0,0.26,0.26,0.0324,0.0674
US1934,65,0.35,0.0,1.0,0.0,GK 60/40,dynamic,100.0,1.0,0.0,0.0,0.0,0.0,0.0,0.16,0.861,0.029,0.0415,0.0356,0.043,0.1,0.0,4.382,0.0,0.0,0.0,0.0266,0.0442
US1934,65,0.35,0.0,1.0,0.0,GK 80/20,dynamic,100.0,1.0,0.0,0.0,0.0,0.0,0.0,0.16,0.907,0.029,0.0447,0.0365,0.046,0.1,0.0,7.094,0.0,0.0,0.0,0.027,0.0491
US1934,65,0.35,0.0,1.0,0.0,FIX 60/40,fixed,100.0,1.0,0.0,0.0,3.01,2.75,2.0,0.16,0.88,0.04,0.04,0.0027,0.0,0.0,0.0,4.562,0.0,9.55,9.03,0.0337,0.04
US1934,65,0.35,0.0,1.0,0.0,S1 VPW3 100/0,floor,100.0,1.0,0.0,0.0,0.09,0.06,0.03,0.184,1.376,0.0346,0.0668,0.0121,0.174,0.428,5.0,5.601,0.0,0.65,0.52,0.0322,0.0797
US1934,65,0.35,0.0,1.0,0.0,S2 ladder10r + VPW3 100/0,floor,100.0,0.867,0.133,0.0,0.13,0.12,0.05,0.22,1.334,0.0374,0.0663,0.0101,0.16,0.438,6.0,4.858,0.0,0.92,0.79,0.0322,0.0733
US1934,65,0.35,0.0,1.0,0.0,S2 ladder15r + VPW3 100/0,floor,100.0,0.806,0.194,0.0,0.16,0.15,0.07,0.208,1.319,0.0381,0.0646,0.0092,0.15,0.401,5.0,4.515,0.0,1.05,1.05,0.0324,0.0705
US1934,65,0.35,0.0,1.0,0.0,S2 ladder20r + VPW3 100/0,floor,100.0,0.747,0.253,0.0,0.16,0.16,0.08,0.197,1.298,0.0381,0.0625,0.0092,0.141,0.37,5.0,4.187,0.0,1.05,1.05,0.0328,0.0679
US1934,65,0.35,0.0,1.0,0.0,S2 ladder15r + VPW3 80/20,floor,100.0,0.806,0.194,0.0,0.08,0.05,0.03,0.208,1.231,0.0383,0.0598,0.014,0.128,0.376,5.0,3.057,0.0,0.52,0.39,0.0328,0.0607
US1934,65,0.35,0.0,1.0,0.0,S2 ladder15r(0%) + VPW3 100/0,floor,100.0,0.79,0.21,0.0,0.17,0.16,0.07,0.205,1.297,0.0375,0.0635,0.009,0.15,0.4,5.0,4.426,0.0,1.05,1.05,0.0319,0.0692
US1934,65,0.35,0.0,1.0,0.0,S2 ladder15n + VPW3 100/0,floor,100.0,0.815,0.185,0.0,0.17,0.15,0.07,0.208,1.328,0.0375,0.0651,0.0092,0.151,0.407,5.0,4.53,0.0,1.05,0.92,0.0327,0.0711
US1934,65,0.35,0.0,1.0,0.0,S3 ann80n load10 + VPW3 100/0,floor,100.0,0.895,0.0,0.105,0.02,0.02,0.01,0.165,1.289,0.0322,0.0614,0.0416,0.172,0.417,5.0,5.014,0.0,0.26,0.26,0.0313,0.0746
US1934,65,0.35,0.0,1.0,0.0,S3 ann80n load20 + VPW3 100/0,floor,100.0,0.886,0.0,0.114,0.03,0.02,0.02,0.163,1.276,0.0319,0.0608,0.0412,0.172,0.417,5.0,4.96,0.0,0.26,0.26,0.031,0.0738
US1934,65,0.35,0.0,1.0,0.0,S3 ann80n load30 + VPW3 100/0,floor,100.0,0.876,0.0,0.124,0.03,0.02,0.02,0.161,1.263,0.0316,0.0602,0.0408,0.172,0.417,5.0,4.907,0.0,0.26,0.26,0.0307,0.0731
US1934,65,0.35,0.0,1.0,0.0,S3 ann85n load20 + VPW3 100/0,floor,100.0,0.932,0.0,0.068,0.03,0.03,0.02,0.172,1.307,0.0328,0.063,0.042,0.173,0.423,5.0,5.221,0.0,0.26,0.26,0.0316,0.0763
US1934,65,0.35,0.0,1.0,0.0,S3 ann80r load20 + VPW3 100/0 (假設性),floor,100.0,0.866,0.0,0.134,0.0,0.0,0.0,0.159,1.308,0.0329,0.0613,0.0431,0.172,0.405,5.0,4.848,0.0,0.0,0.0,0.0354,0.0767
US1934,65,0.35,0.0,1.0,0.0,S4 ladder15r + ann85n + VPW3 100/0,floor,100.0,0.738,0.194,0.068,0.07,0.05,0.03,0.195,1.249,0.0365,0.0607,0.0424,0.149,0.393,5.0,4.135,0.0,0.52,0.39,0.0318,0.0674
US1934,65,0.35,0.01,1.0,0.01,VPW3 60/40,dynamic,100.0,1.0,0.0,0.0,0.0,0.0,0.0,0.226,1.372,0.0451,0.0646,0.056,0.101,0.299,3.0,2.427,0.0,0.0,0.0,0.0413,0.0659
US1934,65,0.35,0.01,1.0,0.01,VPW3 80/20,dynamic,100.0,1.0,0.0,0.0,0.0,0.0,0.0,0.226,1.486,0.0455,0.0707,0.0579,0.123,0.333,4.0,3.793,0.0,0.0,0.0,0.0421,0.0772
US1934,65,0.35,0.01,1.0,0.01,GK 60/40,dynamic,100.0,1.0,0.0,0.0,0.0,0.0,0.0,0.16,0.921,0.0336,0.0433,0.0408,0.032,0.015,0.0,5.476,0.0,0.0,0.0,0.0326,0.0468
US1934,65,0.35,0.01,1.0,0.01,GK 80/20,dynamic,100.0,1.0,0.0,0.0,0.0,0.0,0.0,0.16,0.949,0.0336,0.0455,0.0416,0.034,0.018,0.0,8.793,0.0,0.0,0.0,0.033,0.0488
US1934,65,0.35,0.01,1.0,0.01,FIX 60/40,fixed,100.0,1.0,0.0,0.0,0.37,0.35,0.25,0.16,0.88,0.0399,0.04,0.0394,0.005,0.011,0.0,5.772,0.0,1.96,1.83,0.04,0.04
US1934,65,0.35,0.01,1.0,0.01,S1 VPW3 100/0,floor,100.0,1.0,0.0,0.0,0.0,0.0,0.0,0.226,1.604,0.0444,0.0766,0.0578,0.148,0.381,5.0,5.603,0.0,0.0,0.0,0.042,0.0895
US1934,65,0.35,0.01,1.0,0.01,S2 ladder10r + VPW3 100/0,floor,100.0,0.962,0.038,0.0,0.0,0.0,0.0,0.235,1.593,0.0453,0.0765,0.0581,0.144,0.378,5.0,5.391,0.0,0.0,0.0,0.042,0.0877
US1934,65,0.35,0.01,1.0,0.01,S2 ladder15r + VPW3 100/0,floor,100.0,0.945,0.055,0.0,0.0,0.0,0.0,0.232,1.588,0.0455,0.0761,0.0583,0.142,0.371,5.0,5.292,0.0,0.0,0.0,0.0421,0.0869
US1934,65,0.35,0.01,1.0,0.01,S2 ladder20r + VPW3 100/0,floor,100.0,0.928,0.072,0.0,0.0,0.0,0.0,0.229,1.58,0.0453,0.0754,0.0583,0.14,0.366,4.0,5.198,0.0,0.0,0.0,0.0422,0.0861
US1934,65,0.35,0.01,1.0,0.01,S2 ladder15r + VPW3 80/20,floor,100.0,0.945,0.055,0.0,0.0,0.0,0.0,0.233,1.477,0.0463,0.0704,0.0581,0.118,0.329,4.0,3.583,0.0,0.0,0.0,0.0421,0.0753
US1934,65,0.35,0.01,1.0,0.01,S2 ladder15r(0%) + VPW3 100/0,floor,100.0,0.94,0.06,0.0,0.0,0.0,0.0,0.232,1.582,0.0453,0.0758,0.0581,0.141,0.371,5.0,5.267,0.0,0.0,0.0,0.0419,0.0865
US1934,65,0.35,0.01,1.0,0.01,S2 ladder15n + VPW3 100/0,floor,100.0,0.947,0.053,0.0,0.0,0.0,0.0,0.234,1.589,0.0454,0.0761,0.0582,0.142,0.371,5.0,5.291,0.0,0.0,0.0,0.0418,0.087
US1934,65,0.35,0.01,1.0,0.01,S3 ann80n load10 + VPW3 100/0,floor,100.0,0.97,0.0,0.03,0.0,0.0,0.0,0.221,1.578,0.0438,0.0752,0.0574,0.147,0.377,5.0,5.435,0.0,0.0,0.0,0.0415,0.088
US1934,65,0.35,0.01,1.0,0.01,S3 ann80n load20 + VPW3 100/0,floor,100.0,0.967,0.0,0.033,0.0,0.0,0.0,0.22,1.575,0.0437,0.075,0.0573,0.147,0.377,5.0,5.42,0.0,0.0,0.0,0.0415,0.0878
US1934,65,0.35,0.01,1.0,0.01,S3 ann80n load30 + VPW3 100/0,floor,100.0,0.965,0.0,0.035,0.0,0.0,0.0,0.22,1.571,0.0436,0.0748,0.0571,0.147,0.377,5.0,5.405,0.0,0.0,0.0,0.0414,0.0876
US1934,65,0.35,0.01,1.0,0.01,S3 ann85n load20 + VPW3 100/0,floor,100.0,0.981,0.0,0.019,0.0,0.0,0.0,0.222,1.585,0.044,0.0756,0.0575,0.148,0.379,5.0,5.494,0.0,0.0,0.0,0.0416,0.0885
US1934,65,0.35,0.01,1.0,0.01,S3 ann80r load20 + VPW3 100/0 (假設性),floor,100.0,0.962,0.0,0.038,0.0,0.0,0.0,0.219,1.586,0.044,0.0751,0.0582,0.146,0.373,5.0,5.388,0.0,0.0,0.0,0.0429,0.0887
US1934,65,0.35,0.01,1.0,0.01,S4 ladder15r + ann85n + VPW3 100/0,floor,100.0,0.925,0.055,0.019,0.0,0.0,0.0,0.229,1.568,0.045,0.0749,0.0581,0.141,0.369,5.0,5.184,0.0,0.0,0.0,0.0417,0.0859
US1934,65,0.35,0.01,0.7,0.007,VPW3 60/40,dynamic,100.0,1.0,0.0,0.0,0.0,0.0,0.0,0.215,1.306,0.0422,0.0616,0.0522,0.106,0.311,3.0,2.427,0.0,0.0,0.0,0.0384,0.0629
US1934,65,0.35,0.01,0.7,0.007,VPW3 80/20,dynamic,100.0,1.0,0.0,0.0,0.0,0.0,0.0,0.214,1.421,0.0425,0.0677,0.0539,0.129,0.344,4.0,3.793,0.0,0.0,0.0,0.0391,0.0742
US1934,65,0.35,0.01,0.7,0.007,GK 60/40,dynamic,100.0,1.0,0.0,0.0,0.0,0.0,0.0,0.16,0.905,0.0324,0.0429,0.0397,0.035,0.082,0.0,5.132,0.0,0.0,0.0,0.0309,0.0464
US1934,65,0.35,0.01,0.7,0.007,GK 80/20,dynamic,100.0,1.0,0.0,0.0,0.0,0.0,0.0,0.16,0.939,0.0324,0.0454,0.0405,0.037,0.082,0.0,8.287,0.0,0.0,0.0,0.0313,0.0493
US1934,65,0.35,0.01,0.7,0.007,FIX 60/40,fixed,100.0,1.0,0.0,0.0,0.93,0.8,0.52,0.16,0.88,0.04,0.04,0.0366,0.004,0.008,0.0,5.41,0.0,3.66,3.4,0.04,0.04
US1934,65,0.35,0.01,0.7,0.007,S1 VPW3 100/0,floor,100.0,1.0,0.0,0.0,0.0,0.0,0.0,0.214,1.535,0.0414,0.0737,0.0535,0.155,0.393,5.0,5.603,0.0,0.0,0.0,0.0391,0.0866
US1934,65,0.35,0.01,0.7,0.007,S2 ladder10r + VPW3 100/0,floor,100.0,0.934,0.066,0.0,0.0,0.0,0.0,0.231,1.515,0.0429,0.0733,0.0538,0.147,0.39,5.0,5.231,0.0,0.0,0.0,0.0391,0.0834
US1934,65,0.35,0.01,0.7,0.007,S2 ladder15r + VPW3 100/0,floor,100.0,0.903,0.097,0.0,0.01,0.0,0.0,0.225,1.507,0.0433,0.0726,0.0541,0.143,0.376,5.0,5.059,0.0,0.13,0.0,0.0392,0.0819
US1934,65,0.35,0.01,0.7,0.007,S2 ladder20r + VPW3 100/0,floor,100.0,0.874,0.126,0.0,0.01,0.0,0.0,0.22,1.496,0.0432,0.0715,0.0542,0.14,0.367,4.0,4.895,0.0,0.13,0.0,0.0392,0.0806
US1934,65,0.35,0.01,0.7,0.007,S2 ladder15r + VPW3 80/20,floor,100.0,0.903,0.097,0.0,0.0,0.0,0.0,0.226,1.403,0.044,0.0672,0.054,0.12,0.339,4.0,3.425,0.0,0.0,0.0,0.0391,0.0709
US1934,65,0.35,0.01,0.7,0.007,S2 ladder15r(0%) + VPW3 100/0,floor,100.0,0.895,0.105,0.0,0.01,0.0,0.0,0.224,1.496,0.043,0.0721,0.0537,0.143,0.376,5.0,5.015,0.0,0.13,0.0,0.0389,0.0813
US1934,65,0.35,0.01,0.7,0.007,S2 ladder15n + VPW3 100/0,floor,100.0,0.908,0.092,0.0,0.0,0.0,0.0,0.227,1.512,0.0431,0.0727,0.054,0.143,0.379,5.0,5.064,0.0,0.0,0.0,0.0388,0.0823
US1934,65,0.35,0.01,0.7,0.007,S3 ann80n load10 + VPW3 100/0,floor,100.0,0.948,0.0,0.052,0.0,0.0,0.0,0.204,1.49,0.0403,0.0711,0.0528,0.153,0.386,5.0,5.309,0.0,0.0,0.0,0.0384,0.084
US1934,65,0.35,0.01,0.7,0.007,S3 ann80n load20 + VPW3 100/0,floor,100.0,0.943,0.0,0.057,0.0,0.0,0.0,0.203,1.483,0.0402,0.0708,0.0526,0.153,0.386,5.0,5.282,0.0,0.0,0.0,0.0382,0.0836
US1934,65,0.35,0.01,0.7,0.007,S3 ann80n load30 + VPW3 100/0,floor,100.0,0.938,0.0,0.062,0.0,0.0,0.0,0.202,1.477,0.04,0.0705,0.0524,0.153,0.385,5.0,5.256,0.0,0.0,0.0,0.0381,0.0832
US1934,65,0.35,0.01,0.7,0.007,S3 ann85n load20 + VPW3 100/0,floor,100.0,0.966,0.0,0.034,0.0,0.0,0.0,0.207,1.5,0.0406,0.0718,0.053,0.154,0.39,5.0,5.413,0.0,0.0,0.0,0.0386,0.0848
US1934,65,0.35,0.01,0.7,0.007,S3 ann80r load20 + VPW3 100/0 (假設性),floor,100.0,0.933,0.0,0.067,0.0,0.0,0.0,0.201,1.503,0.0407,0.0709,0.0541,0.152,0.381,5.0,5.226,0.0,0.0,0.0,0.0406,0.085
US1934,65,0.35,0.01,0.7,0.007,S4 ladder15r + ann85n + VPW3 100/0,floor,100.0,0.869,0.097,0.034,0.0,0.0,0.0,0.219,1.473,0.0424,0.0707,0.0539,0.142,0.372,5.0,4.869,0.0,0.0,0.0,0.0387,0.0803
US1934,65,0.35,0.025,1.0,0.025,VPW3 60/40,dynamic,100.0,1.0,0.0,0.0,0.0,0.0,0.0,0.286,1.715,0.0598,0.0793,0.0734,0.081,0.249,2.0,2.427,0.0,0.0,0.0,0.056,0.0806
US1934,65,0.35,0.025,1.0,0.025,VPW3 80/20,dynamic,100.0,1.0,0.0,0.0,0.0,0.0,0.0,0.287,1.826,0.0602,0.0854,0.0762,0.101,0.285,3.0,3.793,0.0,0.0,0.0,0.0569,0.0919
US1934,65,0.35,0.025,1.0,0.025,GK 60/40,dynamic,100.0,1.0,0.0,0.0,0.0,0.0,0.0,0.159,0.938,0.0381,0.043,0.0424,0.023,0.035,0.0,7.286,0.0,0.0,0.0,0.0387,0.0448
US1934,65,0.35,0.025,1.0,0.025,GK 80/20,dynamic,100.0,1.0,0.0,0.0,0.0,0.0,0.0,0.16,0.948,0.0379,0.0437,0.0427,0.024,0.037,0.0,11.581,0.0,0.0,0.0,0.0389,0.0453
US1934,65,0.35,0.025,1.0,0.025,FIX 60/40,fixed,100.0,1.0,0.0,0.0,0.0,0.0,0.0,0.16,0.88,0.0399,0.04,0.04,0.013,0.028,0.0,7.563,0.0,0.0,0.0,0.0399,0.04
US1934,65,0.35,0.025,1.0,0.025,S1 VPW3 100/0,floor,100.0,1.0,0.0,0.0,0.0,0.0,0.0,0.289,1.946,0.0591,0.0914,0.0772,0.123,0.329,4.0,5.603,0.0,0.0,0.0,0.0566,0.1043
US1934,65,0.35,0.025,1.0,0.025,S2 ladder10r + VPW3 100/0,floor,100.0,1.0,0.0,0.0,0.0,0.0,0.0,0.289,1.946,0.0591,0.0914,0.0772,0.123,0.329,4.0,5.603,0.0,0.0,0.0,0.0566,0.1043
US1934,65,0.35,0.025,1.0,0.025,S2 ladder15r + VPW3 100/0,floor,100.0,1.0,0.0,0.0,0.0,0.0,0.0,0.289,1.946,0.0591,0.0914,0.0772,0.123,0.329,4.0,5.603,0.0,0.0,0.0,0.0566,0.1043
US1934,65,0.35,0.025,1.0,0.025,S2 ladder20r + VPW3 100/0,floor,100.0,1.0,0.0,0.0,0.0,0.0,0.0,0.289,1.946,0.0591,0.0914,0.0772,0.123,0.329,4.0,5.603,0.0,0.0,0.0,0.0566,0.1043
US1934,65,0.35,0.025,1.0,0.025,S2 ladder15r + VPW3 80/20,floor,100.0,1.0,0.0,0.0,0.0,0.0,0.0,0.287,1.826,0.0602,0.0854,0.0762,0.101,0.285,3.0,3.793,0.0,0.0,0.0,0.0569,0.0919
US1934,65,0.35,0.025,1.0,0.025,S2 ladder15r(0%) + VPW3 100/0,floor,100.0,1.0,0.0,0.0,0.0,0.0,0.0,0.289,1.946,0.0591,0.0914,0.0772,0.123,0.329,4.0,5.603,0.0,0.0,0.0,0.0566,0.1043
US1934,65,0.35,0.025,1.0,0.025,S2 ladder15n + VPW3 100/0,floor,100.0,1.0,0.0,0.0,0.0,0.0,0.0,0.289,1.946,0.0591,0.0914,0.0772,0.123,0.329,4.0,5.603,0.0,0.0,0.0,0.0566,0.1043
US1934,65,0.35,0.025,1.0,0.025,S3 ann80n load10 + VPW3 100/0,floor,100.0,0.895,0.0,0.105,0.0,0.0,0.0,0.269,1.854,0.0568,0.086,0.0743,0.118,0.31,3.0,5.015,0.0,0.0,0.0,0.0559,0.0992
US1934,65,0.35,0.025,1.0,0.025,S3 ann80n load20 + VPW3 100/0,floor,100.0,0.886,0.0,0.114,0.0,0.0,0.0,0.267,1.84,0.0564,0.0853,0.0738,0.118,0.309,3.0,4.962,0.0,0.0,0.0,0.0556,0.0984
US1934,65,0.35,0.025,1.0,0.025,S3 ann80n load30 + VPW3 100/0,floor,100.0,0.876,0.0,0.124,0.0,0.0,0.0,0.265,1.827,0.0561,0.0847,0.0734,0.118,0.309,3.0,4.909,0.0,0.0,0.0,0.0553,0.0976
US1934,65,0.35,0.025,1.0,0.025,S3 ann85n load20 + VPW3 100/0,floor,100.0,0.932,0.0,0.068,0.0,0.0,0.0,0.276,1.872,0.0573,0.0876,0.0752,0.12,0.32,3.5,5.223,0.0,0.0,0.0,0.0563,0.1008
US1934,65,0.35,0.025,1.0,0.025,S3 ann80r load20 + VPW3 100/0 (假設性),floor,100.0,0.866,0.0,0.134,0.0,0.0,0.0,0.263,1.871,0.0574,0.0859,0.0748,0.119,0.298,3.0,4.85,0.0,0.0,0.0,0.0599,0.1012
US1934,65,0.35,0.025,1.0,0.025,S4 ladder15r + ann85n + VPW3 100/0,floor,100.0,0.932,0.0,0.068,0.0,0.0,0.0,0.276,1.872,0.0573,0.0876,0.0752,0.12,0.32,3.5,5.223,0.0,0.0,0.0,0.0563,0.1008
US1934,65,0.35,0.025,0.7,0.0175,VPW3 60/40,dynamic,100.0,1.0,0.0,0.0,0.0,0.0,0.0,0.256,1.542,0.0525,0.0719,0.0649,0.09,0.272,2.0,2.427,0.0,0.0,0.0,0.0487,0.0732
US1934,65,0.35,0.025,0.7,0.0175,VPW3 80/20,dynamic,100.0,1.0,0.0,0.0,0.0,0.0,0.0,0.258,1.656,0.0528,0.0781,0.0673,0.111,0.308,3.0,3.793,0.0,0.0,0.0,0.0495,0.0845
US1934,65,0.35,0.025,0.7,0.0175,GK 60/40,dynamic,100.0,1.0,0.0,0.0,0.0,0.0,0.0,0.16,0.941,0.0362,0.0436,0.0423,0.026,0.024,0.0,6.373,0.0,0.0,0.0,0.0361,0.0464
US1934,65,0.35,0.025,0.7,0.0175,GK 80/20,dynamic,100.0,1.0,0.0,0.0,0.0,0.0,0.0,0.16,0.958,0.0362,0.045,0.0429,0.028,0.026,0.0,10.095,0.0,0.0,0.0,0.0364,0.0474
US1934,65,0.35,0.025,0.7,0.0175,FIX 60/40,fixed,100.0,1.0,0.0,0.0,0.01,0.0,0.0,0.16,0.88,0.0399,0.04,0.04,0.009,0.02,0.0,6.648,0.0,0.0,0.0,0.0399,0.04
US1934,65,0.35,0.025,0.7,0.0175,S1 VPW3 100/0,floor,100.0,1.0,0.0,0.0,0.0,0.0,0.0,0.257,1.775,0.0517,0.084,0.0679,0.134,0.353,4.0,5.603,0.0,0.0,0.0,0.0493,0.0969
US1934,65,0.35,0.025,0.7,0.0175,S2 ladder10r + VPW3 100/0,floor,100.0,1.0,0.0,0.0,0.0,0.0,0.0,0.257,1.775,0.0517,0.084,0.0679,0.134,0.353,4.0,5.603,0.0,0.0,0.0,0.0493,0.0969
US1934,65,0.35,0.025,0.7,0.0175,S2 ladder15r + VPW3 100/0,floor,100.0,1.0,0.0,0.0,0.0,0.0,0.0,0.257,1.775,0.0517,0.084,0.0679,0.134,0.353,4.0,5.603,0.0,0.0,0.0,0.0493,0.0969
US1934,65,0.35,0.025,0.7,0.0175,S2 ladder20r + VPW3 100/0,floor,100.0,1.0,0.0,0.0,0.0,0.0,0.0,0.257,1.775,0.0517,0.084,0.0679,0.134,0.353,4.0,5.603,0.0,0.0,0.0,0.0493,0.0969
US1934,65,0.35,0.025,0.7,0.0175,S2 ladder15r + VPW3 80/20,floor,100.0,1.0,0.0,0.0,0.0,0.0,0.0,0.258,1.656,0.0528,0.0781,0.0673,0.111,0.308,3.0,3.793,0.0,0.0,0.0,0.0495,0.0845
US1934,65,0.35,0.025,0.7,0.0175,S2 ladder15r(0%) + VPW3 100/0,floor,100.0,1.0,0.0,0.0,0.0,0.0,0.0,0.257,1.775,0.0517,0.084,0.0679,0.134,0.353,4.0,5.603,0.0,0.0,0.0,0.0493,0.0969
US1934,65,0.35,0.025,0.7,0.0175,S2 ladder15n + VPW3 100/0,floor,100.0,1.0,0.0,0.0,0.0,0.0,0.0,0.257,1.775,0.0517,0.084,0.0679,0.134,0.353,4.0,5.603,0.0,0.0,0.0,0.0493,0.0969
US1934,65,0.35,0.025,0.7,0.0175,S3 ann80n load10 + VPW3 100/0,floor,100.0,0.895,0.0,0.105,0.0,0.0,0.0,0.237,1.684,0.0494,0.0786,0.0653,0.13,0.336,4.0,5.015,0.0,0.0,0.0,0.0485,0.0918
US1934,65,0.35,0.025,0.7,0.0175,S3 ann80n load20 + VPW3 100/0,floor,100.0,0.886,0.0,0.114,0.0,0.0,0.0,0.236,1.67,0.0491,0.078,0.0648,0.13,0.335,4.0,4.962,0.0,0.0,0.0,0.0482,0.091
US1934,65,0.35,0.025,0.7,0.0175,S3 ann80n load30 + VPW3 100/0,floor,100.0,0.876,0.0,0.124,0.0,0.0,0.0,0.234,1.656,0.0488,0.0773,0.0644,0.13,0.334,4.0,4.909,0.0,0.0,0.0,0.0479,0.0903
US1934,65,0.35,0.025,0.7,0.0175,S3 ann85n load20 + VPW3 100/0,floor,100.0,0.932,0.0,0.068,0.0,0.0,0.0,0.244,1.703,0.0499,0.0802,0.0661,0.132,0.344,4.0,5.223,0.0,0.0,0.0,0.0489,0.0935
US1934,65,0.35,0.025,0.7,0.0175,S3 ann80r load20 + VPW3 100/0 (假設性),floor,100.0,0.866,0.0,0.134,0.0,0.0,0.0,0.232,1.698,0.0501,0.0785,0.0659,0.131,0.324,3.0,4.85,0.0,0.0,0.0,0.0526,0.0939
US1934,65,0.35,0.025,0.7,0.0175,S4 ladder15r + ann85n + VPW3 100/0,floor,100.0,0.932,0.0,0.068,0.0,0.0,0.0,0.244,1.703,0.0499,0.0802,0.0661,0.132,0.344,4.0,5.223,0.0,0.0,0.0,0.0489,0.0935
US1934,65,0.5,0.0,1.0,0.0,VPW3 60/40,dynamic,100.0,1.0,0.0,0.0,0.09,0.06,0.02,0.185,1.153,0.0355,0.0548,0.0152,0.12,0.344,4.0,2.427,0.0,0.65,0.52,0.0324,0.0561
US1934,65,0.5,0.0,1.0,0.0,VPW3 80/20,dynamic,100.0,1.0,0.0,0.0,0.15,0.12,0.05,0.185,1.269,0.0357,0.0609,0.0114,0.145,0.376,5.0,3.793,0.0,1.18,0.92,0.0333,0.0674
US1934,65,0.5,0.0,1.0,0.0,GK 60/40,dynamic,100.0,1.0,0.0,0.0,0.01,0.01,0.0,0.16,0.862,0.0291,0.0415,0.0368,0.042,0.1,0.0,4.38,0.0,0.0,0.0,0.0274,0.0442
US1934,65,0.5,0.0,1.0,0.0,GK 80/20,dynamic,100.0,1.0,0.0,0.0,0.07,0.06,0.03,0.16,0.908,0.0291,0.0447,0.0134,0.045,0.1,0.0,7.094,0.0,0.39,0.39,0.0272,0.0491
US1934,65,0.5,0.0,1.0,0.0,FIX 60/40,fixed,100.0,1.0,0.0,0.0,3.08,2.77,2.03,0.16,0.88,0.04,0.04,0.0027,0.0,0.0,0.0,4.562,0.0,9.69,9.03,0.0337,0.04
US1934,65,0.5,0.0,1.0,0.0,S1 VPW3 100/0,floor,100.0,1.0,0.0,0.0,0.32,0.31,0.2,0.184,1.377,0.0347,0.0668,0.0066,0.172,0.428,5.0,5.598,0.0,1.96,1.96,0.0324,0.0797
US1934,65,0.5,0.0,1.0,0.0,S2 ladder10r + VPW3 100/0,floor,100.0,0.811,0.189,0.0,0.7,0.66,0.41,0.234,1.318,0.0382,0.0663,0.0047,0.158,0.464,6.0,4.538,0.0,3.4,3.14,0.0327,0.0706
US1934,65,0.5,0.0,1.0,0.0,S2 ladder15r + VPW3 100/0,floor,100.0,0.723,0.277,0.0,0.84,0.76,0.49,0.217,1.297,0.0393,0.0637,0.0047,0.143,0.41,5.0,4.049,0.0,4.19,3.8,0.0328,0.0666
US1934,65,0.5,0.0,1.0,0.0,S2 ladder20r + VPW3 100/0,floor,100.0,0.639,0.361,0.0,0.92,0.81,0.43,0.201,1.265,0.0396,0.0604,0.0051,0.129,0.35,4.0,3.58,0.0,5.37,5.1,0.0332,0.0631
US1934,65,0.5,0.0,1.0,0.0,S2 ladder15r + VPW3 80/20,floor,100.0,0.723,0.277,0.0,0.72,0.65,0.36,0.217,1.217,0.0392,0.0595,0.0056,0.124,0.409,5.0,2.741,0.0,4.45,3.93,0.0334,0.0579
US1934,65,0.5,0.0,1.0,0.0,S2 ladder15r(0%) + VPW3 100/0,floor,100.0,0.7,0.3,0.0,0.96,0.82,0.56,0.213,1.265,0.0385,0.0622,0.0045,0.142,0.411,5.0,3.922,0.0,4.71,3.93,0.032,0.0648
US1934,65,0.5,0.0,1.0,0.0,S2 ladder15n + VPW3 100/0,floor,100.0,0.736,0.264,0.0,0.85,0.76,0.49,0.218,1.305,0.0385,0.0643,0.0047,0.144,0.421,5.0,4.062,0.0,3.8,3.53,0.033,0.0677
US1934,65,0.5,0.0,1.0,0.0,S3 ann80n load10 + VPW3 100/0,floor,100.0,0.85,0.0,0.15,0.18,0.14,0.07,0.156,1.248,0.0313,0.0593,0.0413,0.171,0.412,5.0,4.758,0.0,1.05,0.79,0.0318,0.0725
US1934,65,0.5,0.0,1.0,0.0,S3 ann80n load20 + VPW3 100/0,floor,100.0,0.837,0.0,0.163,0.19,0.17,0.08,0.154,1.229,0.0308,0.0584,0.0407,0.171,0.412,5.0,4.682,0.0,1.05,0.92,0.0314,0.0714
US1934,65,0.5,0.0,1.0,0.0,S3 ann80n load30 + VPW3 100/0,floor,100.0,0.823,0.0,0.177,0.21,0.19,0.08,0.152,1.21,0.0304,0.0575,0.04,0.171,0.412,5.0,4.605,0.0,1.31,1.05,0.0309,0.0703
US1934,65,0.5,0.0,1.0,0.0,S3 ann85n load20 + VPW3 100/0,floor,100.0,0.903,0.0,0.097,0.25,0.23,0.13,0.166,1.278,0.0322,0.0614,0.0415,0.171,0.42,5.0,5.054,0.0,1.57,1.44,0.0317,0.075
US1934,65,0.5,0.0,1.0,0.0,S3 ann80r load20 + VPW3 100/0 (假設性),floor,100.0,0.808,0.0,0.192,0.0,0.0,0.0,0.149,1.277,0.0319,0.059,0.0424,0.174,0.395,5.0,4.521,0.0,0.0,0.0,0.0366,0.0755
US1934,65,0.5,0.0,1.0,0.0,S4 ladder15r + ann85n + VPW3 100/0,floor,100.0,0.626,0.277,0.097,0.62,0.53,0.36,0.199,1.195,0.037,0.0582,0.0261,0.142,0.405,5.0,3.504,0.0,2.62,2.49,0.0319,0.0619
US1934,65,0.5,0.01,1.0,0.01,VPW3 60/40,dynamic,100.0,1.0,0.0,0.0,0.0,0.0,0.0,0.226,1.372,0.0451,0.0646,0.056,0.101,0.299,3.0,2.427,0.0,0.0,0.0,0.0413,0.0659
US1934,65,0.5,0.01,1.0,0.01,VPW3 80/20,dynamic,100.0,1.0,0.0,0.0,0.0,0.0,0.0,0.226,1.486,0.0455,0.0707,0.058,0.123,0.333,4.0,3.793,0.0,0.0,0.0,0.0422,0.0772
US1934,65,0.5,0.01,1.0,0.01,GK 60/40,dynamic,100.0,1.0,0.0,0.0,0.0,0.0,0.0,0.16,0.921,0.0336,0.0433,0.0408,0.032,0.015,0.0,5.476,0.0,0.0,0.0,0.0326,0.0468
US1934,65,0.5,0.01,1.0,0.01,GK 80/20,dynamic,100.0,1.0,0.0,0.0,0.0,0.0,0.0,0.16,0.949,0.0336,0.0455,0.0416,0.034,0.018,0.0,8.793,0.0,0.0,0.0,0.033,0.0488
US1934,65,0.5,0.01,1.0,0.01,FIX 60/40,fixed,100.0,1.0,0.0,0.0,0.39,0.36,0.27,0.16,0.88,0.0399,0.04,0.0394,0.005,0.011,0.0,5.772,0.0,2.09,1.83,0.04,0.04
US1934,65,0.5,0.01,1.0,0.01,S1 VPW3 100/0,floor,100.0,1.0,0.0,0.0,0.03,0.03,0.01,0.226,1.604,0.0444,0.0766,0.058,0.148,0.381,5.0,5.603,0.0,0.26,0.26,0.042,0.0895
US1934,65,0.5,0.01,1.0,0.01,S2 ladder10r + VPW3 100/0,floor,100.0,0.905,0.095,0.0,0.03,0.03,0.03,0.25,1.575,0.0465,0.0762,0.0583,0.139,0.385,5.0,5.072,0.0,0.26,0.26,0.0421,0.0849
US1934,65,0.5,0.01,1.0,0.01,S2 ladder15r + VPW3 100/0,floor,100.0,0.861,0.139,0.0,0.03,0.03,0.03,0.243,1.563,0.047,0.075,0.0586,0.133,0.361,4.0,4.826,0.0,0.26,0.26,0.042,0.0829
US1934,65,0.5,0.01,1.0,0.01,S2 ladder20r + VPW3 100/0,floor,100.0,0.82,0.18,0.0,0.03,0.03,0.02,0.235,1.546,0.047,0.0735,0.0587,0.128,0.344,4.0,4.592,0.0,0.26,0.26,0.042,0.0811
US1934,65,0.5,0.01,1.0,0.01,S2 ladder15r + VPW3 80/20,floor,100.0,0.861,0.139,0.0,0.02,0.02,0.0,0.242,1.462,0.0475,0.0699,0.058,0.111,0.328,4.0,3.267,0.0,0.26,0.26,0.0421,0.0724
US1934,65,0.5,0.01,1.0,0.01,S2 ladder15r(0%) + VPW3 100/0,floor,100.0,0.85,0.15,0.0,0.03,0.03,0.03,0.241,1.547,0.0466,0.0743,0.0581,0.133,0.36,4.0,4.762,0.0,0.26,0.26,0.0416,0.082
US1934,65,0.5,0.01,1.0,0.01,S2 ladder15n + VPW3 100/0,floor,100.0,0.868,0.132,0.0,0.03,0.03,0.03,0.244,1.567,0.0467,0.0754,0.0585,0.134,0.364,5.0,4.829,0.0,0.26,0.26,0.042,0.0836
US1934,65,0.5,0.01,1.0,0.01,S3 ann80n load10 + VPW3 100/0,floor,100.0,0.925,0.0,0.075,0.0,0.0,0.0,0.213,1.542,0.0427,0.0729,0.0566,0.146,0.37,4.0,5.183,0.0,0.0,0.0,0.0414,0.0859
US1934,65,0.5,0.01,1.0,0.01,S3 ann80n load20 + VPW3 100/0,floor,100.0,0.918,0.0,0.082,0.0,0.0,0.0,0.212,1.532,0.0425,0.0724,0.0563,0.145,0.37,4.0,5.145,0.0,0.0,0.0,0.0412,0.0853
US1934,65,0.5,0.01,1.0,0.01,S3 ann80n load30 + VPW3 100/0,floor,100.0,0.911,0.0,0.089,0.0,0.0,0.0,0.211,1.523,0.0423,0.072,0.056,0.145,0.369,4.0,5.107,0.0,0.0,0.0,0.0409,0.0848
US1934,65,0.5,0.01,1.0,0.01,S3 ann85n load20 + VPW3 100/0,floor,100.0,0.952,0.0,0.048,0.0,0.0,0.0,0.217,1.557,0.0431,0.0739,0.057,0.147,0.376,5.0,5.331,0.0,0.0,0.0,0.0414,0.0871
US1934,65,0.5,0.01,1.0,0.01,S3 ann80r load20 + VPW3 100/0 (假設性),floor,100.0,0.904,0.0,0.096,0.0,0.0,0.0,0.209,1.554,0.0433,0.0727,0.0576,0.145,0.362,4.0,5.065,0.0,0.0,0.0,0.0442,0.0874
US1934,65,0.5,0.01,1.0,0.01,S4 ladder15r + ann85n + VPW3 100/0,floor,100.0,0.813,0.139,0.048,0.02,0.01,0.0,0.234,1.514,0.0458,0.0723,0.0581,0.131,0.353,4.0,4.555,0.0,0.13,0.13,0.0416,0.0807
US1934,65,0.5,0.01,0.7,0.007,VPW3 60/40,dynamic,100.0,1.0,0.0,0.0,0.0,0.0,0.0,0.215,1.307,0.0422,0.0616,0.0525,0.106,0.311,3.0,2.427,0.0,0.0,0.0,0.0385,0.0629
US1934,65,0.5,0.01,0.7,0.007,VPW3 80/20,dynamic,100.0,1.0,0.0,0.0,0.02,0.02,0.0,0.214,1.421,0.0425,0.0677,0.0542,0.129,0.344,4.0,3.793,0.0,0.26,0.26,0.0393,0.0742
US1934,65,0.5,0.01,0.7,0.007,GK 60/40,dynamic,100.0,1.0,0.0,0.0,0.0,0.0,0.0,0.16,0.905,0.0324,0.0429,0.0398,0.035,0.082,0.0,5.132,0.0,0.0,0.0,0.031,0.0464
US1934,65,0.5,0.01,0.7,0.007,GK 80/20,dynamic,100.0,1.0,0.0,0.0,0.0,0.0,0.0,0.16,0.939,0.0324,0.0454,0.0407,0.037,0.082,0.0,8.287,0.0,0.0,0.0,0.0313,0.0493
US1934,65,0.5,0.01,0.7,0.007,FIX 60/40,fixed,100.0,1.0,0.0,0.0,0.96,0.83,0.56,0.16,0.88,0.04,0.04,0.0365,0.004,0.008,0.0,5.41,0.0,3.8,3.4,0.04,0.04
US1934,65,0.5,0.01,0.7,0.007,S1 VPW3 100/0,floor,100.0,1.0,0.0,0.0,0.06,0.04,0.03,0.214,1.535,0.0414,0.0737,0.0537,0.155,0.393,5.0,5.603,0.0,0.52,0.26,0.0391,0.0866
US1934,65,0.5,0.01,0.7,0.007,S2 ladder10r + VPW3 100/0,floor,100.0,0.877,0.123,0.0,0.12,0.09,0.04,0.246,1.497,0.044,0.0731,0.0534,0.144,0.407,5.0,4.911,0.0,0.92,0.79,0.039,0.0806
US1934,65,0.5,0.01,0.7,0.007,S2 ladder15r + VPW3 100/0,floor,100.0,0.82,0.18,0.0,0.13,0.12,0.05,0.235,1.482,0.0448,0.0716,0.0537,0.135,0.37,5.0,4.593,0.0,0.92,0.79,0.0392,0.078
US1934,65,0.5,0.01,0.7,0.007,S2 ladder20r + VPW3 100/0,floor,100.0,0.765,0.235,0.0,0.16,0.13,0.04,0.225,1.461,0.0448,0.0696,0.0539,0.128,0.344,4.0,4.288,0.0,1.05,0.92,0.0395,0.0756
US1934,65,0.5,0.01,0.7,0.007,S2 ladder15r + VPW3 80/20,floor,100.0,0.82,0.18,0.0,0.04,0.04,0.02,0.235,1.387,0.045,0.0667,0.0536,0.114,0.345,4.0,3.11,0.0,0.39,0.39,0.0394,0.0681
US1934,65,0.5,0.01,0.7,0.007,S2 ladder15r(0%) + VPW3 100/0,floor,100.0,0.805,0.195,0.0,0.14,0.13,0.05,0.233,1.461,0.0443,0.0706,0.053,0.135,0.369,5.0,4.51,0.0,0.92,0.92,0.0388,0.0768
US1934,65,0.5,0.01,0.7,0.007,S2 ladder15n + VPW3 100/0,floor,100.0,0.829,0.171,0.0,0.14,0.11,0.06,0.237,1.486,0.0442,0.0721,0.0536,0.136,0.378,5.0,4.598,0.0,0.92,0.79,0.0394,0.0787
US1934,65,0.5,0.01,0.7,0.007,S3 ann80n load10 + VPW3 100/0,floor,100.0,0.903,0.0,0.097,0.02,0.02,0.0,0.195,1.453,0.0393,0.0687,0.0521,0.152,0.381,5.0,5.056,0.0,0.26,0.26,0.0383,0.0818
US1934,65,0.5,0.01,0.7,0.007,S3 ann80n load20 + VPW3 100/0,floor,100.0,0.894,0.0,0.106,0.02,0.02,0.0,0.194,1.441,0.039,0.0681,0.0517,0.152,0.38,5.0,5.006,0.0,0.26,0.26,0.038,0.0811
US1934,65,0.5,0.01,0.7,0.007,S3 ann80n load30 + VPW3 100/0,floor,100.0,0.885,0.0,0.115,0.02,0.02,0.01,0.192,1.429,0.0387,0.0675,0.0513,0.152,0.38,5.0,4.957,0.0,0.26,0.26,0.0377,0.0804
US1934,65,0.5,0.01,0.7,0.007,S3 ann85n load20 + VPW3 100/0,floor,100.0,0.937,0.0,0.063,0.03,0.03,0.0,0.202,1.472,0.0397,0.0702,0.0527,0.153,0.387,5.0,5.248,0.0,0.26,0.26,0.0385,0.0834
US1934,65,0.5,0.01,0.7,0.007,S3 ann80r load20 + VPW3 100/0 (假設性),floor,100.0,0.875,0.0,0.125,0.0,0.0,0.0,0.19,1.472,0.04,0.0686,0.053,0.153,0.37,4.0,4.902,0.0,0.0,0.0,0.042,0.0838
US1934,65,0.5,0.01,0.7,0.007,S4 ladder15r + ann85n + VPW3 100/0,floor,100.0,0.757,0.18,0.063,0.05,0.03,0.03,0.223,1.418,0.0433,0.068,0.0538,0.133,0.362,4.0,4.24,0.0,0.52,0.26,0.0386,0.0751
US1934,65,0.5,0.025,1.0,0.025,VPW3 60/40,dynamic,100.0,1.0,0.0,0.0,0.0,0.0,0.0,0.286,1.715,0.0598,0.0793,0.0734,0.081,0.249,2.0,2.427,0.0,0.0,0.0,0.056,0.0806
US1934,65,0.5,0.025,1.0,0.025,VPW3 80/20,dynamic,100.0,1.0,0.0,0.0,0.0,0.0,0.0,0.287,1.826,0.0602,0.0854,0.0762,0.101,0.285,3.0,3.793,0.0,0.0,0.0,0.0569,0.0919
US1934,65,0.5,0.025,1.0,0.025,GK 60/40,dynamic,100.0,1.0,0.0,0.0,0.0,0.0,0.0,0.159,0.938,0.0381,0.043,0.0424,0.023,0.035,0.0,7.286,0.0,0.0,0.0,0.0387,0.0448
US1934,65,0.5,0.025,1.0,0.025,GK 80/20,dynamic,100.0,1.0,0.0,0.0,0.0,0.0,0.0,0.16,0.948,0.0379,0.0437,0.0427,0.024,0.037,0.0,11.581,0.0,0.0,0.0,0.0389,0.0453
US1934,65,0.5,0.025,1.0,0.025,FIX 60/40,fixed,100.0,1.0,0.0,0.0,0.0,0.0,0.0,0.16,0.88,0.0399,0.04,0.04,0.013,0.028,0.0,7.563,0.0,0.0,0.0,0.0399,0.04
US1934,65,0.5,0.025,1.0,0.025,S1 VPW3 100/0,floor,100.0,1.0,0.0,0.0,0.0,0.0,0.0,0.289,1.946,0.0591,0.0914,0.0772,0.123,0.329,4.0,5.603,0.0,0.0,0.0,0.0566,0.1043
US1934,65,0.5,0.025,1.0,0.025,S2 ladder10r + VPW3 100/0,floor,100.0,1.0,0.0,0.0,0.0,0.0,0.0,0.289,1.946,0.0591,0.0914,0.0772,0.123,0.329,4.0,5.603,0.0,0.0,0.0,0.0566,0.1043
US1934,65,0.5,0.025,1.0,0.025,S2 ladder15r + VPW3 100/0,floor,100.0,1.0,0.0,0.0,0.0,0.0,0.0,0.289,1.946,0.0591,0.0914,0.0772,0.123,0.329,4.0,5.603,0.0,0.0,0.0,0.0566,0.1043
US1934,65,0.5,0.025,1.0,0.025,S2 ladder20r + VPW3 100/0,floor,100.0,1.0,0.0,0.0,0.0,0.0,0.0,0.289,1.946,0.0591,0.0914,0.0772,0.123,0.329,4.0,5.603,0.0,0.0,0.0,0.0566,0.1043
US1934,65,0.5,0.025,1.0,0.025,S2 ladder15r + VPW3 80/20,floor,100.0,1.0,0.0,0.0,0.0,0.0,0.0,0.287,1.826,0.0602,0.0854,0.0762,0.101,0.285,3.0,3.793,0.0,0.0,0.0,0.0569,0.0919
US1934,65,0.5,0.025,1.0,0.025,S2 ladder15r(0%) + VPW3 100/0,floor,100.0,1.0,0.0,0.0,0.0,0.0,0.0,0.289,1.946,0.0591,0.0914,0.0772,0.123,0.329,4.0,5.603,0.0,0.0,0.0,0.0566,0.1043
US1934,65,0.5,0.025,1.0,0.025,S2 ladder15n + VPW3 100/0,floor,100.0,1.0,0.0,0.0,0.0,0.0,0.0,0.289,1.946,0.0591,0.0914,0.0772,0.123,0.329,4.0,5.603,0.0,0.0,0.0,0.0566,0.1043
US1934,65,0.5,0.025,1.0,0.025,S3 ann80n load10 + VPW3 100/0,floor,100.0,0.85,0.0,0.15,0.0,0.0,0.0,0.26,1.812,0.0558,0.0838,0.0728,0.118,0.303,3.0,4.764,0.0,0.0,0.0,0.0557,0.097
US1934,65,0.5,0.025,1.0,0.025,S3 ann80n load20 + VPW3 100/0,floor,100.0,0.837,0.0,0.163,0.0,0.0,0.0,0.257,1.792,0.0553,0.0829,0.0721,0.117,0.302,3.0,4.687,0.0,0.0,0.0,0.0552,0.096
US1934,65,0.5,0.025,1.0,0.025,S3 ann80n load30 + VPW3 100/0,floor,100.0,0.823,0.0,0.177,0.0,0.0,0.0,0.255,1.773,0.0549,0.082,0.0714,0.117,0.3,3.0,4.611,0.0,0.0,0.0,0.0548,0.0949
US1934,65,0.5,0.025,1.0,0.025,S3 ann85n load20 + VPW3 100/0,floor,100.0,0.903,0.0,0.097,0.0,0.0,0.0,0.27,1.841,0.0567,0.0859,0.0741,0.119,0.315,3.0,5.06,0.0,0.0,0.0,0.0562,0.0995
US1934,65,0.5,0.025,1.0,0.025,S3 ann80r load20 + VPW3 100/0 (假設性),floor,100.0,0.808,0.0,0.192,0.0,0.0,0.0,0.252,1.846,0.0565,0.0835,0.0728,0.121,0.288,3.0,4.527,0.0,0.0,0.0,0.0612,0.1
US1934,65,0.5,0.025,1.0,0.025,S4 ladder15r + ann85n + VPW3 100/0,floor,100.0,0.903,0.0,0.097,0.0,0.0,0.0,0.27,1.841,0.0567,0.0859,0.0741,0.119,0.315,3.0,5.06,0.0,0.0,0.0,0.0562,0.0995
US1934,65,0.5,0.025,0.7,0.0175,VPW3 60/40,dynamic,100.0,1.0,0.0,0.0,0.0,0.0,0.0,0.256,1.542,0.0525,0.0719,0.0649,0.09,0.272,2.0,2.427,0.0,0.0,0.0,0.0487,0.0732
US1934,65,0.5,0.025,0.7,0.0175,VPW3 80/20,dynamic,100.0,1.0,0.0,0.0,0.0,0.0,0.0,0.258,1.656,0.0528,0.0781,0.0673,0.111,0.308,3.0,3.793,0.0,0.0,0.0,0.0495,0.0845
US1934,65,0.5,0.025,0.7,0.0175,GK 60/40,dynamic,100.0,1.0,0.0,0.0,0.0,0.0,0.0,0.16,0.941,0.0362,0.0436,0.0423,0.026,0.024,0.0,6.373,0.0,0.0,0.0,0.0361,0.0464
US1934,65,0.5,0.025,0.7,0.0175,GK 80/20,dynamic,100.0,1.0,0.0,0.0,0.0,0.0,0.0,0.16,0.958,0.0362,0.045,0.0429,0.028,0.026,0.0,10.095,0.0,0.0,0.0,0.0364,0.0474
US1934,65,0.5,0.025,0.7,0.0175,FIX 60/40,fixed,100.0,1.0,0.0,0.0,0.01,0.01,0.0,0.16,0.88,0.0399,0.04,0.04,0.009,0.02,0.0,6.648,0.0,0.0,0.0,0.0399,0.04
US1934,65,0.5,0.025,0.7,0.0175,S1 VPW3 100/0,floor,100.0,1.0,0.0,0.0,0.0,0.0,0.0,0.257,1.775,0.0517,0.084,0.0679,0.134,0.353,4.0,5.603,0.0,0.0,0.0,0.0493,0.0969
US1934,65,0.5,0.025,0.7,0.0175,S2 ladder10r + VPW3 100/0,floor,100.0,0.976,0.024,0.0,0.0,0.0,0.0,0.263,1.767,0.0523,0.0839,0.0682,0.132,0.351,4.0,5.47,0.0,0.0,0.0,0.0493,0.0958
US1934,65,0.5,0.025,0.7,0.0175,S2 ladder15r + VPW3 100/0,floor,100.0,0.965,0.035,0.0,0.0,0.0,0.0,0.261,1.764,0.0524,0.0837,0.0682,0.131,0.347,4.0,5.409,0.0,0.0,0.0,0.0494,0.0953
US1934,65,0.5,0.025,0.7,0.0175,S2 ladder20r + VPW3 100/0,floor,100.0,0.955,0.045,0.0,0.0,0.0,0.0,0.259,1.76,0.0523,0.0832,0.0682,0.13,0.344,4.0,5.35,0.0,0.0,0.0,0.0494,0.0948
US1934,65,0.5,0.025,0.7,0.0175,S2 ladder15r + VPW3 80/20,floor,100.0,0.965,0.035,0.0,0.0,0.0,0.0,0.261,1.649,0.0534,0.0779,0.0675,0.107,0.305,3.0,3.662,0.0,0.0,0.0,0.0495,0.0833
US1934,65,0.5,0.025,0.7,0.0175,S2 ladder15r(0%) + VPW3 100/0,floor,100.0,0.962,0.038,0.0,0.0,0.0,0.0,0.26,1.76,0.0523,0.0835,0.0681,0.131,0.346,4.0,5.393,0.0,0.0,0.0,0.0493,0.095
US1934,65,0.5,0.025,0.7,0.0175,S2 ladder15n + VPW3 100/0,floor,100.0,0.967,0.033,0.0,0.0,0.0,0.0,0.262,1.764,0.0524,0.0837,0.0682,0.131,0.347,4.0,5.413,0.0,0.0,0.0,0.0492,0.0952
US1934,65,0.5,0.025,0.7,0.0175,S3 ann80n load10 + VPW3 100/0,floor,100.0,0.981,0.0,0.019,0.0,0.0,0.0,0.254,1.758,0.0514,0.0831,0.0675,0.134,0.35,4.0,5.498,0.0,0.0,0.0,0.049,0.0959
US1934,65,0.5,0.025,0.7,0.0175,S3 ann80n load20 + VPW3 100/0,floor,100.0,0.98,0.0,0.02,0.0,0.0,0.0,0.253,1.755,0.0513,0.083,0.0674,0.133,0.35,4.0,5.488,0.0,0.0,0.0,0.049,0.0958
US1934,65,0.5,0.025,0.7,0.0175,S3 ann80n load30 + VPW3 100/0,floor,100.0,0.978,0.0,0.022,0.0,0.0,0.0,0.253,1.753,0.0513,0.0829,0.0673,0.133,0.35,4.0,5.479,0.0,0.0,0.0,0.0489,0.0957
US1934,65,0.5,0.025,0.7,0.0175,S3 ann85n load20 + VPW3 100/0,floor,100.0,0.988,0.0,0.012,0.0,0.0,0.0,0.255,1.762,0.0515,0.0834,0.0676,0.134,0.351,4.0,5.535,0.0,0.0,0.0,0.0491,0.0963
US1934,65,0.5,0.025,0.7,0.0175,S3 ann80r load20 + VPW3 100/0 (假設性),floor,100.0,0.976,0.0,0.024,0.0,0.0,0.0,0.253,1.762,0.0514,0.083,0.0679,0.133,0.347,4.0,5.468,0.0,0.0,0.0,0.0499,0.0964
US1934,65,0.5,0.025,0.7,0.0175,S4 ladder15r + ann85n + VPW3 100/0,floor,100.0,0.953,0.035,0.012,0.0,0.0,0.0,0.258,1.751,0.0522,0.0829,0.068,0.13,0.345,4.0,5.341,0.0,0.0,0.0,0.0492,0.0946
US1934,65,0.7,0.0,1.0,0.0,VPW3 60/40,dynamic,100.0,1.0,0.0,0.0,0.85,0.78,0.45,0.185,1.158,0.0359,0.0548,0.005,0.117,0.344,4.0,2.423,0.0,5.1,4.71,0.0337,0.0561
US1934,65,0.7,0.0,1.0,0.0,VPW3 80/20,dynamic,100.0,1.0,0.0,0.0,0.91,0.8,0.53,0.185,1.27,0.0361,0.0609,0.0046,0.142,0.376,5.0,3.79,0.0,4.71,4.32,0.034,0.0673
US1934,65,0.7,0.0,1.0,0.0,GK 60/40,dynamic,100.0,1.0,0.0,0.0,0.43,0.4,0.27,0.16,0.879,0.0309,0.0415,0.0059,0.04,0.1,0.0,4.36,0.0,2.09,1.96,0.03,0.0442
US1934,65,0.7,0.0,1.0,0.0,GK 80/20,dynamic,100.0,1.0,0.0,0.0,0.57,0.54,0.36,0.16,0.918,0.0309,0.0447,0.0051,0.043,0.1,0.0,7.058,0.0,2.62,2.36,0.0299,0.0491
US1934,65,0.7,0.0,1.0,0.0,FIX 60/40,fixed,100.0,1.0,0.0,0.0,3.16,2.83,2.08,0.16,0.88,0.04,0.04,0.0027,0.0,0.0,0.0,4.562,0.0,9.82,9.42,0.0337,0.04
US1934,65,0.7,0.0,1.0,0.0,S1 VPW3 100/0,floor,100.0,1.0,0.0,0.0,1.35,1.23,0.84,0.185,1.38,0.0353,0.0668,0.0038,0.169,0.406,5.0,5.585,0.0,4.97,4.58,0.0327,0.0796
US1934,65,0.7,0.0,1.0,0.0,S2 ladder10r + VPW3 100/0,floor,100.0,0.735,0.265,0.0,3.14,2.94,2.2,0.252,1.297,0.0405,0.0666,0.0027,0.155,0.505,7.0,4.059,0.0,10.6,10.34,0.0321,0.0669
US1934,65,0.7,0.0,1.0,0.0,S2 ladder15r + VPW3 100/0,floor,100.0,0.612,0.388,0.0,3.4,3.18,2.31,0.23,1.274,0.0415,0.0627,0.0027,0.135,0.454,5.0,3.393,0.0,12.83,12.3,0.0329,0.0617
US1934,65,0.7,0.0,1.0,0.0,S2 ladder20r + VPW3 100/0,floor,100.0,0.495,0.505,0.0,3.58,3.21,2.05,0.207,1.235,0.0417,0.0581,0.0029,0.112,0.341,3.0,2.75,0.0,15.71,14.92,0.0335,0.0567
US1934,65,0.7,0.0,1.0,0.0,S2 ladder15r + VPW3 80/20,floor,100.0,0.612,0.388,0.0,3.22,2.96,2.1,0.228,1.21,0.0414,0.0593,0.0028,0.12,0.467,5.0,2.292,0.0,13.22,12.7,0.0334,0.0542
US1934,65,0.7,0.0,1.0,0.0,S2 ladder15r(0%) + VPW3 100/0,floor,100.0,0.58,0.42,0.0,3.94,3.64,2.63,0.224,1.233,0.0404,0.0606,0.0026,0.134,0.46,5.0,3.208,0.0,14.14,13.61,0.0318,0.0591
US1934,65,0.7,0.0,1.0,0.0,S2 ladder15n + VPW3 100/0,floor,100.0,0.631,0.369,0.0,3.25,3.02,2.16,0.226,1.285,0.0403,0.0635,0.0027,0.136,0.462,6.0,3.404,0.0,12.43,11.91,0.0334,0.0624
US1934,65,0.7,0.0,1.0,0.0,S3 ann80n load10 + VPW3 100/0,floor,100.0,0.79,0.0,0.21,1.43,1.33,0.94,0.151,1.192,0.0311,0.056,0.0167,0.164,0.354,5.0,4.356,0.0,4.45,4.06,0.0313,0.0692
US1934,65,0.7,0.0,1.0,0.0,S3 ann80n load20 + VPW3 100/0,floor,100.0,0.771,0.0,0.229,1.58,1.53,1.03,0.148,1.165,0.0306,0.0547,0.015,0.163,0.352,5.0,4.235,0.0,5.1,4.84,0.0307,0.0675
US1934,65,0.7,0.0,1.0,0.0,S3 ann80n load30 + VPW3 100/0,floor,100.0,0.752,0.0,0.248,1.77,1.7,1.17,0.145,1.139,0.0302,0.0534,0.0135,0.162,0.347,5.0,4.12,0.0,5.76,5.24,0.0297,0.066
US1934,65,0.7,0.0,1.0,0.0,S3 ann85n load20 + VPW3 100/0,floor,100.0,0.864,0.0,0.136,1.53,1.4,0.99,0.161,1.234,0.0321,0.0592,0.0069,0.165,0.377,5.0,4.785,0.0,3.93,3.53,0.0311,0.0729
US1934,65,0.7,0.0,1.0,0.0,S3 ann80r load20 + VPW3 100/0 (假設性),floor,100.0,0.731,0.0,0.269,0.23,0.23,0.04,0.141,1.224,0.0311,0.056,0.012,0.172,0.317,3.0,3.987,0.0,0.26,0.26,0.0375,0.0729
US1934,65,0.7,0.0,1.0,0.0,S4 ladder15r + ann85n + VPW3 100/0,floor,100.0,0.476,0.388,0.136,3.66,3.52,2.57,0.204,1.129,0.0385,0.0549,0.0097,0.132,0.448,5.0,2.613,0.0,12.17,12.04,0.0319,0.0549
US1934,65,0.7,0.01,1.0,0.01,VPW3 60/40,dynamic,100.0,1.0,0.0,0.0,0.04,0.03,0.01,0.226,1.373,0.0452,0.0646,0.0566,0.1,0.299,3.0,2.427,0.0,0.39,0.39,0.042,0.0659
US1934,65,0.7,0.01,1.0,0.01,VPW3 80/20,dynamic,100.0,1.0,0.0,0.0,0.09,0.06,0.03,0.226,1.487,0.0455,0.0707,0.0585,0.123,0.333,4.0,3.793,0.0,0.65,0.39,0.0427,0.0772
US1934,65,0.7,0.01,1.0,0.01,GK 60/40,dynamic,100.0,1.0,0.0,0.0,0.0,0.0,0.0,0.16,0.925,0.0338,0.0433,0.0412,0.032,0.015,0.0,5.476,0.0,0.0,0.0,0.0334,0.0468
US1934,65,0.7,0.01,1.0,0.01,GK 80/20,dynamic,100.0,1.0,0.0,0.0,0.0,0.0,0.0,0.16,0.951,0.0337,0.0455,0.0421,0.034,0.018,0.0,8.79,0.0,0.0,0.0,0.0332,0.0488
US1934,65,0.7,0.01,1.0,0.01,FIX 60/40,fixed,100.0,1.0,0.0,0.0,0.4,0.36,0.28,0.16,0.88,0.0399,0.04,0.0394,0.005,0.011,0.0,5.772,0.0,2.09,1.83,0.04,0.04
US1934,65,0.7,0.01,1.0,0.01,S1 VPW3 100/0,floor,100.0,1.0,0.0,0.0,0.21,0.21,0.09,0.227,1.605,0.0445,0.0766,0.0583,0.148,0.381,5.0,5.598,0.0,1.44,1.44,0.042,0.0895
US1934,65,0.7,0.01,1.0,0.01,S2 ladder10r + VPW3 100/0,floor,100.0,0.83,0.17,0.0,0.5,0.42,0.31,0.269,1.551,0.0478,0.0761,0.0566,0.136,0.414,5.5,4.644,0.0,2.49,2.36,0.0423,0.0812
US1934,65,0.7,0.01,1.0,0.01,S2 ladder15r + VPW3 100/0,floor,100.0,0.75,0.25,0.0,0.6,0.54,0.3,0.254,1.532,0.0486,0.0738,0.0568,0.125,0.368,4.0,4.205,0.0,3.14,2.88,0.0427,0.0776
US1934,65,0.7,0.01,1.0,0.01,S2 ladder20r + VPW3 100/0,floor,100.0,0.675,0.325,0.0,0.53,0.5,0.25,0.241,1.505,0.0489,0.0709,0.0575,0.114,0.318,3.0,3.783,0.0,3.4,3.14,0.043,0.0745
US1934,65,0.7,0.01,1.0,0.01,S2 ladder15r + VPW3 80/20,floor,100.0,0.75,0.25,0.0,0.38,0.31,0.16,0.253,1.445,0.0487,0.0694,0.0569,0.107,0.355,4.0,2.846,0.0,2.49,2.36,0.0432,0.0687
US1934,65,0.7,0.01,1.0,0.01,S2 ladder15r(0%) + VPW3 100/0,floor,100.0,0.73,0.27,0.0,0.66,0.56,0.33,0.25,1.504,0.0479,0.0725,0.0557,0.124,0.368,4.0,4.09,0.0,3.4,3.01,0.0419,0.076
US1934,65,0.7,0.01,1.0,0.01,S2 ladder15n + VPW3 100/0,floor,100.0,0.763,0.237,0.0,0.57,0.51,0.29,0.257,1.537,0.048,0.0743,0.0569,0.126,0.376,5.0,4.218,0.0,2.88,2.62,0.0428,0.0786
US1934,65,0.7,0.01,1.0,0.01,S3 ann80n load10 + VPW3 100/0,floor,100.0,0.865,0.0,0.135,0.11,0.06,0.03,0.202,1.489,0.0414,0.0698,0.0554,0.144,0.362,4.0,4.843,0.0,0.65,0.52,0.0416,0.0831
US1934,65,0.7,0.01,1.0,0.01,S3 ann80n load20 + VPW3 100/0,floor,100.0,0.853,0.0,0.147,0.11,0.08,0.03,0.2,1.472,0.041,0.069,0.0549,0.144,0.361,4.0,4.774,0.0,0.65,0.52,0.0412,0.0821
US1934,65,0.7,0.01,1.0,0.01,S3 ann80n load30 + VPW3 100/0,floor,100.0,0.841,0.0,0.159,0.14,0.1,0.03,0.197,1.455,0.0406,0.0682,0.0543,0.144,0.36,4.0,4.704,0.0,0.79,0.65,0.0408,0.0811
US1934,65,0.7,0.01,1.0,0.01,S3 ann85n load20 + VPW3 100/0,floor,100.0,0.913,0.0,0.087,0.14,0.13,0.03,0.211,1.515,0.0422,0.0718,0.0564,0.146,0.372,5.0,5.11,0.0,0.79,0.79,0.0416,0.0852
US1934,65,0.7,0.01,1.0,0.01,S3 ann80r load20 + VPW3 100/0 (假設性),floor,100.0,0.827,0.0,0.173,0.0,0.0,0.0,0.195,1.511,0.0421,0.0696,0.0557,0.147,0.347,4.0,4.629,0.0,0.0,0.0,0.0461,0.0857
US1934,65,0.7,0.01,1.0,0.01,S4 ladder15r + ann85n + VPW3 100/0,floor,100.0,0.663,0.25,0.087,0.35,0.32,0.21,0.239,1.44,0.0467,0.0689,0.0574,0.123,0.358,4.0,3.716,0.0,2.09,1.96,0.0419,0.0736
US1934,65,0.7,0.01,0.7,0.007,VPW3 60/40,dynamic,100.0,1.0,0.0,0.0,0.15,0.12,0.04,0.215,1.308,0.0424,0.0616,0.0528,0.105,0.311,3.0,2.427,0.0,1.18,0.92,0.0395,0.0629
US1934,65,0.7,0.01,0.7,0.007,VPW3 80/20,dynamic,100.0,1.0,0.0,0.0,0.24,0.2,0.08,0.214,1.422,0.0426,0.0677,0.0539,0.129,0.344,4.0,3.792,0.0,1.83,1.57,0.0404,0.0742
US1934,65,0.7,0.01,0.7,0.007,GK 60/40,dynamic,100.0,1.0,0.0,0.0,0.01,0.01,0.0,0.16,0.911,0.0328,0.0429,0.0406,0.034,0.082,0.0,5.127,0.0,0.0,0.0,0.032,0.0464
US1934,65,0.7,0.01,0.7,0.007,GK 80/20,dynamic,100.0,1.0,0.0,0.0,0.05,0.03,0.01,0.16,0.943,0.0327,0.0454,0.0416,0.037,0.082,0.0,8.275,0.0,0.26,0.13,0.0316,0.0493
US1934,65,0.7,0.01,0.7,0.007,FIX 60/40,fixed,100.0,1.0,0.0,0.0,0.97,0.87,0.59,0.16,0.88,0.04,0.04,0.0365,0.004,0.008,0.0,5.41,0.0,3.93,3.66,0.04,0.04
US1934,65,0.7,0.01,0.7,0.007,S1 VPW3 100/0,floor,100.0,1.0,0.0,0.0,0.46,0.39,0.25,0.214,1.536,0.0415,0.0737,0.051,0.154,0.393,5.0,5.598,0.0,2.49,2.36,0.0395,0.0866
US1934,65,0.7,0.01,0.7,0.007,S2 ladder10r + VPW3 100/0,floor,100.0,0.801,0.199,0.0,0.87,0.77,0.53,0.264,1.474,0.0453,0.0732,0.0457,0.142,0.438,6.0,4.485,0.0,3.93,3.53,0.0395,0.077
US1934,65,0.7,0.01,0.7,0.007,S2 ladder15r + VPW3 100/0,floor,100.0,0.709,0.291,0.0,1.11,1.0,0.68,0.246,1.454,0.0464,0.0705,0.0455,0.128,0.386,5.0,3.972,0.0,5.63,5.37,0.0397,0.0728
US1934,65,0.7,0.01,0.7,0.007,S2 ladder20r + VPW3 100/0,floor,100.0,0.621,0.379,0.0,1.16,1.02,0.61,0.231,1.422,0.0467,0.067,0.0471,0.113,0.322,3.0,3.479,0.0,7.07,6.15,0.0404,0.0691
US1934,65,0.7,0.01,0.7,0.007,S2 ladder15r + VPW3 80/20,floor,100.0,0.709,0.291,0.0,0.86,0.81,0.49,0.246,1.372,0.0462,0.0663,0.0471,0.111,0.385,4.0,2.688,0.0,4.71,4.71,0.0405,0.0643
US1934,65,0.7,0.01,0.7,0.007,S2 ladder15r(0%) + VPW3 100/0,floor,100.0,0.685,0.315,0.0,1.26,1.11,0.76,0.243,1.421,0.0456,0.0689,0.0442,0.127,0.388,5.0,3.835,0.0,6.02,5.76,0.039,0.0709
US1934,65,0.7,0.01,0.7,0.007,S2 ladder15n + VPW3 100/0,floor,100.0,0.723,0.277,0.0,1.11,1.03,0.65,0.248,1.462,0.0455,0.0711,0.0456,0.129,0.396,5.0,3.987,0.0,5.37,4.97,0.0402,0.0739
US1934,65,0.7,0.01,0.7,0.007,S3 ann80n load10 + VPW3 100/0,floor,100.0,0.843,0.0,0.157,0.25,0.24,0.12,0.185,1.401,0.038,0.0658,0.0511,0.151,0.374,4.0,4.716,0.0,1.44,1.44,0.0388,0.079
US1934,65,0.7,0.01,0.7,0.007,S3 ann80n load20 + VPW3 100/0,floor,100.0,0.828,0.0,0.172,0.27,0.25,0.12,0.182,1.382,0.0375,0.0648,0.0504,0.15,0.373,4.0,4.636,0.0,1.7,1.44,0.0382,0.0778
US1934,65,0.7,0.01,0.7,0.007,S3 ann80n load30 + VPW3 100/0,floor,100.0,0.814,0.0,0.186,0.32,0.28,0.15,0.18,1.361,0.0371,0.0638,0.0498,0.15,0.372,4.0,4.556,0.0,1.96,1.7,0.0377,0.0766
US1934,65,0.7,0.01,0.7,0.007,S3 ann85n load20 + VPW3 100/0,floor,100.0,0.898,0.0,0.102,0.35,0.33,0.23,0.195,1.433,0.0389,0.068,0.0521,0.152,0.383,5.0,5.027,0.0,1.83,1.7,0.0387,0.0816
US1934,65,0.7,0.01,0.7,0.007,S3 ann80r load20 + VPW3 100/0 (假設性),floor,100.0,0.798,0.0,0.202,0.0,0.0,0.0,0.177,1.427,0.0386,0.0655,0.0514,0.155,0.357,4.0,4.467,0.0,0.0,0.0,0.0436,0.0822
US1934,65,0.7,0.01,0.7,0.007,S4 ladder15r + ann85n + VPW3 100/0,floor,100.0,0.607,0.291,0.102,0.85,0.75,0.47,0.228,1.345,0.0441,0.0646,0.0525,0.125,0.381,4.0,3.396,0.0,4.06,3.14,0.039,0.0679
US1934,65,0.7,0.025,1.0,0.025,VPW3 60/40,dynamic,100.0,1.0,0.0,0.0,0.0,0.0,0.0,0.286,1.715,0.0598,0.0793,0.0734,0.081,0.249,2.0,2.427,0.0,0.0,0.0,0.056,0.0806
US1934,65,0.7,0.025,1.0,0.025,VPW3 80/20,dynamic,100.0,1.0,0.0,0.0,0.0,0.0,0.0,0.287,1.826,0.0602,0.0854,0.0762,0.101,0.285,3.0,3.793,0.0,0.0,0.0,0.0569,0.0919
US1934,65,0.7,0.025,1.0,0.025,GK 60/40,dynamic,100.0,1.0,0.0,0.0,0.0,0.0,0.0,0.159,0.938,0.0381,0.043,0.0424,0.023,0.035,0.0,7.286,0.0,0.0,0.0,0.0387,0.0448
US1934,65,0.7,0.025,1.0,0.025,GK 80/20,dynamic,100.0,1.0,0.0,0.0,0.0,0.0,0.0,0.16,0.948,0.0379,0.0437,0.0427,0.024,0.037,0.0,11.581,0.0,0.0,0.0,0.0389,0.0453
US1934,65,0.7,0.025,1.0,0.025,FIX 60/40,fixed,100.0,1.0,0.0,0.0,0.0,0.0,0.0,0.16,0.88,0.0399,0.04,0.04,0.013,0.028,0.0,7.563,0.0,0.0,0.0,0.0399,0.04
US1934,65,0.7,0.025,1.0,0.025,S1 VPW3 100/0,floor,100.0,1.0,0.0,0.0,0.0,0.0,0.0,0.289,1.946,0.0591,0.0914,0.0772,0.123,0.329,4.0,5.603,0.0,0.0,0.0,0.0566,0.1043
US1934,65,0.7,0.025,1.0,0.025,S2 ladder10r + VPW3 100/0,floor,100.0,0.972,0.028,0.0,0.0,0.0,0.0,0.295,1.937,0.0598,0.0913,0.0776,0.12,0.328,4.0,5.444,0.0,0.0,0.0,0.0567,0.1029
US1934,65,0.7,0.025,1.0,0.025,S2 ladder15r + VPW3 100/0,floor,100.0,0.958,0.042,0.0,0.0,0.0,0.0,0.293,1.934,0.0599,0.0909,0.0776,0.119,0.321,4.0,5.37,0.0,0.0,0.0,0.0567,0.1023
US1934,65,0.7,0.025,1.0,0.025,S2 ladder20r + VPW3 100/0,floor,100.0,0.946,0.054,0.0,0.0,0.0,0.0,0.29,1.927,0.0598,0.0904,0.0775,0.118,0.318,3.0,5.3,0.0,0.0,0.0,0.0568,0.1017
US1934,65,0.7,0.025,1.0,0.025,S2 ladder15r + VPW3 80/20,floor,100.0,0.958,0.042,0.0,0.0,0.0,0.0,0.292,1.818,0.0608,0.0852,0.0764,0.097,0.282,3.0,3.636,0.0,0.0,0.0,0.0568,0.0905
US1934,65,0.7,0.025,1.0,0.025,S2 ladder15r(0%) + VPW3 100/0,floor,100.0,0.955,0.045,0.0,0.0,0.0,0.0,0.292,1.929,0.0598,0.0907,0.0775,0.118,0.321,4.0,5.351,0.0,0.0,0.0,0.0566,0.102
US1934,65,0.7,0.025,1.0,0.025,S2 ladder15n + VPW3 100/0,floor,100.0,0.96,0.04,0.0,0.0,0.0,0.0,0.293,1.93,0.0598,0.091,0.0776,0.119,0.323,4.0,5.371,0.0,0.0,0.0,0.0565,0.1023
US1934,65,0.7,0.025,1.0,0.025,S3 ann80n load10 + VPW3 100/0,floor,100.0,0.978,0.0,0.022,0.0,0.0,0.0,0.284,1.926,0.0587,0.0902,0.0767,0.122,0.325,4.0,5.477,0.0,0.0,0.0,0.0563,0.1031
US1934,65,0.7,0.025,1.0,0.025,S3 ann80n load20 + VPW3 100/0,floor,100.0,0.975,0.0,0.025,0.0,0.0,0.0,0.284,1.923,0.0586,0.0901,0.0766,0.122,0.325,4.0,5.466,0.0,0.0,0.0,0.0562,0.1029
US1934,65,0.7,0.025,1.0,0.025,S3 ann80n load30 + VPW3 100/0,floor,100.0,0.973,0.0,0.027,0.0,0.0,0.0,0.283,1.92,0.0585,0.09,0.0765,0.122,0.324,4.0,5.454,0.0,0.0,0.0,0.0562,0.1028
US1934,65,0.7,0.025,1.0,0.025,S3 ann85n load20 + VPW3 100/0,floor,100.0,0.985,0.0,0.015,0.0,0.0,0.0,0.286,1.931,0.0588,0.0906,0.0768,0.122,0.327,4.0,5.521,0.0,0.0,0.0,0.0564,0.1035
US1934,65,0.7,0.025,1.0,0.025,S3 ann80r load20 + VPW3 100/0 (假設性),floor,100.0,0.971,0.0,0.029,0.0,0.0,0.0,0.283,1.929,0.0587,0.0902,0.077,0.121,0.321,4.0,5.441,0.0,0.0,0.0,0.0573,0.1036
US1934,65,0.7,0.025,1.0,0.025,S4 ladder15r + ann85n + VPW3 100/0,floor,100.0,0.944,0.042,0.015,0.0,0.0,0.0,0.29,1.917,0.0596,0.0901,0.0773,0.118,0.319,4.0,5.288,0.0,0.0,0.0,0.0565,0.1016
US1934,65,0.7,0.025,0.7,0.0175,VPW3 60/40,dynamic,100.0,1.0,0.0,0.0,0.0,0.0,0.0,0.256,1.542,0.0525,0.0719,0.065,0.09,0.272,2.0,2.427,0.0,0.0,0.0,0.0487,0.0732
US1934,65,0.7,0.025,0.7,0.0175,VPW3 80/20,dynamic,100.0,1.0,0.0,0.0,0.0,0.0,0.0,0.258,1.656,0.0528,0.0781,0.0674,0.111,0.308,3.0,3.793,0.0,0.0,0.0,0.0496,0.0845
US1934,65,0.7,0.025,0.7,0.0175,GK 60/40,dynamic,100.0,1.0,0.0,0.0,0.0,0.0,0.0,0.16,0.941,0.0362,0.0436,0.0423,0.026,0.024,0.0,6.373,0.0,0.0,0.0,0.0361,0.0464
US1934,65,0.7,0.025,0.7,0.0175,GK 80/20,dynamic,100.0,1.0,0.0,0.0,0.0,0.0,0.0,0.16,0.959,0.0362,0.045,0.0429,0.028,0.026,0.0,10.095,0.0,0.0,0.0,0.0364,0.0474
US1934,65,0.7,0.025,0.7,0.0175,FIX 60/40,fixed,100.0,1.0,0.0,0.0,0.01,0.01,0.0,0.16,0.88,0.0399,0.04,0.04,0.009,0.02,0.0,6.648,0.0,0.0,0.0,0.0399,0.04
US1934,65,0.7,0.025,0.7,0.0175,S1 VPW3 100/0,floor,100.0,1.0,0.0,0.0,0.03,0.03,0.02,0.257,1.775,0.0517,0.084,0.068,0.134,0.353,4.0,5.603,0.0,0.26,0.26,0.0493,0.0969
US1934,65,0.7,0.025,0.7,0.0175,S2 ladder10r + VPW3 100/0,floor,100.0,0.901,0.099,0.0,0.03,0.03,0.03,0.282,1.742,0.0539,0.0835,0.0686,0.126,0.361,5.0,5.046,0.0,0.26,0.26,0.0494,0.092
US1934,65,0.7,0.025,0.7,0.0175,S2 ladder15r + VPW3 100/0,floor,100.0,0.854,0.146,0.0,0.06,0.03,0.03,0.273,1.732,0.0545,0.0823,0.0688,0.12,0.335,4.0,4.787,0.0,0.52,0.26,0.0494,0.0899
US1934,65,0.7,0.025,0.7,0.0175,S2 ladder20r + VPW3 100/0,floor,100.0,0.811,0.189,0.0,0.06,0.04,0.02,0.265,1.715,0.0545,0.0807,0.0686,0.115,0.317,3.0,4.541,0.0,0.52,0.26,0.0494,0.088
US1934,65,0.7,0.025,0.7,0.0175,S2 ladder15r + VPW3 80/20,floor,100.0,0.854,0.146,0.0,0.02,0.02,0.0,0.272,1.63,0.055,0.0772,0.0675,0.1,0.304,3.0,3.241,0.0,0.26,0.26,0.0495,0.0796
US1934,65,0.7,0.025,0.7,0.0175,S2 ladder15r(0%) + VPW3 100/0,floor,100.0,0.843,0.157,0.0,0.06,0.04,0.03,0.271,1.715,0.0541,0.0815,0.0682,0.119,0.334,4.0,4.72,0.0,0.52,0.26,0.049,0.0889
US1934,65,0.7,0.025,0.7,0.0175,S2 ladder15n + VPW3 100/0,floor,100.0,0.862,0.138,0.0,0.05,0.03,0.03,0.276,1.732,0.0541,0.0827,0.0687,0.12,0.339,4.0,4.791,0.0,0.39,0.26,0.0494,0.0906
US1934,65,0.7,0.025,0.7,0.0175,S3 ann80n load10 + VPW3 100/0,floor,100.0,0.921,0.0,0.079,0.01,0.0,0.0,0.242,1.705,0.05,0.0801,0.0661,0.131,0.34,4.0,5.162,0.0,0.13,0.0,0.0488,0.0931
US1934,65,0.7,0.025,0.7,0.0175,S3 ann80n load20 + VPW3 100/0,floor,100.0,0.914,0.0,0.086,0.01,0.01,0.0,0.241,1.696,0.0498,0.0796,0.0658,0.131,0.339,4.0,5.122,0.0,0.13,0.13,0.0486,0.0925
US1934,65,0.7,0.025,0.7,0.0175,S3 ann80n load30 + VPW3 100/0,floor,100.0,0.907,0.0,0.093,0.01,0.01,0.0,0.24,1.686,0.0495,0.0791,0.0654,0.13,0.339,4.0,5.082,0.0,0.13,0.13,0.0483,0.0919
US1934,65,0.7,0.025,0.7,0.0175,S3 ann85n load20 + VPW3 100/0,floor,100.0,0.949,0.0,0.051,0.01,0.0,0.0,0.248,1.721,0.0504,0.0812,0.0666,0.132,0.347,4.0,5.318,0.0,0.13,0.0,0.0488,0.0943
US1934,65,0.7,0.025,0.7,0.0175,S3 ann80r load20 + VPW3 100/0 (假設性),floor,100.0,0.899,0.0,0.101,0.0,0.0,0.0,0.238,1.719,0.0506,0.0799,0.0668,0.13,0.331,4.0,5.038,0.0,0.0,0.0,0.0517,0.0946
US1934,65,0.7,0.025,0.7,0.0175,S4 ladder15r + ann85n + VPW3 100/0,floor,100.0,0.804,0.146,0.051,0.03,0.03,0.0,0.264,1.678,0.0532,0.0795,0.0677,0.118,0.328,4.0,4.502,0.0,0.26,0.26,0.0489,0.0876
US1934,65,1.0,0.0,1.0,0.0,VPW3 60/40,dynamic,100.0,1.0,0.0,0.0,4.05,3.75,2.73,0.186,1.173,0.0406,0.0549,0.0025,0.106,0.262,3.0,2.363,0.0,15.84,14.27,0.0327,0.0563
US1934,65,1.0,0.0,1.0,0.0,VPW3 80/20,dynamic,100.0,1.0,0.0,0.0,3.9,3.66,2.8,0.191,1.278,0.0407,0.0609,0.0024,0.132,0.314,3.0,3.674,0.0,12.83,12.43,0.0319,0.067
US1934,65,1.0,0.0,1.0,0.0,GK 60/40,dynamic,100.0,1.0,0.0,0.0,3.22,2.99,2.18,0.16,0.954,0.04,0.0416,0.0027,0.033,0.0,0.0,4.145,0.0,9.95,9.82,0.0337,0.044
US1934,65,1.0,0.0,1.0,0.0,GK 80/20,dynamic,100.0,1.0,0.0,0.0,3.2,2.97,2.36,0.16,0.973,0.04,0.0444,0.0025,0.036,0.0,0.0,6.776,0.0,9.29,8.77,0.0323,0.0488
US1934,65,1.0,0.0,1.0,0.0,FIX 60/40,fixed,100.0,1.0,0.0,0.0,3.21,2.97,2.16,0.16,0.88,0.04,0.04,0.0027,0.0,0.0,0.0,4.562,0.0,9.95,9.82,0.0337,0.04
US1934,65,1.0,0.0,1.0,0.0,S1 VPW3 100/0,floor,100.0,1.0,0.0,0.0,4.52,4.3,3.43,0.193,1.373,0.0406,0.0666,0.0022,0.158,0.354,4.0,5.376,0.0,12.7,12.7,0.029,0.0789
US1934,65,1.0,0.0,1.0,0.0,S2 ladder10r + VPW3 100/0,floor,100.0,0.621,0.379,0.0,11.38,10.81,8.41,0.28,1.29,0.041,0.0685,0.0016,0.148,0.487,8.0,3.151,0.0,29.06,28.14,0.0293,0.0614
US1934,65,1.0,0.0,1.0,0.0,S2 ladder15r + VPW3 100/0,floor,100.0,0.445,0.555,0.0,14.42,13.63,10.42,0.246,1.266,0.0414,0.0623,0.0016,0.12,0.446,6.0,2.244,0.0,41.36,40.18,0.0312,0.0552
US1934,65,1.0,0.0,1.0,0.0,S2 ladder20r + VPW3 100/0,floor,100.0,0.278,0.722,0.0,17.13,15.97,11.67,0.214,1.202,0.0414,0.0556,0.0016,0.083,0.344,2.0,1.376,0.0,54.45,53.8,0.0328,0.0497
US1934,65,1.0,0.0,1.0,0.0,S2 ladder15r + VPW3 80/20,floor,100.0,0.445,0.555,0.0,16.81,15.8,12.11,0.244,1.221,0.041,0.0605,0.0015,0.107,0.445,6.0,1.495,0.0,48.95,48.43,0.0319,0.0511
US1934,65,1.0,0.0,1.0,0.0,S2 ladder15r(0%) + VPW3 100/0,floor,100.0,0.4,0.6,0.0,17.09,16.23,12.67,0.237,1.206,0.0391,0.0596,0.0015,0.117,0.442,6.0,1.942,0.0,45.29,44.5,0.0298,0.0519
US1934,65,1.0,0.0,1.0,0.0,S2 ladder15n + VPW3 100/0,floor,100.0,0.473,0.527,0.0,14.55,13.64,10.34,0.243,1.266,0.0402,0.0629,0.0016,0.123,0.452,7.0,2.248,0.0,39.66,38.87,0.0308,0.0563
US1934,65,1.0,0.0,1.0,0.0,S3 ann80n load10 + VPW3 100/0,floor,100.0,0.7,0.0,0.3,9.26,8.84,7.56,0.16,1.082,0.0332,0.0504,0.0036,0.134,0.265,2.0,3.236,0.0,19.76,19.37,0.0269,0.0617
US1934,65,1.0,0.0,1.0,0.0,S3 ann80n load20 + VPW3 100/0,floor,100.0,0.673,0.0,0.327,10.77,10.47,8.94,0.16,1.043,0.0318,0.0485,0.0033,0.13,0.26,2.0,3.003,0.0,23.17,22.38,0.026,0.0586
US1934,65,1.0,0.0,1.0,0.0,S3 ann80n load30 + VPW3 100/0,floor,100.0,0.646,0.0,0.354,12.49,12.08,10.43,0.16,1.003,0.0305,0.0467,0.003,0.126,0.253,1.0,2.767,0.0,25.65,25.0,0.025,0.0557
US1934,65,1.0,0.0,1.0,0.0,S3 ann85n load20 + VPW3 100/0,floor,100.0,0.806,0.0,0.194,7.4,7.16,6.12,0.164,1.155,0.0355,0.0551,0.0026,0.144,0.304,3.0,4.059,0.0,16.62,16.23,0.0277,0.0684
US1934,65,1.0,0.0,1.0,0.0,S3 ann80r load20 + VPW3 100/0 (假設性),floor,100.0,0.616,0.0,0.384,7.19,7.1,3.71,0.16,1.13,0.0379,0.0501,0.0027,0.146,0.187,0.0,2.525,0.0,9.95,9.95,0.0376,0.0644
US1934,65,1.0,0.0,1.0,0.0,S4 ladder15r + ann85n + VPW3 100/0,floor,100.0,0.252,0.555,0.194,24.28,23.25,19.3,0.209,1.058,0.0366,0.052,0.0027,0.099,0.396,6.0,1.034,0.0,54.19,53.4,0.0309,0.0451
US1934,65,1.0,0.01,1.0,0.01,VPW3 60/40,dynamic,100.0,1.0,0.0,0.0,1.18,1.06,0.63,0.226,1.381,0.0461,0.0646,0.053,0.097,0.29,3.0,2.413,0.0,5.89,5.76,0.0438,0.0659
US1934,65,1.0,0.01,1.0,0.01,VPW3 80/20,dynamic,100.0,1.0,0.0,0.0,1.23,1.16,0.81,0.227,1.494,0.0463,0.0707,0.0534,0.121,0.311,4.0,3.778,0.0,5.5,5.37,0.0441,0.0771
US1934,65,1.0,0.01,1.0,0.01,GK 60/40,dynamic,100.0,1.0,0.0,0.0,0.46,0.39,0.28,0.16,0.965,0.04,0.0432,0.0428,0.027,0.009,0.0,5.353,0.0,2.23,2.23,0.0401,0.0466
US1934,65,1.0,0.01,1.0,0.01,GK 80/20,dynamic,100.0,1.0,0.0,0.0,0.6,0.57,0.42,0.16,0.997,0.04,0.0454,0.0431,0.029,0.01,0.0,8.569,0.0,2.49,2.49,0.0401,0.0488
US1934,65,1.0,0.01,1.0,0.01,FIX 60/40,fixed,100.0,1.0,0.0,0.0,0.46,0.39,0.28,0.16,0.881,0.04,0.0401,0.0394,0.003,0.007,0.0,5.763,0.0,2.23,2.23,0.04,0.0401
US1934,65,1.0,0.01,1.0,0.01,S1 VPW3 100/0,floor,100.0,1.0,0.0,0.0,1.77,1.65,1.22,0.228,1.611,0.0456,0.0766,0.0504,0.145,0.354,5.0,5.575,0.0,5.89,5.89,0.0427,0.0893
US1934,65,1.0,0.01,1.0,0.01,S2 ladder10r + VPW3 100/0,floor,100.0,0.716,0.284,0.0,4.05,3.87,2.95,0.297,1.524,0.0512,0.0767,0.0416,0.134,0.454,7.0,3.926,0.0,13.09,12.7,0.041,0.0759
US1934,65,1.0,0.01,1.0,0.01,S2 ladder15r + VPW3 100/0,floor,100.0,0.584,0.416,0.0,4.63,4.31,3.14,0.272,1.499,0.052,0.0723,0.0419,0.115,0.408,5.0,3.217,0.0,15.84,15.18,0.0422,0.0701
US1934,65,1.0,0.01,1.0,0.01,S2 ladder20r + VPW3 100/0,floor,100.0,0.459,0.541,0.0,4.79,4.43,2.8,0.248,1.463,0.0522,0.0674,0.0439,0.093,0.315,2.0,2.531,0.0,19.9,19.37,0.0434,0.065
US1934,65,1.0,0.01,1.0,0.01,S2 ladder15r + VPW3 80/20,floor,100.0,0.584,0.416,0.0,4.77,4.4,2.99,0.27,1.438,0.052,0.0691,0.0421,0.102,0.411,5.0,2.176,0.0,17.67,16.62,0.0429,0.0632
US1934,65,1.0,0.01,1.0,0.01,S2 ladder15r(0%) + VPW3 100/0,floor,100.0,0.55,0.45,0.0,5.26,4.88,3.55,0.265,1.453,0.0509,0.0701,0.0402,0.113,0.406,5.0,3.016,0.0,16.75,16.62,0.0409,0.0674
US1934,65,1.0,0.01,1.0,0.01,S2 ladder15n + VPW3 100/0,floor,100.0,0.604,0.396,0.0,4.51,4.21,2.94,0.269,1.504,0.0508,0.0732,0.0422,0.117,0.419,5.0,3.231,0.0,16.23,15.31,0.0424,0.071
US1934,65,1.0,0.01,1.0,0.01,S3 ann80n load10 + VPW3 100/0,floor,100.0,0.775,0.0,0.225,2.23,2.05,1.58,0.189,1.401,0.0416,0.065,0.0529,0.136,0.296,3.0,4.215,0.0,7.07,6.54,0.0408,0.078
US1934,65,1.0,0.01,1.0,0.01,S3 ann80n load20 + VPW3 100/0,floor,100.0,0.755,0.0,0.245,2.46,2.4,1.74,0.185,1.371,0.0412,0.0636,0.0519,0.135,0.292,3.0,4.08,0.0,7.33,7.2,0.0403,0.0763
US1934,65,1.0,0.01,1.0,0.01,S3 ann80n load30 + VPW3 100/0,floor,100.0,0.734,0.0,0.266,2.72,2.6,1.98,0.181,1.342,0.0409,0.0622,0.0508,0.133,0.288,3.0,3.954,0.0,7.85,7.46,0.0392,0.0747
US1934,65,1.0,0.01,1.0,0.01,S3 ann85n load20 + VPW3 100/0,floor,100.0,0.855,0.0,0.145,2.32,2.13,1.62,0.204,1.449,0.0425,0.0684,0.0528,0.139,0.321,4.0,4.69,0.0,6.68,5.89,0.0412,0.0821
US1934,65,1.0,0.01,1.0,0.01,S3 ann80r load20 + VPW3 100/0 (假設性),floor,100.0,0.712,0.0,0.288,0.55,0.5,0.12,0.178,1.44,0.0416,0.065,0.0536,0.143,0.253,2.0,3.808,0.0,0.52,0.52,0.0473,0.0817
US1934,65,1.0,0.01,1.0,0.01,S4 ladder15r + ann85n + VPW3 100/0,floor,100.0,0.439,0.416,0.145,5.31,4.93,3.77,0.244,1.343,0.0488,0.064,0.0522,0.108,0.384,5.0,2.372,0.0,15.97,15.18,0.0412,0.063
US1934,65,1.0,0.01,0.7,0.007,VPW3 60/40,dynamic,100.0,1.0,0.0,0.0,1.76,1.58,1.15,0.215,1.318,0.0439,0.0617,0.041,0.101,0.276,3.0,2.404,0.0,7.33,6.81,0.0416,0.063
US1934,65,1.0,0.01,0.7,0.007,VPW3 80/20,dynamic,100.0,1.0,0.0,0.0,1.94,1.73,1.27,0.216,1.426,0.044,0.0678,0.0398,0.125,0.314,4.0,3.755,0.0,7.33,6.54,0.0413,0.0741
US1934,65,1.0,0.01,0.7,0.007,GK 60/40,dynamic,100.0,1.0,0.0,0.0,1.03,0.96,0.64,0.16,0.962,0.04,0.0429,0.0387,0.029,0.006,0.0,4.981,0.0,4.06,3.66,0.04,0.0461
US1934,65,1.0,0.01,0.7,0.007,GK 80/20,dynamic,100.0,1.0,0.0,0.0,1.11,1.07,0.75,0.16,0.996,0.04,0.0453,0.0381,0.031,0.007,0.0,8.021,0.0,3.66,3.66,0.04,0.0493
US1934,65,1.0,0.01,0.7,0.007,FIX 60/40,fixed,100.0,1.0,0.0,0.0,1.03,0.96,0.64,0.16,0.881,0.04,0.04,0.0364,0.002,0.005,0.0,5.402,0.0,4.06,3.66,0.04,0.04
US1934,65,1.0,0.01,0.7,0.007,S1 VPW3 100/0,floor,100.0,1.0,0.0,0.0,2.59,2.44,1.82,0.217,1.539,0.0436,0.0736,0.0359,0.149,0.356,5.0,5.521,0.0,8.64,8.25,0.04,0.0861
US1934,65,1.0,0.01,0.7,0.007,S2 ladder10r + VPW3 100/0,floor,100.0,0.687,0.313,0.0,5.51,5.25,4.19,0.292,1.45,0.0491,0.074,0.0277,0.138,0.463,7.0,3.712,0.0,16.1,15.45,0.037,0.0715
US1934,65,1.0,0.01,0.7,0.007,S2 ladder15r + VPW3 100/0,floor,100.0,0.542,0.458,0.0,6.84,6.35,4.55,0.264,1.426,0.0498,0.0692,0.0278,0.117,0.423,5.0,2.949,0.0,21.47,20.68,0.0384,0.0655
US1934,65,1.0,0.01,0.7,0.007,S2 ladder20r + VPW3 100/0,floor,100.0,0.404,0.596,0.0,7.33,6.78,4.32,0.237,1.387,0.0498,0.0637,0.0294,0.09,0.327,2.0,2.207,0.0,29.19,27.88,0.0402,0.0603
US1934,65,1.0,0.01,0.7,0.007,S2 ladder15r + VPW3 80/20,floor,100.0,0.542,0.458,0.0,7.43,6.84,4.7,0.262,1.373,0.0499,0.0664,0.0277,0.104,0.423,5.0,1.991,0.0,25.79,24.35,0.0395,0.0593
US1934,65,1.0,0.01,0.7,0.007,S2 ladder15r(0%) + VPW3 100/0,floor,100.0,0.505,0.495,0.0,7.82,7.37,5.38,0.257,1.378,0.0482,0.0668,0.0263,0.114,0.419,5.0,2.719,0.0,24.08,23.43,0.037,0.0626
US1934,65,1.0,0.01,0.7,0.007,S2 ladder15n + VPW3 100/0,floor,100.0,0.565,0.435,0.0,6.61,6.11,4.42,0.262,1.434,0.0485,0.07,0.028,0.119,0.427,6.0,2.952,0.0,20.55,20.16,0.0389,0.0665
US1934,65,1.0,0.01,0.7,0.007,S3 ann80n load10 + VPW3 100/0,floor,100.0,0.753,0.0,0.247,3.44,3.28,2.67,0.174,1.309,0.0403,0.0607,0.0466,0.137,0.288,2.0,3.995,0.0,9.42,9.03,0.0375,0.0737
US1934,65,1.0,0.01,0.7,0.007,S3 ann80n load20 + VPW3 100/0,floor,100.0,0.73,0.0,0.27,3.77,3.64,2.99,0.171,1.276,0.0401,0.0592,0.0452,0.135,0.282,2.0,3.841,0.0,10.34,10.08,0.0366,0.0719
US1934,65,1.0,0.01,0.7,0.007,S3 ann80n load30 + VPW3 100/0,floor,100.0,0.708,0.0,0.292,4.18,4.03,3.45,0.167,1.243,0.04,0.0576,0.0439,0.133,0.275,2.0,3.689,0.0,10.86,10.6,0.0345,0.0698
US1934,65,1.0,0.01,0.7,0.007,S3 ann85n load20 + VPW3 100/0,floor,100.0,0.84,0.0,0.16,3.24,3.11,2.52,0.19,1.364,0.041,0.0646,0.0422,0.142,0.317,3.0,4.536,0.0,8.38,8.25,0.0373,0.078
US1934,65,1.0,0.01,0.7,0.007,S3 ann80r load20 + VPW3 100/0 (假設性),floor,100.0,0.683,0.0,0.317,1.4,1.37,0.43,0.165,1.347,0.0401,0.0606,0.0464,0.145,0.233,1.0,3.501,0.0,1.57,1.57,0.0443,0.0776
US1934,65,1.0,0.01,0.7,0.007,S4 ladder15r + ann85n + VPW3 100/0,floor,100.0,0.383,0.458,0.16,8.82,8.14,6.24,0.233,1.257,0.0458,0.0602,0.0433,0.105,0.391,5.0,1.998,0.0,25.0,23.82,0.038,0.0574
US1934,65,1.0,0.025,1.0,0.025,VPW3 60/40,dynamic,100.0,1.0,0.0,0.0,0.03,0.02,0.0,0.286,1.716,0.0599,0.0793,0.0736,0.081,0.249,2.0,2.427,0.0,0.39,0.26,0.0565,0.0806
US1934,65,1.0,0.025,1.0,0.025,VPW3 80/20,dynamic,100.0,1.0,0.0,0.0,0.04,0.04,0.02,0.287,1.826,0.0603,0.0854,0.0764,0.101,0.285,3.0,3.793,0.0,0.39,0.39,0.057,0.0919
US1934,65,1.0,0.025,1.0,0.025,GK 60/40,dynamic,100.0,1.0,0.0,0.0,0.0,0.0,0.0,0.16,0.949,0.0401,0.043,0.0429,0.02,0.026,0.0,7.244,0.0,0.0,0.0,0.0402,0.0449
US1934,65,1.0,0.025,1.0,0.025,GK 80/20,dynamic,100.0,1.0,0.0,0.0,0.0,0.0,0.0,0.161,0.96,0.0401,0.0438,0.0433,0.021,0.028,0.0,11.493,0.0,0.0,0.0,0.0402,0.0454
US1934,65,1.0,0.025,1.0,0.025,FIX 60/40,fixed,100.0,1.0,0.0,0.0,0.0,0.0,0.0,0.16,0.884,0.0401,0.0402,0.0402,0.008,0.017,0.0,7.538,0.0,0.0,0.0,0.0401,0.0402
US1934,65,1.0,0.025,1.0,0.025,S1 VPW3 100/0,floor,100.0,1.0,0.0,0.0,0.13,0.11,0.05,0.289,1.947,0.0591,0.0914,0.0775,0.123,0.329,4.0,5.601,0.0,0.92,0.79,0.0567,0.1043
US1934,65,1.0,0.025,1.0,0.025,S2 ladder10r + VPW3 100/0,floor,100.0,0.858,0.142,0.0,0.21,0.21,0.09,0.323,1.898,0.062,0.0908,0.078,0.113,0.353,4.0,4.805,0.0,1.44,1.44,0.0568,0.0973
US1934,65,1.0,0.025,1.0,0.025,S2 ladder15r + VPW3 100/0,floor,100.0,0.792,0.208,0.0,0.23,0.22,0.09,0.311,1.881,0.0628,0.0889,0.0781,0.105,0.317,3.0,4.438,0.0,1.7,1.7,0.057,0.0943
US1934,65,1.0,0.025,1.0,0.025,S2 ladder20r + VPW3 100/0,floor,100.0,0.729,0.271,0.0,0.25,0.22,0.12,0.298,1.862,0.0628,0.0867,0.0776,0.098,0.28,2.0,4.086,0.0,1.7,1.7,0.0573,0.0916
US1934,65,1.0,0.025,1.0,0.025,S2 ladder15r + VPW3 80/20,floor,100.0,0.792,0.208,0.0,0.11,0.09,0.05,0.308,1.794,0.0629,0.0843,0.0762,0.088,0.295,3.0,3.005,0.0,0.92,0.65,0.0575,0.0848
US1934,65,1.0,0.025,1.0,0.025,S2 ladder15r(0%) + VPW3 100/0,floor,100.0,0.775,0.225,0.0,0.25,0.24,0.13,0.307,1.858,0.0622,0.0878,0.0772,0.104,0.317,3.0,4.342,0.0,1.83,1.7,0.0565,0.093
US1934,65,1.0,0.025,1.0,0.025,S2 ladder15n + VPW3 100/0,floor,100.0,0.802,0.198,0.0,0.23,0.21,0.12,0.313,1.888,0.0622,0.0895,0.078,0.106,0.323,3.0,4.457,0.0,1.83,1.57,0.0576,0.095
US1934,65,1.0,0.025,1.0,0.025,S3 ann80n load10 + VPW3 100/0,floor,100.0,0.888,0.0,0.112,0.05,0.03,0.02,0.267,1.847,0.0566,0.0856,0.0742,0.118,0.309,3.0,4.969,0.0,0.52,0.26,0.0559,0.0988
US1934,65,1.0,0.025,1.0,0.025,S3 ann80n load20 + VPW3 100/0,floor,100.0,0.877,0.0,0.123,0.05,0.03,0.02,0.265,1.832,0.0563,0.0849,0.0737,0.118,0.309,3.0,4.912,0.0,0.52,0.26,0.0556,0.098
US1934,65,1.0,0.025,1.0,0.025,S3 ann80n load30 + VPW3 100/0,floor,100.0,0.867,0.0,0.133,0.05,0.03,0.02,0.263,1.818,0.0559,0.0842,0.0732,0.117,0.307,3.0,4.855,0.0,0.52,0.26,0.0553,0.0972
US1934,65,1.0,0.025,1.0,0.025,S3 ann85n load20 + VPW3 100/0,floor,100.0,0.927,0.0,0.073,0.04,0.03,0.03,0.275,1.865,0.0573,0.0873,0.0751,0.12,0.319,3.0,5.194,0.0,0.39,0.26,0.0563,0.1006
US1934,65,1.0,0.025,1.0,0.025,S3 ann80r load20 + VPW3 100/0 (假設性),floor,100.0,0.856,0.0,0.144,0.0,0.0,0.0,0.261,1.867,0.0573,0.0855,0.0745,0.118,0.297,3.0,4.792,0.0,0.0,0.0,0.0601,0.101
US1934,65,1.0,0.025,1.0,0.025,S4 ladder15r + ann85n + VPW3 100/0,floor,100.0,0.719,0.208,0.073,0.16,0.13,0.05,0.297,1.804,0.0611,0.0848,0.0762,0.103,0.307,3.0,4.03,0.0,1.05,0.79,0.0563,0.0911
US1934,65,1.0,0.025,0.7,0.0175,VPW3 60/40,dynamic,100.0,1.0,0.0,0.0,0.32,0.27,0.09,0.256,1.546,0.0528,0.0719,0.0656,0.089,0.272,2.0,2.427,0.0,2.62,2.23,0.0501,0.0732
US1934,65,1.0,0.025,0.7,0.0175,VPW3 80/20,dynamic,100.0,1.0,0.0,0.0,0.37,0.33,0.14,0.258,1.659,0.053,0.0781,0.0679,0.11,0.308,3.0,3.792,0.0,2.36,2.23,0.0507,0.0845
US1934,65,1.0,0.025,0.7,0.0175,GK 60/40,dynamic,100.0,1.0,0.0,0.0,0.01,0.01,0.01,0.16,0.963,0.0401,0.0436,0.0435,0.023,0.017,0.0,6.299,0.0,0.0,0.0,0.0401,0.0464
US1934,65,1.0,0.025,0.7,0.0175,GK 80/20,dynamic,100.0,1.0,0.0,0.0,0.06,0.03,0.01,0.16,0.98,0.0401,0.0449,0.0442,0.024,0.018,0.0,9.986,0.0,0.39,0.13,0.0401,0.0474
US1934,65,1.0,0.025,0.7,0.0175,FIX 60/40,fixed,100.0,1.0,0.0,0.0,0.01,0.01,0.01,0.16,0.882,0.0401,0.0401,0.0401,0.006,0.012,0.0,6.635,0.0,0.0,0.0,0.0401,0.0401
US1934,65,1.0,0.025,0.7,0.0175,S1 VPW3 100/0,floor,100.0,1.0,0.0,0.0,0.59,0.55,0.37,0.257,1.778,0.052,0.084,0.0681,0.134,0.353,4.0,5.596,0.0,2.75,2.75,0.0499,0.0969
US1934,65,1.0,0.025,0.7,0.0175,S2 ladder10r + VPW3 100/0,floor,100.0,0.787,0.213,0.0,1.36,1.21,0.8,0.31,1.712,0.0561,0.0835,0.0668,0.123,0.404,5.0,4.403,0.0,5.76,5.37,0.0498,0.0866
US1934,65,1.0,0.025,0.7,0.0175,S2 ladder15r + VPW3 100/0,floor,100.0,0.688,0.312,0.0,1.52,1.41,0.92,0.291,1.687,0.0571,0.0806,0.0667,0.109,0.359,4.0,3.85,0.0,7.07,6.41,0.0502,0.0821
US1934,65,1.0,0.025,0.7,0.0175,S2 ladder20r + VPW3 100/0,floor,100.0,0.594,0.406,0.0,1.56,1.39,0.91,0.273,1.659,0.0573,0.0769,0.0667,0.096,0.287,2.0,3.323,0.0,8.38,7.98,0.051,0.0782
US1934,65,1.0,0.025,0.7,0.0175,S2 ladder15r + VPW3 80/20,floor,100.0,0.688,0.312,0.0,1.39,1.24,0.77,0.289,1.61,0.057,0.0766,0.0655,0.095,0.356,4.0,2.608,0.0,6.94,6.15,0.051,0.0739
US1934,65,1.0,0.025,0.7,0.0175,S2 ladder15r(0%) + VPW3 100/0,floor,100.0,0.662,0.338,0.0,1.73,1.59,1.06,0.286,1.652,0.0563,0.0789,0.0653,0.108,0.36,4.0,3.703,0.0,7.72,7.2,0.0495,0.0801
US1934,65,1.0,0.025,0.7,0.0175,S2 ladder15n + VPW3 100/0,floor,100.0,0.703,0.297,0.0,1.44,1.34,1.01,0.291,1.694,0.0563,0.0812,0.0666,0.11,0.367,4.0,3.872,0.0,6.81,6.28,0.0506,0.0832
US1934,65,1.0,0.025,0.7,0.0175,S3 ann80n load10 + VPW3 100/0,floor,100.0,0.831,0.0,0.169,0.42,0.41,0.27,0.227,1.628,0.0481,0.0754,0.0638,0.128,0.309,4.0,4.651,0.0,2.36,2.23,0.0489,0.0887
US1934,65,1.0,0.025,0.7,0.0175,S3 ann80n load20 + VPW3 100/0,floor,100.0,0.816,0.0,0.184,0.44,0.41,0.3,0.224,1.608,0.0477,0.0744,0.0631,0.128,0.306,4.0,4.565,0.0,2.36,2.23,0.0484,0.0874
US1934,65,1.0,0.025,0.7,0.0175,S3 ann80n load30 + VPW3 100/0,floor,100.0,0.801,0.0,0.199,0.49,0.43,0.33,0.221,1.588,0.0472,0.0734,0.0624,0.127,0.304,4.0,4.476,0.0,2.36,2.36,0.0479,0.0862
US1934,65,1.0,0.025,0.7,0.0175,S3 ann85n load20 + VPW3 100/0,floor,100.0,0.891,0.0,0.109,0.51,0.46,0.31,0.237,1.66,0.0492,0.0779,0.0653,0.13,0.325,4.0,4.986,0.0,2.23,2.09,0.0491,0.0915
US1934,65,1.0,0.025,0.7,0.0175,S3 ann80r load20 + VPW3 100/0 (假設性),floor,100.0,0.784,0.0,0.216,0.0,0.0,0.0,0.218,1.658,0.0487,0.0753,0.0639,0.132,0.287,3.0,4.377,0.0,0.0,0.0,0.0542,0.092
US1934,65,1.0,0.025,0.7,0.0175,S4 ladder15r + ann85n + VPW3 100/0,floor,100.0,0.579,0.312,0.109,1.36,1.25,0.79,0.27,1.567,0.0547,0.0743,0.0658,0.106,0.351,4.0,3.234,0.0,5.76,5.5,0.0496,0.0768
US1934,50,0.35,0.0,1.0,0.0,VPW3 60/40,dynamic,100.0,1.0,0.0,0.0,0.09,0.08,0.05,0.38,1.781,0.0299,0.0533,0.0111,0.119,0.402,8.0,3.072,0.0,0.49,0.39,0.0283,0.061
US1934,50,0.35,0.0,1.0,0.0,VPW3 80/20,dynamic,100.0,1.0,0.0,0.0,0.09,0.09,0.05,0.386,2.137,0.0312,0.0639,0.011,0.145,0.434,9.0,5.588,0.0,0.29,0.29,0.031,0.0805
US1934,50,0.35,0.0,1.0,0.0,GK 60/40,dynamic,100.0,1.0,0.0,0.0,0.08,0.08,0.07,0.368,1.446,0.0267,0.0447,0.0108,0.042,0.109,0.0,6.115,0.0,0.19,0.19,0.0244,0.0491
US1934,50,0.35,0.0,1.0,0.0,GK 80/20,dynamic,100.0,1.0,0.0,0.0,0.11,0.1,0.09,0.371,1.586,0.0278,0.0491,0.0087,0.043,0.1,0.0,12.593,0.0,0.39,0.29,0.0268,0.0527
US1934,50,0.35,0.0,1.0,0.0,FIX 60/40,fixed,100.0,1.0,0.0,0.0,10.56,10.09,8.95,0.36,1.36,0.0302,0.04,0.0016,0.0,0.0,0.0,6.71,0.0,19.34,18.85,0.0231,0.04
US1934,50,0.35,0.0,1.0,0.0,S1 VPW3 100/0,floor,100.0,1.0,0.0,0.0,0.25,0.24,0.13,0.389,2.512,0.031,0.0755,0.0073,0.173,0.483,11.0,9.439,0.0,0.78,0.68,0.0331,0.1062
US1934,50,0.35,0.0,1.0,0.0,S2 ladder10r + VPW3 100/0,floor,100.0,0.867,0.133,0.0,0.35,0.34,0.29,0.472,2.319,0.0327,0.0706,0.0058,0.166,0.516,12.0,8.187,0.0,0.97,0.97,0.0319,0.095
US1934,50,0.35,0.0,1.0,0.0,S2 ladder15r + VPW3 100/0,floor,100.0,0.806,0.194,0.0,0.42,0.38,0.33,0.457,2.235,0.033,0.0682,0.0056,0.158,0.497,11.0,7.607,0.0,1.07,1.07,0.0314,0.0899
US1934,50,0.35,0.0,1.0,0.0,S2 ladder20r + VPW3 100/0,floor,100.0,0.747,0.253,0.0,0.47,0.43,0.34,0.434,2.158,0.033,0.0658,0.0058,0.151,0.473,10.0,7.053,0.0,1.26,1.26,0.0311,0.0852
US1934,50,0.35,0.0,1.0,0.0,S2 ladder15r + VPW3 80/20,floor,100.0,0.806,0.194,0.0,0.28,0.27,0.15,0.447,1.933,0.0324,0.0589,0.0073,0.134,0.47,10.0,4.504,0.0,0.87,0.87,0.0297,0.0692
US1934,50,0.35,0.0,1.0,0.0,S2 ladder15r(0%) + VPW3 100/0,floor,100.0,0.79,0.21,0.0,0.46,0.42,0.34,0.451,2.195,0.0325,0.067,0.0055,0.158,0.498,11.0,7.455,0.0,1.17,1.07,0.0309,0.0882
US1934,50,0.35,0.0,1.0,0.0,S2 ladder15n + VPW3 100/0,floor,100.0,0.815,0.185,0.0,0.43,0.41,0.34,0.458,2.248,0.0327,0.0686,0.0056,0.159,0.5,11.0,7.636,0.0,1.26,1.26,0.0313,0.0908
US1934,50,0.35,0.0,1.0,0.0,S3 ann80n load10 + VPW3 100/0,floor,100.0,0.925,0.0,0.075,0.23,0.22,0.16,0.36,2.352,0.0291,0.0705,0.0155,0.173,0.48,10.0,8.733,0.0,0.58,0.49,0.0318,0.0993
US1934,50,0.35,0.0,1.0,0.0,S3 ann80n load20 + VPW3 100/0,floor,100.0,0.918,0.0,0.082,0.23,0.22,0.18,0.357,2.335,0.0289,0.07,0.0143,0.172,0.48,10.0,8.668,0.0,0.58,0.49,0.0316,0.0986
US1934,50,0.35,0.0,1.0,0.0,S3 ann80n load30 + VPW3 100/0,floor,100.0,0.912,0.0,0.088,0.23,0.22,0.18,0.355,2.318,0.0287,0.0695,0.0142,0.172,0.48,10.0,8.604,0.0,0.58,0.49,0.0314,0.0979
US1934,50,0.35,0.0,1.0,0.0,S3 ann85n load20 + VPW3 100/0,floor,100.0,0.952,0.0,0.048,0.24,0.23,0.17,0.37,2.403,0.0296,0.0722,0.0102,0.173,0.482,10.0,8.982,0.0,0.58,0.49,0.0323,0.1017
US1934,50,0.35,0.0,1.0,0.0,S3 ann80r load20 + VPW3 100/0 (假設性),floor,100.0,0.893,0.0,0.107,0.08,0.08,0.06,0.347,2.335,0.0292,0.0697,0.0138,0.172,0.474,10.0,8.427,0.0,0.1,0.1,0.0345,0.0999
US1934,50,0.35,0.0,1.0,0.0,S4 ladder15r + ann85n + VPW3 100/0,floor,100.0,0.757,0.194,0.048,0.46,0.45,0.34,0.438,2.125,0.0316,0.0648,0.0073,0.158,0.498,11.0,7.148,0.0,1.07,1.07,0.0304,0.0856
US1934,50,0.35,0.01,1.0,0.01,VPW3 60/40,dynamic,100.0,1.0,0.0,0.0,0.0,0.0,0.0,0.38,1.99,0.034,0.0581,0.0448,0.116,0.362,6.0,3.072,0.0,0.0,0.0,0.0349,0.0677
US1934,50,0.35,0.01,1.0,0.01,VPW3 80/20,dynamic,100.0,1.0,0.0,0.0,0.0,0.0,0.0,0.387,2.338,0.0348,0.0689,0.0463,0.14,0.401,8.0,5.589,0.0,0.0,0.0,0.0377,0.0871
US1934,50,0.35,0.01,1.0,0.01,GK 60/40,dynamic,100.0,1.0,0.0,0.0,0.0,0.0,0.0,0.368,1.554,0.0314,0.0464,0.0403,0.039,0.1,0.0,6.933,0.0,0.0,0.0,0.0311,0.0492
US1934,50,0.35,0.01,1.0,0.01,GK 80/20,dynamic,100.0,1.0,0.0,0.0,0.0,0.0,0.0,0.371,1.633,0.0322,0.0487,0.0412,0.041,0.1,0.0,14.023,0.0,0.0,0.0,0.0334,0.0508
US1934,50,0.35,0.01,1.0,0.01,FIX 60/40,fixed,100.0,1.0,0.0,0.0,5.64,5.35,4.64,0.36,1.4,0.0386,0.04,0.0313,0.004,0.011,0.0,7.797,0.0,11.08,10.88,0.0311,0.04
US1934,50,0.35,0.01,1.0,0.01,S1 VPW3 100/0,floor,100.0,1.0,0.0,0.0,0.0,0.0,0.0,0.39,2.715,0.0348,0.0806,0.0457,0.167,0.456,9.0,9.443,0.0,0.0,0.0,0.0397,0.113
US1934,50,0.35,0.01,1.0,0.01,S2 ladder10r + VPW3 100/0,floor,100.0,0.867,0.133,0.0,0.01,0.01,0.0,0.473,2.522,0.0371,0.0752,0.047,0.16,0.483,10.0,8.191,0.0,0.1,0.1,0.0384,0.1017
US1934,50,0.35,0.01,1.0,0.01,S2 ladder15r + VPW3 100/0,floor,100.0,0.806,0.194,0.0,0.01,0.01,0.0,0.457,2.436,0.0374,0.0728,0.0497,0.14,0.428,9.0,7.61,0.0,0.1,0.1,0.0378,0.0966
US1934,50,0.35,0.01,1.0,0.01,S2 ladder20r + VPW3 100/0,floor,100.0,0.747,0.253,0.0,0.01,0.01,0.01,0.434,2.359,0.0372,0.0704,0.049,0.142,0.425,9.0,7.058,0.0,0.1,0.1,0.0374,0.0919
US1934,50,0.35,0.01,1.0,0.01,S2 ladder15r + VPW3 80/20,floor,100.0,0.806,0.194,0.0,0.0,0.0,0.0,0.447,2.132,0.0373,0.0635,0.049,0.115,0.381,8.0,4.504,0.0,0.0,0.0,0.0363,0.076
US1934,50,0.35,0.01,1.0,0.01,S2 ladder15r(0%) + VPW3 100/0,floor,100.0,0.79,0.21,0.0,0.01,0.01,0.0,0.451,2.396,0.0369,0.0716,0.0491,0.14,0.427,9.0,7.46,0.0,0.1,0.1,0.0373,0.0949
US1934,50,0.35,0.01,1.0,0.01,S2 ladder15n + VPW3 100/0,floor,100.0,0.815,0.185,0.0,0.01,0.01,0.0,0.459,2.455,0.0372,0.0732,0.0494,0.141,0.433,9.0,7.644,0.0,0.1,0.1,0.0379,0.0975
US1934,50,0.35,0.01,1.0,0.01,S3 ann80n load10 + VPW3 100/0,floor,100.0,0.925,0.0,0.075,0.0,0.0,0.0,0.362,2.554,0.0327,0.0757,0.043,0.167,0.452,9.0,8.737,0.0,0.0,0.0,0.0384,0.1061
US1934,50,0.35,0.01,1.0,0.01,S3 ann80n load20 + VPW3 100/0,floor,100.0,0.918,0.0,0.082,0.0,0.0,0.0,0.359,2.537,0.0325,0.0752,0.0427,0.167,0.452,9.0,8.673,0.0,0.0,0.0,0.0382,0.1054
US1934,50,0.35,0.01,1.0,0.01,S3 ann80n load30 + VPW3 100/0,floor,100.0,0.912,0.0,0.088,0.0,0.0,0.0,0.356,2.521,0.0322,0.0747,0.0424,0.167,0.451,9.0,8.608,0.0,0.0,0.0,0.038,0.1047
US1934,50,0.35,0.01,1.0,0.01,S3 ann85n load20 + VPW3 100/0,floor,100.0,0.952,0.0,0.048,0.0,0.0,0.0,0.372,2.604,0.0334,0.0773,0.0439,0.167,0.454,9.0,8.986,0.0,0.0,0.0,0.0389,0.1085
US1934,50,0.35,0.01,1.0,0.01,S3 ann80r load20 + VPW3 100/0 (假設性),floor,100.0,0.893,0.0,0.107,0.0,0.0,0.0,0.349,2.549,0.0324,0.0746,0.0421,0.167,0.443,9.0,8.431,0.0,0.0,0.0,0.0412,0.1066
US1934,50,0.35,0.01,1.0,0.01,S4 ladder15r + ann85n + VPW3 100/0,floor,100.0,0.757,0.194,0.048,0.0,0.0,0.0,0.438,2.326,0.0361,0.0694,0.0481,0.138,0.423,9.0,7.153,0.0,0.0,0.0,0.037,0.0922
US1934,50,0.35,0.01,0.7,0.007,VPW3 60/40,dynamic,100.0,1.0,0.0,0.0,0.0,0.0,0.0,0.38,1.928,0.0329,0.0566,0.0435,0.115,0.369,7.0,3.072,0.0,0.0,0.0,0.033,0.0657
US1934,50,0.35,0.01,0.7,0.007,VPW3 80/20,dynamic,100.0,1.0,0.0,0.0,0.0,0.0,0.0,0.387,2.281,0.0339,0.0673,0.045,0.14,0.409,8.0,5.589,0.0,0.0,0.0,0.0357,0.0851
US1934,50,0.35,0.01,0.7,0.007,GK 60/40,dynamic,100.0,1.0,0.0,0.0,0.0,0.0,0.0,0.368,1.531,0.0302,0.0462,0.0389,0.039,0.1,0.0,6.646,0.0,0.0,0.0,0.0291,0.0496
US1934,50,0.35,0.01,0.7,0.007,GK 80/20,dynamic,100.0,1.0,0.0,0.0,0.0,0.0,0.0,0.371,1.622,0.0311,0.049,0.0401,0.041,0.1,0.0,13.509,0.0,0.0,0.0,0.0315,0.0515
US1934,50,0.35,0.01,0.7,0.007,FIX 60/40,fixed,100.0,1.0,0.0,0.0,6.85,6.55,5.84,0.36,1.399,0.0358,0.04,0.0236,0.003,0.008,0.0,7.46,0.0,13.02,12.83,0.0283,0.04
US1934,50,0.35,0.01,0.7,0.007,S1 VPW3 100/0,floor,100.0,1.0,0.0,0.0,0.03,0.03,0.01,0.389,2.654,0.0338,0.079,0.0444,0.168,0.463,10.0,9.443,0.0,0.19,0.19,0.0377,0.1109
US1934,50,0.35,0.01,0.7,0.007,S2 ladder10r + VPW3 100/0,floor,100.0,0.867,0.133,0.0,0.03,0.03,0.03,0.473,2.462,0.0359,0.0738,0.0449,0.16,0.491,11.0,8.191,0.0,0.19,0.19,0.0364,0.0997
US1934,50,0.35,0.01,0.7,0.007,S2 ladder15r + VPW3 100/0,floor,100.0,0.806,0.194,0.0,0.03,0.03,0.03,0.457,2.377,0.0362,0.0714,0.0468,0.145,0.446,10.0,7.61,0.0,0.19,0.19,0.0359,0.0947
US1934,50,0.35,0.01,0.7,0.007,S2 ladder20r + VPW3 100/0,floor,100.0,0.747,0.253,0.0,0.04,0.03,0.03,0.434,2.3,0.0359,0.0689,0.0464,0.144,0.437,9.0,7.058,0.0,0.19,0.19,0.0354,0.0899
US1934,50,0.35,0.01,0.7,0.007,S2 ladder15r + VPW3 80/20,floor,100.0,0.806,0.194,0.0,0.03,0.03,0.02,0.447,2.073,0.0359,0.0622,0.0463,0.12,0.405,8.0,4.504,0.0,0.19,0.19,0.0343,0.0739
US1934,50,0.35,0.01,0.7,0.007,S2 ladder15r(0%) + VPW3 100/0,floor,100.0,0.79,0.21,0.0,0.03,0.03,0.03,0.451,2.337,0.0357,0.0702,0.0461,0.144,0.446,10.0,7.46,0.0,0.19,0.19,0.0353,0.093
US1934,50,0.35,0.01,0.7,0.007,S2 ladder15n + VPW3 100/0,floor,100.0,0.815,0.185,0.0,0.03,0.03,0.03,0.458,2.395,0.036,0.0719,0.0466,0.145,0.451,10.0,7.644,0.0,0.19,0.19,0.0359,0.0955
US1934,50,0.35,0.01,0.7,0.007,S3 ann80n load10 + VPW3 100/0,floor,100.0,0.925,0.0,0.075,0.01,0.01,0.0,0.362,2.493,0.0317,0.0741,0.0419,0.167,0.458,10.0,8.737,0.0,0.1,0.1,0.0364,0.1041
US1934,50,0.35,0.01,0.7,0.007,S3 ann80n load20 + VPW3 100/0,floor,100.0,0.918,0.0,0.082,0.01,0.01,0.0,0.359,2.475,0.0315,0.0736,0.0416,0.167,0.458,10.0,8.673,0.0,0.1,0.1,0.0362,0.1034
US1934,50,0.35,0.01,0.7,0.007,S3 ann80n load30 + VPW3 100/0,floor,100.0,0.912,0.0,0.088,0.01,0.01,0.0,0.356,2.459,0.0313,0.0731,0.0413,0.167,0.458,10.0,8.608,0.0,0.1,0.1,0.036,0.1026
US1934,50,0.35,0.01,0.7,0.007,S3 ann85n load20 + VPW3 100/0,floor,100.0,0.952,0.0,0.048,0.02,0.01,0.01,0.372,2.543,0.0324,0.0757,0.0427,0.168,0.46,10.0,8.986,0.0,0.1,0.1,0.0369,0.1065
US1934,50,0.35,0.01,0.7,0.007,S3 ann80r load20 + VPW3 100/0 (假設性),floor,100.0,0.893,0.0,0.107,0.0,0.0,0.0,0.349,2.482,0.0314,0.0731,0.0412,0.167,0.451,9.0,8.431,0.0,0.0,0.0,0.0392,0.1046
US1934,50,0.35,0.01,0.7,0.007,S4 ladder15r + ann85n + VPW3 100/0,floor,100.0,0.757,0.194,0.048,0.03,0.03,0.02,0.438,2.267,0.0349,0.068,0.0454,0.143,0.442,10.0,7.153,0.0,0.19,0.19,0.035,0.0903
US1934,50,0.35,0.025,1.0,0.025,VPW3 60/40,dynamic,100.0,1.0,0.0,0.0,0.0,0.0,0.0,0.38,2.311,0.0384,0.0657,0.0484,0.13,0.334,5.0,3.072,0.0,0.0,0.0,0.0449,0.0778
US1934,50,0.35,0.025,1.0,0.025,VPW3 80/20,dynamic,100.0,1.0,0.0,0.0,0.0,0.0,0.0,0.387,2.656,0.0389,0.0766,0.0494,0.148,0.375,7.0,5.589,0.0,0.0,0.0,0.0479,0.097
US1934,50,0.35,0.025,1.0,0.025,GK 60/40,dynamic,100.0,1.0,0.0,0.0,0.0,0.0,0.0,0.368,1.57,0.0359,0.0444,0.0416,0.045,0.19,0.0,8.829,0.0,0.0,0.0,0.0398,0.0454
US1934,50,0.35,0.025,1.0,0.025,GK 80/20,dynamic,100.0,1.0,0.0,0.0,0.0,0.0,0.0,0.371,1.594,0.0358,0.0456,0.042,0.048,0.214,2.0,17.268,0.0,0.0,0.0,0.04,0.0464
US1934,50,0.35,0.025,1.0,0.025,FIX 60/40,fixed,100.0,1.0,0.0,0.0,0.66,0.01,0.0,0.36,1.438,0.0399,0.04,0.0394,0.01,0.027,0.0,9.429,0.0,1.17,0.0,0.0399,0.04
US1934,50,0.35,0.025,1.0,0.025,S1 VPW3 100/0,floor,100.0,1.0,0.0,0.0,0.0,0.0,0.0,0.391,3.032,0.0389,0.0883,0.0486,0.172,0.434,8.0,9.443,0.0,0.0,0.0,0.0497,0.123
US1934,50,0.35,0.025,1.0,0.025,S2 ladder10r + VPW3 100/0,floor,100.0,0.867,0.133,0.0,0.0,0.0,0.0,0.474,2.835,0.0428,0.0828,0.0519,0.166,0.456,9.0,8.191,0.0,0.0,0.0,0.0483,0.1119
US1934,50,0.35,0.025,1.0,0.025,S2 ladder15r + VPW3 100/0,floor,100.0,0.806,0.194,0.0,0.0,0.0,0.0,0.457,2.751,0.0429,0.0804,0.0575,0.132,0.373,7.0,7.61,0.0,0.0,0.0,0.0478,0.1069
US1934,50,0.35,0.025,1.0,0.025,S2 ladder20r + VPW3 100/0,floor,100.0,0.747,0.253,0.0,0.0,0.0,0.0,0.434,2.67,0.0423,0.0779,0.0556,0.148,0.384,8.0,7.058,0.0,0.0,0.0,0.0474,0.1021
US1934,50,0.35,0.025,1.0,0.025,S2 ladder15r + VPW3 80/20,floor,100.0,0.806,0.194,0.0,0.0,0.0,0.0,0.447,2.455,0.0429,0.0709,0.0565,0.109,0.319,5.0,4.504,0.0,0.0,0.0,0.0463,0.0859
US1934,50,0.35,0.025,1.0,0.025,S2 ladder15r(0%) + VPW3 100/0,floor,100.0,0.79,0.21,0.0,0.0,0.0,0.0,0.451,2.71,0.0423,0.0792,0.0568,0.131,0.372,7.0,7.46,0.0,0.0,0.0,0.0472,0.1052
US1934,50,0.35,0.025,1.0,0.025,S2 ladder15n + VPW3 100/0,floor,100.0,0.815,0.185,0.0,0.0,0.0,0.0,0.459,2.762,0.0427,0.0808,0.0568,0.134,0.382,7.0,7.644,0.0,0.0,0.0,0.0479,0.1076
US1934,50,0.35,0.025,1.0,0.025,S3 ann80n load10 + VPW3 100/0,floor,100.0,0.925,0.0,0.075,0.0,0.0,0.0,0.363,2.867,0.036,0.0834,0.0454,0.173,0.43,8.0,8.737,0.0,0.0,0.0,0.0484,0.1163
US1934,50,0.35,0.025,1.0,0.025,S3 ann80n load20 + VPW3 100/0,floor,100.0,0.918,0.0,0.082,0.0,0.0,0.0,0.36,2.849,0.0357,0.0829,0.0451,0.173,0.43,8.0,8.673,0.0,0.0,0.0,0.0482,0.1156
US1934,50,0.35,0.025,1.0,0.025,S3 ann80n load30 + VPW3 100/0,floor,100.0,0.912,0.0,0.088,0.0,0.0,0.0,0.357,2.831,0.0355,0.0823,0.0448,0.173,0.43,8.0,8.608,0.0,0.0,0.0,0.0479,0.1149
US1934,50,0.35,0.025,1.0,0.025,S3 ann85n load20 + VPW3 100/0,floor,100.0,0.952,0.0,0.048,0.0,0.0,0.0,0.373,2.917,0.037,0.085,0.0465,0.172,0.432,8.0,8.986,0.0,0.0,0.0,0.0488,0.1186
US1934,50,0.35,0.025,1.0,0.025,S3 ann80r load20 + VPW3 100/0 (假設性),floor,100.0,0.893,0.0,0.107,0.0,0.0,0.0,0.35,2.85,0.0352,0.0825,0.0441,0.173,0.423,8.0,8.431,0.0,0.0,0.0,0.0512,0.1167
US1934,50,0.35,0.025,1.0,0.025,S4 ladder15r + ann85n + VPW3 100/0,floor,100.0,0.757,0.194,0.048,0.0,0.0,0.0,0.438,2.638,0.0414,0.077,0.0554,0.13,0.366,7.0,7.153,0.0,0.0,0.0,0.0469,0.1024
US1934,50,0.35,0.025,0.7,0.0175,VPW3 60/40,dynamic,100.0,1.0,0.0,0.0,0.0,0.0,0.0,0.38,2.148,0.0364,0.0618,0.0471,0.122,0.346,6.0,3.072,0.0,0.0,0.0,0.0399,0.0727
US1934,50,0.35,0.025,0.7,0.0175,VPW3 80/20,dynamic,100.0,1.0,0.0,0.0,0.0,0.0,0.0,0.387,2.498,0.0371,0.0727,0.0483,0.143,0.385,7.0,5.589,0.0,0.0,0.0,0.0428,0.092
US1934,50,0.35,0.025,0.7,0.0175,GK 60/40,dynamic,100.0,1.0,0.0,0.0,0.0,0.0,0.0,0.368,1.587,0.0343,0.0459,0.0418,0.041,0.151,0.0,7.78,0.0,0.0,0.0,0.0361,0.0476
US1934,50,0.35,0.025,0.7,0.0175,GK 80/20,dynamic,100.0,1.0,0.0,0.0,0.0,0.0,0.0,0.371,1.628,0.0345,0.0474,0.0423,0.043,0.152,0.0,15.401,0.0,0.0,0.0,0.0381,0.0488
US1934,50,0.35,0.025,0.7,0.0175,FIX 60/40,fixed,100.0,1.0,0.0,0.0,2.28,0.01,0.0,0.36,1.402,0.0399,0.04,0.0384,0.007,0.019,0.0,8.584,0.0,5.15,0.0,0.0381,0.04
US1934,50,0.35,0.025,0.7,0.0175,S1 VPW3 100/0,floor,100.0,1.0,0.0,0.0,0.0,0.0,0.0,0.39,2.869,0.0368,0.0845,0.0476,0.169,0.442,9.0,9.443,0.0,0.0,0.0,0.0447,0.118
US1934,50,0.35,0.025,0.7,0.0175,S2 ladder10r + VPW3 100/0,floor,100.0,0.867,0.133,0.0,0.0,0.0,0.0,0.473,2.678,0.0399,0.079,0.0502,0.161,0.468,9.0,8.191,0.0,0.0,0.0,0.0433,0.1069
US1934,50,0.35,0.025,0.7,0.0175,S2 ladder15r + VPW3 100/0,floor,100.0,0.806,0.194,0.0,0.0,0.0,0.0,0.457,2.595,0.0403,0.0765,0.0546,0.133,0.393,8.0,7.61,0.0,0.0,0.0,0.0428,0.1017
US1934,50,0.35,0.025,0.7,0.0175,S2 ladder20r + VPW3 100/0,floor,100.0,0.747,0.253,0.0,0.0,0.0,0.0,0.434,2.52,0.04,0.074,0.0532,0.143,0.402,8.0,7.058,0.0,0.0,0.0,0.0424,0.0969
US1934,50,0.35,0.025,0.7,0.0175,S2 ladder15r + VPW3 80/20,floor,100.0,0.806,0.194,0.0,0.0,0.0,0.0,0.447,2.294,0.0404,0.067,0.0537,0.108,0.339,6.0,4.504,0.0,0.0,0.0,0.0413,0.081
US1934,50,0.35,0.025,0.7,0.0175,S2 ladder15r(0%) + VPW3 100/0,floor,100.0,0.79,0.21,0.0,0.0,0.0,0.0,0.451,2.555,0.0398,0.0753,0.054,0.133,0.391,8.0,7.46,0.0,0.0,0.0,0.0423,0.1001
US1934,50,0.35,0.025,0.7,0.0175,S2 ladder15n + VPW3 100/0,floor,100.0,0.815,0.185,0.0,0.0,0.0,0.0,0.459,2.608,0.04,0.077,0.0541,0.135,0.401,8.0,7.644,0.0,0.0,0.0,0.0429,0.1025
US1934,50,0.35,0.025,0.7,0.0175,S3 ann80n load10 + VPW3 100/0,floor,100.0,0.925,0.0,0.075,0.0,0.0,0.0,0.362,2.713,0.0347,0.0794,0.0446,0.168,0.438,8.0,8.737,0.0,0.0,0.0,0.0434,0.1112
US1934,50,0.35,0.025,0.7,0.0175,S3 ann80n load20 + VPW3 100/0,floor,100.0,0.918,0.0,0.082,0.0,0.0,0.0,0.36,2.696,0.0345,0.0789,0.0443,0.168,0.438,8.0,8.673,0.0,0.0,0.0,0.0432,0.1104
US1934,50,0.35,0.025,0.7,0.0175,S3 ann80n load30 + VPW3 100/0,floor,100.0,0.912,0.0,0.088,0.0,0.0,0.0,0.357,2.679,0.0343,0.0783,0.044,0.168,0.437,8.0,8.608,0.0,0.0,0.0,0.0429,0.1097
US1934,50,0.35,0.025,0.7,0.0175,S3 ann85n load20 + VPW3 100/0,floor,100.0,0.952,0.0,0.048,0.0,0.0,0.0,0.372,2.762,0.0354,0.0811,0.0456,0.169,0.439,9.0,8.986,0.0,0.0,0.0,0.0438,0.1136
US1934,50,0.35,0.025,0.7,0.0175,S3 ann80r load20 + VPW3 100/0 (假設性),floor,100.0,0.893,0.0,0.107,0.0,0.0,0.0,0.35,2.695,0.0344,0.0786,0.0434,0.168,0.432,8.0,8.431,0.0,0.0,0.0,0.0462,0.1117
US1934,50,0.35,0.025,0.7,0.0175,S4 ladder15r + ann85n + VPW3 100/0,floor,100.0,0.757,0.194,0.048,0.0,0.0,0.0,0.438,2.487,0.039,0.0731,0.0528,0.131,0.386,8.0,7.153,0.0,0.0,0.0,0.042,0.0973
US1934,50,0.5,0.0,1.0,0.0,VPW3 60/40,dynamic,100.0,1.0,0.0,0.0,0.52,0.48,0.32,0.38,1.782,0.03,0.0533,0.0058,0.118,0.402,8.0,3.071,0.0,2.24,1.94,0.0286,0.061
US1934,50,0.5,0.0,1.0,0.0,VPW3 80/20,dynamic,100.0,1.0,0.0,0.0,0.52,0.47,0.35,0.388,2.138,0.0312,0.0639,0.0055,0.144,0.434,9.0,5.587,0.0,1.75,1.65,0.0312,0.0805
US1934,50,0.5,0.0,1.0,0.0,GK 60/40,dynamic,100.0,1.0,0.0,0.0,0.46,0.46,0.36,0.368,1.447,0.0271,0.0447,0.0055,0.041,0.109,0.0,6.109,0.0,1.65,1.65,0.0254,0.0491
US1934,50,0.5,0.0,1.0,0.0,GK 80/20,dynamic,100.0,1.0,0.0,0.0,0.57,0.53,0.42,0.371,1.587,0.028,0.0491,0.0051,0.043,0.1,0.0,12.586,0.0,1.36,1.36,0.0266,0.0527
US1934,50,0.5,0.0,1.0,0.0,FIX 60/40,fixed,100.0,1.0,0.0,0.0,10.61,10.19,9.03,0.36,1.36,0.0302,0.04,0.0016,0.0,0.0,0.0,6.71,0.0,19.34,18.85,0.0231,0.04
US1934,50,0.5,0.0,1.0,0.0,S1 VPW3 100/0,floor,100.0,1.0,0.0,0.0,0.79,0.74,0.64,0.393,2.511,0.031,0.0754,0.0042,0.172,0.483,11.0,9.427,0.0,1.65,1.55,0.0332,0.1062
US1934,50,0.5,0.0,1.0,0.0,S2 ladder10r + VPW3 100/0,floor,100.0,0.811,0.189,0.0,1.48,1.42,1.23,0.505,2.233,0.0329,0.0685,0.0033,0.164,0.541,13.0,7.619,0.0,2.92,2.82,0.0312,0.0902
US1934,50,0.5,0.0,1.0,0.0,S2 ladder15r + VPW3 100/0,floor,100.0,0.723,0.277,0.0,1.85,1.77,1.43,0.484,2.114,0.0331,0.0651,0.0032,0.155,0.529,11.0,6.797,0.0,4.08,3.89,0.0306,0.0831
US1934,50,0.5,0.0,1.0,0.0,S2 ladder20r + VPW3 100/0,floor,100.0,0.639,0.361,0.0,2.08,2.04,1.68,0.451,2.005,0.0332,0.0616,0.0032,0.145,0.497,10.0,6.012,0.0,4.76,4.66,0.0303,0.0764
US1934,50,0.5,0.0,1.0,0.0,S2 ladder15r + VPW3 80/20,floor,100.0,0.723,0.277,0.0,1.69,1.56,1.26,0.475,1.847,0.0326,0.0569,0.0035,0.133,0.507,11.0,4.028,0.0,4.37,4.18,0.0288,0.0644
US1934,50,0.5,0.0,1.0,0.0,S2 ladder15r(0%) + VPW3 100/0,floor,100.0,0.7,0.3,0.0,2.09,2.02,1.55,0.475,2.056,0.0324,0.0634,0.0031,0.154,0.531,11.0,6.583,0.0,4.57,4.47,0.0299,0.0806
US1934,50,0.5,0.0,1.0,0.0,S2 ladder15n + VPW3 100/0,floor,100.0,0.736,0.264,0.0,1.77,1.72,1.42,0.483,2.128,0.0328,0.0658,0.0032,0.155,0.531,12.0,6.813,0.0,3.89,3.69,0.0306,0.0833
US1934,50,0.5,0.0,1.0,0.0,S3 ann80n load10 + VPW3 100/0,floor,100.0,0.893,0.0,0.107,0.96,0.9,0.79,0.351,2.277,0.0282,0.0683,0.0061,0.17,0.462,10.0,8.402,0.0,1.94,1.75,0.0309,0.0965
US1934,50,0.5,0.0,1.0,0.0,S3 ann80n load20 + VPW3 100/0,floor,100.0,0.883,0.0,0.117,1.01,0.98,0.82,0.347,2.253,0.0279,0.0676,0.006,0.17,0.461,10.0,8.309,0.0,1.94,1.94,0.0306,0.0954
US1934,50,0.5,0.0,1.0,0.0,S3 ann80n load30 + VPW3 100/0,floor,100.0,0.874,0.0,0.126,1.06,1.03,0.85,0.344,2.228,0.0276,0.0668,0.0059,0.17,0.46,10.0,8.216,0.0,2.04,2.04,0.0303,0.0944
US1934,50,0.5,0.0,1.0,0.0,S3 ann85n load20 + VPW3 100/0,floor,100.0,0.931,0.0,0.069,0.9,0.86,0.78,0.366,2.354,0.0291,0.0707,0.0051,0.171,0.468,10.0,8.767,0.0,1.85,1.65,0.0317,0.0998
US1934,50,0.5,0.0,1.0,0.0,S3 ann80r load20 + VPW3 100/0 (假設性),floor,100.0,0.847,0.0,0.153,0.54,0.52,0.39,0.333,2.261,0.0281,0.0669,0.0056,0.17,0.447,10.0,7.961,0.0,0.58,0.58,0.0347,0.0972
US1934,50,0.5,0.0,1.0,0.0,S4 ladder15r + ann85n + VPW3 100/0,floor,100.0,0.654,0.277,0.069,2.34,2.23,1.88,0.457,1.956,0.0312,0.0603,0.0039,0.153,0.532,11.0,6.124,0.0,4.57,4.57,0.0289,0.0769
US1934,50,0.5,0.01,1.0,0.01,VPW3 60/40,dynamic,100.0,1.0,0.0,0.0,0.03,0.03,0.01,0.38,1.99,0.034,0.0581,0.045,0.116,0.362,6.0,3.072,0.0,0.19,0.19,0.0349,0.0677
US1934,50,0.5,0.01,1.0,0.01,VPW3 80/20,dynamic,100.0,1.0,0.0,0.0,0.03,0.03,0.03,0.388,2.337,0.0347,0.0689,0.0466,0.14,0.401,8.0,5.588,0.0,0.19,0.19,0.0377,0.0871
US1934,50,0.5,0.01,1.0,0.01,GK 60/40,dynamic,100.0,1.0,0.0,0.0,0.01,0.01,0.01,0.368,1.554,0.0314,0.0464,0.0404,0.039,0.1,0.0,6.933,0.0,0.1,0.1,0.0311,0.0492
US1934,50,0.5,0.01,1.0,0.01,GK 80/20,dynamic,100.0,1.0,0.0,0.0,0.03,0.03,0.03,0.371,1.633,0.0322,0.0487,0.0414,0.041,0.1,0.0,14.023,0.0,0.19,0.19,0.0334,0.0508
US1934,50,0.5,0.01,1.0,0.01,FIX 60/40,fixed,100.0,1.0,0.0,0.0,5.73,5.47,4.72,0.36,1.4,0.0386,0.04,0.0313,0.004,0.011,0.0,7.797,0.0,11.27,10.98,0.0311,0.04
US1934,50,0.5,0.01,1.0,0.01,S1 VPW3 100/0,floor,100.0,1.0,0.0,0.0,0.12,0.11,0.07,0.393,2.715,0.0348,0.0806,0.0464,0.166,0.456,9.0,9.433,0.0,0.29,0.29,0.0397,0.113
US1934,50,0.5,0.01,1.0,0.01,S2 ladder10r + VPW3 100/0,floor,100.0,0.811,0.189,0.0,0.26,0.25,0.17,0.505,2.437,0.0377,0.0732,0.0469,0.159,0.51,11.0,7.635,0.0,0.68,0.68,0.0378,0.0969
US1934,50,0.5,0.01,1.0,0.01,S2 ladder15r + VPW3 100/0,floor,100.0,0.723,0.277,0.0,0.24,0.23,0.12,0.484,2.318,0.0382,0.0697,0.0492,0.134,0.44,9.0,6.822,0.0,0.78,0.68,0.0371,0.0897
US1934,50,0.5,0.01,1.0,0.01,S2 ladder20r + VPW3 100/0,floor,100.0,0.639,0.361,0.0,0.28,0.27,0.19,0.451,2.207,0.038,0.0663,0.0481,0.135,0.439,9.0,6.035,0.0,0.97,0.87,0.0365,0.083
US1934,50,0.5,0.01,1.0,0.01,S2 ladder15r + VPW3 80/20,floor,100.0,0.723,0.277,0.0,0.09,0.09,0.05,0.475,2.047,0.0378,0.0613,0.0483,0.111,0.403,8.0,4.039,0.0,0.29,0.29,0.0356,0.0711
US1934,50,0.5,0.01,1.0,0.01,S2 ladder15r(0%) + VPW3 100/0,floor,100.0,0.7,0.3,0.0,0.25,0.25,0.17,0.475,2.26,0.0375,0.068,0.0482,0.134,0.44,9.0,6.607,0.0,0.78,0.78,0.0363,0.0873
US1934,50,0.5,0.01,1.0,0.01,S2 ladder15n + VPW3 100/0,floor,100.0,0.736,0.264,0.0,0.22,0.22,0.12,0.483,2.336,0.0377,0.0703,0.049,0.136,0.446,10.0,6.835,0.0,0.49,0.49,0.037,0.09
US1934,50,0.5,0.01,1.0,0.01,S3 ann80n load10 + VPW3 100/0,floor,100.0,0.893,0.0,0.107,0.15,0.14,0.12,0.352,2.482,0.0316,0.0734,0.0427,0.164,0.435,9.0,8.411,0.0,0.29,0.29,0.038,0.1032
US1934,50,0.5,0.01,1.0,0.01,S3 ann80n load20 + VPW3 100/0,floor,100.0,0.883,0.0,0.117,0.15,0.15,0.12,0.348,2.458,0.0313,0.0726,0.0423,0.164,0.434,9.0,8.318,0.0,0.29,0.29,0.0377,0.1021
US1934,50,0.5,0.01,1.0,0.01,S3 ann80n load30 + VPW3 100/0,floor,100.0,0.874,0.0,0.126,0.15,0.15,0.12,0.344,2.433,0.031,0.0719,0.0419,0.164,0.433,9.0,8.226,0.0,0.29,0.29,0.0374,0.1011
US1934,50,0.5,0.01,1.0,0.01,S3 ann85n load20 + VPW3 100/0,floor,100.0,0.931,0.0,0.069,0.13,0.13,0.1,0.367,2.555,0.0328,0.0758,0.044,0.165,0.447,9.0,8.775,0.0,0.29,0.29,0.0385,0.1067
US1934,50,0.5,0.01,1.0,0.01,S3 ann80r load20 + VPW3 100/0 (假設性),floor,100.0,0.847,0.0,0.153,0.09,0.09,0.07,0.334,2.463,0.031,0.0722,0.0415,0.165,0.422,9.0,7.972,0.0,0.1,0.1,0.0417,0.1039
US1934,50,0.5,0.01,1.0,0.01,S4 ladder15r + ann85n + VPW3 100/0,floor,100.0,0.654,0.277,0.069,0.21,0.21,0.18,0.457,2.164,0.0363,0.0649,0.047,0.132,0.435,9.0,6.169,0.0,0.49,0.49,0.0359,0.0836
US1934,50,0.5,0.01,0.7,0.007,VPW3 60/40,dynamic,100.0,1.0,0.0,0.0,0.07,0.07,0.04,0.38,1.928,0.0329,0.0566,0.0435,0.115,0.369,7.0,3.072,0.0,0.39,0.39,0.033,0.0657
US1934,50,0.5,0.01,0.7,0.007,VPW3 80/20,dynamic,100.0,1.0,0.0,0.0,0.1,0.09,0.06,0.388,2.28,0.0339,0.0673,0.0451,0.14,0.409,8.0,5.588,0.0,0.39,0.39,0.0357,0.0851
US1934,50,0.5,0.01,0.7,0.007,GK 60/40,dynamic,100.0,1.0,0.0,0.0,0.07,0.06,0.05,0.368,1.531,0.0301,0.0462,0.0391,0.039,0.1,0.0,6.646,0.0,0.19,0.19,0.0291,0.0496
US1934,50,0.5,0.01,0.7,0.007,GK 80/20,dynamic,100.0,1.0,0.0,0.0,0.09,0.08,0.08,0.371,1.622,0.031,0.049,0.0401,0.041,0.1,0.0,13.509,0.0,0.29,0.29,0.0314,0.0515
US1934,50,0.5,0.01,0.7,0.007,FIX 60/40,fixed,100.0,1.0,0.0,0.0,6.93,6.62,5.94,0.36,1.399,0.0358,0.04,0.0236,0.003,0.008,0.0,7.46,0.0,13.22,12.83,0.0283,0.04
US1934,50,0.5,0.01,0.7,0.007,S1 VPW3 100/0,floor,100.0,1.0,0.0,0.0,0.27,0.24,0.19,0.393,2.653,0.0337,0.079,0.0439,0.167,0.463,10.0,9.433,0.0,0.68,0.58,0.0377,0.1109
US1934,50,0.5,0.01,0.7,0.007,S2 ladder10r + VPW3 100/0,floor,100.0,0.811,0.189,0.0,0.41,0.4,0.34,0.505,2.377,0.0362,0.0718,0.0422,0.159,0.518,11.0,7.635,0.0,1.17,1.07,0.0358,0.0949
US1934,50,0.5,0.01,0.7,0.007,S2 ladder15r + VPW3 100/0,floor,100.0,0.723,0.277,0.0,0.52,0.48,0.37,0.484,2.258,0.0367,0.0684,0.0436,0.14,0.464,10.0,6.82,0.0,1.26,1.26,0.0353,0.0877
US1934,50,0.5,0.01,0.7,0.007,S2 ladder20r + VPW3 100/0,floor,100.0,0.639,0.361,0.0,0.66,0.6,0.48,0.451,2.148,0.0368,0.0649,0.0429,0.137,0.456,9.0,6.031,0.0,1.75,1.36,0.0349,0.081
US1934,50,0.5,0.01,0.7,0.007,S2 ladder15r + VPW3 80/20,floor,100.0,0.723,0.277,0.0,0.31,0.3,0.19,0.475,1.985,0.0361,0.06,0.0442,0.117,0.433,9.0,4.039,0.0,0.97,0.97,0.0338,0.0691
US1934,50,0.5,0.01,0.7,0.007,S2 ladder15r(0%) + VPW3 100/0,floor,100.0,0.7,0.3,0.0,0.55,0.52,0.43,0.475,2.201,0.0359,0.0666,0.0426,0.139,0.464,10.0,6.606,0.0,1.26,1.26,0.0346,0.0853
US1934,50,0.5,0.01,0.7,0.007,S2 ladder15n + VPW3 100/0,floor,100.0,0.736,0.264,0.0,0.46,0.43,0.37,0.483,2.273,0.0362,0.069,0.0434,0.141,0.47,10.0,6.835,0.0,1.26,1.26,0.035,0.088
US1934,50,0.5,0.01,0.7,0.007,S3 ann80n load10 + VPW3 100/0,floor,100.0,0.893,0.0,0.107,0.27,0.26,0.24,0.352,2.419,0.0308,0.0719,0.0411,0.165,0.441,9.0,8.411,0.0,0.68,0.68,0.036,0.1012
US1934,50,0.5,0.01,0.7,0.007,S3 ann80n load20 + VPW3 100/0,floor,100.0,0.883,0.0,0.117,0.28,0.26,0.24,0.348,2.394,0.0304,0.0712,0.0407,0.165,0.44,9.0,8.318,0.0,0.68,0.68,0.0357,0.1001
US1934,50,0.5,0.01,0.7,0.007,S3 ann80n load30 + VPW3 100/0,floor,100.0,0.874,0.0,0.126,0.3,0.29,0.24,0.344,2.37,0.0301,0.0705,0.0403,0.165,0.439,9.0,8.226,0.0,0.68,0.68,0.0353,0.0991
US1934,50,0.5,0.01,0.7,0.007,S3 ann85n load20 + VPW3 100/0,floor,100.0,0.931,0.0,0.069,0.28,0.25,0.22,0.367,2.496,0.0317,0.0743,0.042,0.166,0.447,10.0,8.775,0.0,0.58,0.49,0.0365,0.1046
US1934,50,0.5,0.01,0.7,0.007,S3 ann80r load20 + VPW3 100/0 (假設性),floor,100.0,0.847,0.0,0.153,0.19,0.19,0.16,0.333,2.406,0.0302,0.0706,0.0402,0.166,0.428,9.0,7.972,0.0,0.19,0.19,0.0396,0.1019
US1934,50,0.5,0.01,0.7,0.007,S4 ladder15r + ann85n + VPW3 100/0,floor,100.0,0.654,0.277,0.069,0.57,0.53,0.45,0.457,2.101,0.0348,0.0635,0.0426,0.138,0.462,10.0,6.167,0.0,1.26,1.07,0.0339,0.0815
US1934,50,0.5,0.025,1.0,0.025,VPW3 60/40,dynamic,100.0,1.0,0.0,0.0,0.0,0.0,0.0,0.38,2.311,0.0384,0.0657,0.0486,0.13,0.334,5.0,3.072,0.0,0.0,0.0,0.0449,0.0778
US1934,50,0.5,0.025,1.0,0.025,VPW3 80/20,dynamic,100.0,1.0,0.0,0.0,0.0,0.0,0.0,0.388,2.656,0.0389,0.0766,0.0499,0.148,0.375,7.0,5.588,0.0,0.0,0.0,0.0479,0.097
US1934,50,0.5,0.025,1.0,0.025,GK 60/40,dynamic,100.0,1.0,0.0,0.0,0.0,0.0,0.0,0.368,1.57,0.0359,0.0444,0.0417,0.045,0.19,0.0,8.829,0.0,0.0,0.0,0.0398,0.0454
US1934,50,0.5,0.025,1.0,0.025,GK 80/20,dynamic,100.0,1.0,0.0,0.0,0.0,0.0,0.0,0.371,1.594,0.0357,0.0456,0.0422,0.048,0.214,2.0,17.268,0.0,0.0,0.0,0.0399,0.0464
US1934,50,0.5,0.025,1.0,0.025,FIX 60/40,fixed,100.0,1.0,0.0,0.0,0.66,0.01,0.0,0.36,1.438,0.0399,0.04,0.0394,0.01,0.027,0.0,9.429,0.0,1.17,0.0,0.0399,0.04
US1934,50,0.5,0.025,1.0,0.025,S1 VPW3 100/0,floor,100.0,1.0,0.0,0.0,0.0,0.0,0.0,0.393,3.03,0.0389,0.0882,0.0498,0.171,0.434,8.0,9.433,0.0,0.0,0.0,0.0497,0.123
US1934,50,0.5,0.025,1.0,0.025,S2 ladder10r + VPW3 100/0,floor,100.0,0.811,0.189,0.0,0.0,0.0,0.0,0.505,2.751,0.0438,0.0805,0.0535,0.167,0.487,9.0,7.635,0.0,0.0,0.0,0.0477,0.1072
US1934,50,0.5,0.025,1.0,0.025,S2 ladder15r + VPW3 100/0,floor,100.0,0.723,0.277,0.0,0.0,0.0,0.0,0.484,2.628,0.0442,0.0769,0.0593,0.119,0.353,7.0,6.825,0.0,0.0,0.0,0.047,0.0999
US1934,50,0.5,0.025,1.0,0.025,S2 ladder20r + VPW3 100/0,floor,100.0,0.639,0.361,0.0,0.0,0.0,0.0,0.451,2.519,0.0436,0.0734,0.0568,0.14,0.382,8.0,6.035,0.0,0.0,0.0,0.0464,0.093
US1934,50,0.5,0.025,1.0,0.025,S2 ladder15r + VPW3 80/20,floor,100.0,0.723,0.277,0.0,0.0,0.0,0.0,0.475,2.368,0.0444,0.0684,0.0579,0.095,0.3,5.0,4.039,0.0,0.0,0.0,0.0456,0.0812
US1934,50,0.5,0.025,1.0,0.025,S2 ladder15r(0%) + VPW3 100/0,floor,100.0,0.7,0.3,0.0,0.0,0.0,0.0,0.475,2.572,0.0435,0.0752,0.0583,0.117,0.35,6.0,6.61,0.0,0.0,0.0,0.0462,0.0974
US1934,50,0.5,0.025,1.0,0.025,S2 ladder15n + VPW3 100/0,floor,100.0,0.736,0.264,0.0,0.0,0.0,0.0,0.483,2.64,0.0438,0.0776,0.0586,0.122,0.369,7.0,6.836,0.0,0.0,0.0,0.0471,0.1002
US1934,50,0.5,0.025,1.0,0.025,S3 ann80n load10 + VPW3 100/0,floor,100.0,0.893,0.0,0.107,0.0,0.0,0.0,0.352,2.79,0.0349,0.0811,0.0454,0.172,0.424,8.0,8.411,0.0,0.0,0.0,0.048,0.1135
US1934,50,0.5,0.025,1.0,0.025,S3 ann80n load20 + VPW3 100/0,floor,100.0,0.883,0.0,0.117,0.0,0.0,0.0,0.348,2.764,0.0346,0.0804,0.045,0.172,0.417,8.0,8.318,0.0,0.0,0.0,0.0477,0.1125
US1934,50,0.5,0.025,1.0,0.025,S3 ann80n load30 + VPW3 100/0,floor,100.0,0.874,0.0,0.126,0.0,0.0,0.0,0.344,2.738,0.0342,0.0796,0.0446,0.172,0.413,8.0,8.226,0.0,0.0,0.0,0.0473,0.1115
US1934,50,0.5,0.025,1.0,0.025,S3 ann85n load20 + VPW3 100/0,floor,100.0,0.931,0.0,0.069,0.0,0.0,0.0,0.367,2.869,0.0362,0.0835,0.0469,0.172,0.43,8.0,8.775,0.0,0.0,0.0,0.0484,0.1169
US1934,50,0.5,0.025,1.0,0.025,S3 ann80r load20 + VPW3 100/0 (假設性),floor,100.0,0.847,0.0,0.153,0.01,0.01,0.0,0.334,2.775,0.0338,0.0799,0.0437,0.172,0.402,8.0,7.972,0.0,0.0,0.0,0.0519,0.114
US1934,50,0.5,0.025,1.0,0.025,S4 ladder15r + ann85n + VPW3 100/0,floor,100.0,0.654,0.277,0.069,0.0,0.0,0.0,0.457,2.472,0.0423,0.0721,0.0564,0.115,0.341,6.0,6.172,0.0,0.0,0.0,0.0459,0.0937
US1934,50,0.5,0.025,0.7,0.0175,VPW3 60/40,dynamic,100.0,1.0,0.0,0.0,0.0,0.0,0.0,0.38,2.147,0.0364,0.0618,0.0473,0.122,0.346,6.0,3.072,0.0,0.0,0.0,0.0399,0.0727
US1934,50,0.5,0.025,0.7,0.0175,VPW3 80/20,dynamic,100.0,1.0,0.0,0.0,0.0,0.0,0.0,0.388,2.498,0.0371,0.0727,0.0487,0.143,0.385,7.0,5.588,0.0,0.0,0.0,0.0428,0.092
US1934,50,0.5,0.025,0.7,0.0175,GK 60/40,dynamic,100.0,1.0,0.0,0.0,0.0,0.0,0.0,0.368,1.587,0.0343,0.0459,0.0418,0.041,0.151,0.0,7.78,0.0,0.0,0.0,0.0361,0.0476
US1934,50,0.5,0.025,0.7,0.0175,GK 80/20,dynamic,100.0,1.0,0.0,0.0,0.0,0.0,0.0,0.371,1.628,0.0345,0.0474,0.0425,0.043,0.152,0.0,15.401,0.0,0.0,0.0,0.0378,0.0488
US1934,50,0.5,0.025,0.7,0.0175,FIX 60/40,fixed,100.0,1.0,0.0,0.0,2.9,2.79,2.41,0.36,1.402,0.0399,0.04,0.0384,0.007,0.019,0.0,8.584,0.0,6.22,6.22,0.0381,0.04
US1934,50,0.5,0.025,0.7,0.0175,S1 VPW3 100/0,floor,100.0,1.0,0.0,0.0,0.0,0.0,0.0,0.393,2.867,0.0367,0.0845,0.0486,0.167,0.442,9.0,9.433,0.0,0.0,0.0,0.0447,0.118
US1934,50,0.5,0.025,0.7,0.0175,S2 ladder10r + VPW3 100/0,floor,100.0,0.811,0.189,0.0,0.0,0.0,0.0,0.505,2.596,0.0407,0.0767,0.0513,0.161,0.497,10.0,7.635,0.0,0.0,0.0,0.0427,0.102
US1934,50,0.5,0.025,0.7,0.0175,S2 ladder15r + VPW3 100/0,floor,100.0,0.723,0.277,0.0,0.0,0.0,0.0,0.484,2.479,0.0414,0.0732,0.0554,0.124,0.387,8.0,6.825,0.0,0.0,0.0,0.042,0.0947
US1934,50,0.5,0.025,0.7,0.0175,S2 ladder20r + VPW3 100/0,floor,100.0,0.639,0.361,0.0,0.0,0.0,0.0,0.451,2.366,0.041,0.0698,0.0536,0.136,0.407,8.0,6.035,0.0,0.0,0.0,0.0414,0.088
US1934,50,0.5,0.025,0.7,0.0175,S2 ladder15r + VPW3 80/20,floor,100.0,0.723,0.277,0.0,0.0,0.0,0.0,0.475,2.207,0.0413,0.0648,0.0541,0.1,0.339,6.0,4.039,0.0,0.0,0.0,0.0406,0.0762
US1934,50,0.5,0.025,0.7,0.0175,S2 ladder15r(0%) + VPW3 100/0,floor,100.0,0.7,0.3,0.0,0.0,0.0,0.0,0.475,2.422,0.0407,0.0714,0.0545,0.123,0.385,8.0,6.61,0.0,0.0,0.0,0.0413,0.0923
US1934,50,0.5,0.025,0.7,0.0175,S2 ladder15n + VPW3 100/0,floor,100.0,0.736,0.264,0.0,0.0,0.0,0.0,0.483,2.494,0.041,0.0738,0.0549,0.126,0.398,8.0,6.836,0.0,0.0,0.0,0.0421,0.0951
US1934,50,0.5,0.025,0.7,0.0175,S3 ann80n load10 + VPW3 100/0,floor,100.0,0.893,0.0,0.107,0.0,0.0,0.0,0.352,2.64,0.0337,0.0772,0.0445,0.167,0.424,8.0,8.411,0.0,0.0,0.0,0.043,0.1083
US1934,50,0.5,0.025,0.7,0.0175,S3 ann80n load20 + VPW3 100/0,floor,100.0,0.883,0.0,0.117,0.0,0.0,0.0,0.348,2.615,0.0334,0.0765,0.0441,0.166,0.422,8.0,8.318,0.0,0.0,0.0,0.0427,0.1073
US1934,50,0.5,0.025,0.7,0.0175,S3 ann80n load30 + VPW3 100/0,floor,100.0,0.874,0.0,0.126,0.01,0.0,0.0,0.344,2.591,0.0331,0.0758,0.0437,0.166,0.421,8.0,8.226,0.0,0.0,0.0,0.0424,0.1063
US1934,50,0.5,0.025,0.7,0.0175,S3 ann85n load20 + VPW3 100/0,floor,100.0,0.931,0.0,0.069,0.0,0.0,0.0,0.367,2.714,0.0346,0.0795,0.0459,0.167,0.438,9.0,8.775,0.0,0.0,0.0,0.0435,0.1117
US1934,50,0.5,0.025,0.7,0.0175,S3 ann80r load20 + VPW3 100/0 (假設性),floor,100.0,0.847,0.0,0.153,0.01,0.01,0.01,0.334,2.616,0.0329,0.0761,0.0429,0.167,0.41,8.0,7.972,0.0,0.0,0.0,0.0468,0.109
US1934,50,0.5,0.025,0.7,0.0175,S4 ladder15r + ann85n + VPW3 100/0,floor,100.0,0.654,0.277,0.069,0.0,0.0,0.0,0.457,2.319,0.0394,0.0684,0.0528,0.12,0.377,8.0,6.172,0.0,0.0,0.0,0.0409,0.0886
US1934,50,0.7,0.0,1.0,0.0,VPW3 60/40,dynamic,100.0,1.0,0.0,0.0,2.61,2.47,1.96,0.38,1.78,0.0309,0.0532,0.003,0.115,0.366,8.0,3.046,0.0,7.29,7.0,0.0288,0.061
US1934,50,0.7,0.0,1.0,0.0,VPW3 80/20,dynamic,100.0,1.0,0.0,0.0,2.27,2.13,1.73,0.395,2.137,0.0317,0.0638,0.0029,0.141,0.402,9.0,5.495,0.0,5.34,5.05,0.0307,0.0803
US1934,50,0.7,0.0,1.0,0.0,GK 60/40,dynamic,100.0,1.0,0.0,0.0,2.5,2.4,1.98,0.37,1.454,0.03,0.0447,0.0029,0.038,0.109,0.0,6.045,0.0,6.41,6.12,0.0282,0.0491
US1934,50,0.7,0.0,1.0,0.0,GK 80/20,dynamic,100.0,1.0,0.0,0.0,2.22,2.14,1.83,0.376,1.58,0.0301,0.0491,0.0029,0.041,0.1,0.0,12.488,0.0,4.37,4.37,0.0294,0.0527
US1934,50,0.7,0.0,1.0,0.0,FIX 60/40,fixed,100.0,1.0,0.0,0.0,10.71,10.31,9.2,0.36,1.36,0.0302,0.04,0.0016,0.0,0.0,0.0,6.71,0.0,19.53,19.05,0.0231,0.04
US1934,50,0.7,0.0,1.0,0.0,S1 VPW3 100/0,floor,100.0,1.0,0.0,0.0,2.64,2.57,2.22,0.402,2.495,0.0315,0.0753,0.0026,0.168,0.451,11.0,9.267,0.0,5.05,5.05,0.0325,0.1061
US1934,50,0.7,0.0,1.0,0.0,S2 ladder10r + VPW3 100/0,floor,100.0,0.735,0.265,0.0,6.16,6.0,5.16,0.557,2.107,0.0337,0.066,0.0019,0.162,0.541,14.0,6.714,0.0,11.37,11.27,0.0247,0.0836
US1934,50,0.7,0.0,1.0,0.0,S2 ladder15r + VPW3 100/0,floor,100.0,0.612,0.388,0.0,7.47,7.32,6.46,0.52,1.942,0.0331,0.0614,0.0019,0.15,0.525,12.0,5.589,0.0,14.67,14.48,0.0247,0.0736
US1934,50,0.7,0.0,1.0,0.0,S2 ladder20r + VPW3 100/0,floor,100.0,0.495,0.505,0.0,8.96,8.67,7.29,0.472,1.802,0.033,0.0564,0.0019,0.137,0.506,10.0,4.52,0.0,18.27,17.78,0.0255,0.0641
US1934,50,0.7,0.0,1.0,0.0,S2 ladder15r + VPW3 80/20,floor,100.0,0.612,0.388,0.0,8.28,7.94,6.82,0.512,1.724,0.0325,0.0548,0.0019,0.131,0.515,13.0,3.24,0.0,16.91,16.33,0.0251,0.0579
US1934,50,0.7,0.0,1.0,0.0,S2 ladder15r(0%) + VPW3 100/0,floor,100.0,0.58,0.42,0.0,8.47,8.29,7.23,0.507,1.861,0.0314,0.059,0.0018,0.15,0.524,12.0,5.255,0.0,16.42,16.03,0.0237,0.0702
US1934,50,0.7,0.0,1.0,0.0,S2 ladder15n + VPW3 100/0,floor,100.0,0.631,0.369,0.0,7.3,7.04,6.17,0.523,1.966,0.0331,0.0623,0.0019,0.152,0.53,13.0,5.555,0.0,13.7,13.41,0.0248,0.0732
US1934,50,0.7,0.0,1.0,0.0,S3 ann80n load10 + VPW3 100/0,floor,100.0,0.85,0.0,0.15,4.02,3.91,3.52,0.352,2.16,0.0287,0.0649,0.0031,0.163,0.433,9.0,7.735,0.0,6.61,6.51,0.0262,0.0922
US1934,50,0.7,0.0,1.0,0.0,S3 ann80n load20 + VPW3 100/0,floor,100.0,0.837,0.0,0.163,4.25,4.15,3.76,0.349,2.122,0.0285,0.0637,0.003,0.162,0.432,9.0,7.584,0.0,7.19,7.09,0.025,0.0905
US1934,50,0.7,0.0,1.0,0.0,S3 ann80n load30 + VPW3 100/0,floor,100.0,0.823,0.0,0.177,4.53,4.42,3.98,0.345,2.086,0.0284,0.0626,0.003,0.162,0.431,9.0,7.441,0.0,7.68,7.68,0.0238,0.089
US1934,50,0.7,0.0,1.0,0.0,S3 ann85n load20 + VPW3 100/0,floor,100.0,0.903,0.0,0.097,3.54,3.46,3.01,0.371,2.271,0.0295,0.0683,0.0028,0.165,0.438,11.0,8.291,0.0,5.73,5.73,0.0291,0.0972
US1934,50,0.7,0.0,1.0,0.0,S3 ann80r load20 + VPW3 100/0 (假設性),floor,100.0,0.786,0.0,0.214,3.71,3.67,2.71,0.339,2.108,0.0284,0.0627,0.0028,0.164,0.409,8.0,7.026,0.0,4.37,4.37,0.0297,0.0926
US1934,50,0.7,0.0,1.0,0.0,S4 ladder15r + ann85n + VPW3 100/0,floor,100.0,0.515,0.388,0.097,10.32,10.12,9.11,0.481,1.71,0.029,0.0547,0.002,0.147,0.519,12.0,4.536,0.0,17.78,17.49,0.0232,0.0644
US1934,50,0.7,0.01,1.0,0.01,VPW3 60/40,dynamic,100.0,1.0,0.0,0.0,0.48,0.43,0.33,0.38,1.987,0.034,0.0581,0.045,0.113,0.333,7.0,3.062,0.0,1.75,1.46,0.0348,0.0677
US1934,50,0.7,0.01,1.0,0.01,VPW3 80/20,dynamic,100.0,1.0,0.0,0.0,0.59,0.58,0.45,0.395,2.334,0.0347,0.0688,0.0462,0.136,0.371,8.0,5.564,0.0,1.36,1.26,0.0372,0.0871
US1934,50,0.7,0.01,1.0,0.01,GK 60/40,dynamic,100.0,1.0,0.0,0.0,0.45,0.45,0.33,0.37,1.551,0.0316,0.0464,0.0405,0.038,0.1,0.0,6.924,0.0,1.26,1.26,0.031,0.0492
US1934,50,0.7,0.01,1.0,0.01,GK 80/20,dynamic,100.0,1.0,0.0,0.0,0.6,0.56,0.48,0.376,1.628,0.0321,0.0487,0.0411,0.04,0.1,0.0,13.999,0.0,1.17,1.17,0.0329,0.0508
US1934,50,0.7,0.01,1.0,0.01,FIX 60/40,fixed,100.0,1.0,0.0,0.0,5.77,5.57,4.82,0.36,1.4,0.0386,0.04,0.0313,0.004,0.011,0.0,7.797,0.0,11.27,11.18,0.0311,0.04
US1934,50,0.7,0.01,1.0,0.01,S1 VPW3 100/0,floor,100.0,1.0,0.0,0.0,0.95,0.93,0.79,0.402,2.702,0.0346,0.0804,0.0256,0.162,0.425,9.0,9.356,0.0,1.85,1.85,0.0391,0.1127
US1934,50,0.7,0.01,1.0,0.01,S2 ladder10r + VPW3 100/0,floor,100.0,0.735,0.265,0.0,2.12,2.04,1.81,0.557,2.316,0.038,0.0703,0.0412,0.155,0.522,12.0,6.803,0.0,3.89,3.79,0.0363,0.0905
US1934,50,0.7,0.01,1.0,0.01,S2 ladder15r + VPW3 100/0,floor,100.0,0.612,0.388,0.0,2.36,2.26,1.92,0.52,2.159,0.0384,0.0656,0.0424,0.129,0.464,10.0,5.741,0.0,4.76,4.66,0.0362,0.0805
US1934,50,0.7,0.01,1.0,0.01,S2 ladder20r + VPW3 100/0,floor,100.0,0.495,0.505,0.0,3.25,3.15,2.58,0.472,2.006,0.0387,0.0608,0.0403,0.128,0.475,9.0,4.636,0.0,7.68,7.68,0.0351,0.0711
US1934,50,0.7,0.01,1.0,0.01,S2 ladder15r + VPW3 80/20,floor,100.0,0.612,0.388,0.0,2.25,2.13,1.71,0.512,1.931,0.038,0.0587,0.0424,0.109,0.45,10.0,3.389,0.0,5.54,5.44,0.0346,0.0647
US1934,50,0.7,0.01,1.0,0.01,S2 ladder15r(0%) + VPW3 100/0,floor,100.0,0.58,0.42,0.0,2.78,2.68,2.22,0.507,2.079,0.0374,0.0632,0.0407,0.128,0.462,10.0,5.428,0.0,5.54,5.25,0.0353,0.0772
US1934,50,0.7,0.01,1.0,0.01,S2 ladder15n + VPW3 100/0,floor,100.0,0.631,0.369,0.0,2.3,2.2,1.85,0.523,2.177,0.0379,0.0666,0.0423,0.131,0.474,11.0,5.737,0.0,4.86,4.66,0.0357,0.0804
US1934,50,0.7,0.01,1.0,0.01,S3 ann80n load10 + VPW3 100/0,floor,100.0,0.85,0.0,0.15,1.56,1.53,1.4,0.352,2.362,0.0305,0.07,0.0218,0.156,0.403,8.0,7.805,0.0,2.53,2.43,0.0358,0.0989
US1934,50,0.7,0.01,1.0,0.01,S3 ann80n load20 + VPW3 100/0,floor,100.0,0.837,0.0,0.163,1.68,1.63,1.52,0.349,2.325,0.0302,0.0689,0.0207,0.156,0.402,8.0,7.664,0.0,2.82,2.72,0.0354,0.0971
US1934,50,0.7,0.01,1.0,0.01,S3 ann80n load30 + VPW3 100/0,floor,100.0,0.823,0.0,0.177,1.82,1.78,1.64,0.345,2.289,0.0299,0.0678,0.0192,0.155,0.399,7.0,7.529,0.0,2.92,2.82,0.0346,0.0957
US1934,50,0.7,0.01,1.0,0.01,S3 ann85n load20 + VPW3 100/0,floor,100.0,0.903,0.0,0.097,1.41,1.37,1.25,0.371,2.474,0.0318,0.0734,0.0226,0.159,0.411,9.0,8.373,0.0,2.33,2.33,0.037,0.104
US1934,50,0.7,0.01,1.0,0.01,S3 ann80r load20 + VPW3 100/0 (假設性),floor,100.0,0.786,0.0,0.214,1.61,1.6,1.34,0.339,2.321,0.0299,0.0678,0.0168,0.158,0.377,7.0,7.146,0.0,1.65,1.65,0.0399,0.0992
US1934,50,0.7,0.01,1.0,0.01,S4 ladder15r + ann85n + VPW3 100/0,floor,100.0,0.515,0.388,0.097,3.31,3.21,2.84,0.481,1.935,0.0359,0.0588,0.0407,0.126,0.452,10.0,4.791,0.0,5.73,5.64,0.0337,0.0719
US1934,50,0.7,0.01,0.7,0.007,VPW3 60/40,dynamic,100.0,1.0,0.0,0.0,0.89,0.86,0.64,0.38,1.927,0.0331,0.0565,0.0402,0.112,0.341,7.0,3.062,0.0,2.82,2.82,0.0332,0.0657
US1934,50,0.7,0.01,0.7,0.007,VPW3 80/20,dynamic,100.0,1.0,0.0,0.0,0.9,0.86,0.72,0.395,2.272,0.0339,0.0672,0.0403,0.136,0.378,8.0,5.546,0.0,2.04,1.94,0.0354,0.085
US1934,50,0.7,0.01,0.7,0.007,GK 60/40,dynamic,100.0,1.0,0.0,0.0,0.81,0.79,0.71,0.37,1.529,0.0308,0.0462,0.0369,0.038,0.1,0.0,6.628,0.0,2.14,2.14,0.0301,0.0496
US1934,50,0.7,0.01,0.7,0.007,GK 80/20,dynamic,100.0,1.0,0.0,0.0,0.98,0.89,0.74,0.376,1.617,0.0312,0.049,0.0369,0.04,0.1,0.0,13.462,0.0,1.94,1.85,0.031,0.0515
US1934,50,0.7,0.01,0.7,0.007,FIX 60/40,fixed,100.0,1.0,0.0,0.0,6.94,6.72,5.99,0.36,1.399,0.0358,0.04,0.0236,0.003,0.008,0.0,7.46,0.0,13.22,12.83,0.0283,0.04
US1934,50,0.7,0.01,0.7,0.007,S1 VPW3 100/0,floor,100.0,1.0,0.0,0.0,1.4,1.36,1.14,0.402,2.642,0.0335,0.0787,0.0244,0.162,0.431,10.0,9.346,0.0,2.62,2.53,0.0373,0.1107
US1934,50,0.7,0.01,0.7,0.007,S2 ladder10r + VPW3 100/0,floor,100.0,0.735,0.265,0.0,3.2,3.09,2.61,0.557,2.255,0.0366,0.069,0.0305,0.155,0.527,13.0,6.774,0.0,6.03,5.83,0.0341,0.0884
US1934,50,0.7,0.01,0.7,0.007,S2 ladder15r + VPW3 100/0,floor,100.0,0.612,0.388,0.0,3.66,3.52,3.02,0.52,2.095,0.0372,0.0643,0.0307,0.135,0.483,11.0,5.692,0.0,7.68,7.48,0.0336,0.0785
US1934,50,0.7,0.01,0.7,0.007,S2 ladder20r + VPW3 100/0,floor,100.0,0.495,0.505,0.0,4.67,4.47,3.73,0.472,1.942,0.0373,0.0593,0.0294,0.13,0.484,9.0,4.597,0.0,10.3,10.2,0.0319,0.0691
US1934,50,0.7,0.01,0.7,0.007,S2 ladder15r + VPW3 80/20,floor,100.0,0.612,0.388,0.0,3.52,3.43,2.84,0.512,1.865,0.0368,0.0576,0.0313,0.116,0.469,11.0,3.356,0.0,8.45,8.26,0.0322,0.0627
US1934,50,0.7,0.01,0.7,0.007,S2 ladder15r(0%) + VPW3 100/0,floor,100.0,0.58,0.42,0.0,4.26,4.11,3.46,0.507,2.015,0.0362,0.0619,0.0292,0.134,0.48,11.0,5.382,0.0,8.55,8.45,0.0319,0.0752
US1934,50,0.7,0.01,0.7,0.007,S2 ladder15n + VPW3 100/0,floor,100.0,0.631,0.369,0.0,3.55,3.46,2.83,0.523,2.11,0.0366,0.0653,0.0309,0.136,0.49,11.5,5.7,0.0,7.09,7.0,0.0328,0.0784
US1934,50,0.7,0.01,0.7,0.007,S3 ann80n load10 + VPW3 100/0,floor,100.0,0.85,0.0,0.15,2.15,2.11,1.86,0.352,2.304,0.03,0.0684,0.0213,0.157,0.41,8.0,7.795,0.0,3.4,3.21,0.0336,0.0969
US1934,50,0.7,0.01,0.7,0.007,S3 ann80n load20 + VPW3 100/0,floor,100.0,0.837,0.0,0.163,2.24,2.2,2.0,0.349,2.268,0.0296,0.0673,0.0202,0.157,0.409,8.0,7.652,0.0,3.5,3.4,0.0326,0.0951
US1934,50,0.7,0.01,0.7,0.007,S3 ann80n load30 + VPW3 100/0,floor,100.0,0.823,0.0,0.177,2.41,2.39,2.13,0.345,2.232,0.0293,0.0662,0.0188,0.156,0.407,8.0,7.512,0.0,3.69,3.69,0.0317,0.0937
US1934,50,0.7,0.01,0.7,0.007,S3 ann85n load20 + VPW3 100/0,floor,100.0,0.903,0.0,0.097,1.84,1.79,1.64,0.371,2.414,0.0311,0.0719,0.0219,0.16,0.419,10.0,8.344,0.0,2.92,2.92,0.035,0.102
US1934,50,0.7,0.01,0.7,0.007,S3 ann80r load20 + VPW3 100/0 (假設性),floor,100.0,0.786,0.0,0.214,2.02,2.02,1.72,0.339,2.256,0.0294,0.0663,0.0166,0.159,0.386,7.0,7.119,0.0,2.14,2.14,0.0374,0.0972
US1934,50,0.7,0.01,0.7,0.007,S4 ladder15r + ann85n + VPW3 100/0,floor,100.0,0.515,0.388,0.097,5.14,5.04,4.41,0.481,1.866,0.0346,0.0575,0.0308,0.132,0.472,11.0,4.741,0.0,9.04,8.84,0.0292,0.0698
US1934,50,0.7,0.025,1.0,0.025,VPW3 60/40,dynamic,100.0,1.0,0.0,0.0,0.0,0.0,0.0,0.38,2.305,0.0383,0.0657,0.0496,0.128,0.309,5.0,3.063,0.0,0.0,0.0,0.0445,0.0778
US1934,50,0.7,0.025,1.0,0.025,VPW3 80/20,dynamic,100.0,1.0,0.0,0.0,0.0,0.0,0.0,0.395,2.653,0.0387,0.0765,0.0514,0.145,0.347,7.0,5.567,0.0,0.0,0.0,0.0474,0.097
US1934,50,0.7,0.025,1.0,0.025,GK 60/40,dynamic,100.0,1.0,0.0,0.0,0.0,0.0,0.0,0.37,1.567,0.0357,0.0444,0.0421,0.043,0.19,0.0,8.811,0.0,0.0,0.0,0.0395,0.0454
US1934,50,0.7,0.025,1.0,0.025,GK 80/20,dynamic,100.0,1.0,0.0,0.0,0.0,0.0,0.0,0.376,1.591,0.0356,0.0456,0.0427,0.047,0.214,2.0,17.242,0.0,0.0,0.0,0.0397,0.0464
US1934,50,0.7,0.025,1.0,0.025,FIX 60/40,fixed,100.0,1.0,0.0,0.0,1.0,0.92,0.81,0.36,1.438,0.0399,0.04,0.0394,0.01,0.027,0.0,9.429,0.0,1.94,1.75,0.0399,0.04
US1934,50,0.7,0.025,1.0,0.025,S1 VPW3 100/0,floor,100.0,1.0,0.0,0.0,0.03,0.03,0.03,0.402,3.01,0.0386,0.0881,0.0262,0.166,0.4,8.0,9.364,0.0,0.0,0.0,0.049,0.1225
US1934,50,0.7,0.025,1.0,0.025,S2 ladder10r + VPW3 100/0,floor,100.0,0.735,0.265,0.0,0.09,0.08,0.05,0.557,2.624,0.0448,0.0772,0.0559,0.163,0.506,10.0,6.852,0.0,0.29,0.29,0.0465,0.1004
US1934,50,0.7,0.025,1.0,0.025,S2 ladder15r + VPW3 100/0,floor,100.0,0.612,0.388,0.0,0.01,0.01,0.01,0.52,2.472,0.0456,0.0725,0.0601,0.106,0.346,6.0,5.777,0.0,0.1,0.1,0.0459,0.0905
US1934,50,0.7,0.025,1.0,0.025,S2 ladder20r + VPW3 100/0,floor,100.0,0.495,0.505,0.0,0.03,0.03,0.01,0.472,2.32,0.0452,0.0678,0.0567,0.133,0.416,8.0,4.672,0.0,0.19,0.19,0.0451,0.0811
US1934,50,0.7,0.025,1.0,0.025,S2 ladder15r + VPW3 80/20,floor,100.0,0.612,0.388,0.0,0.0,0.0,0.0,0.512,2.257,0.0456,0.0655,0.0582,0.084,0.299,5.0,3.419,0.0,0.0,0.0,0.0448,0.0748
US1934,50,0.7,0.025,1.0,0.025,S2 ladder15r(0%) + VPW3 100/0,floor,100.0,0.58,0.42,0.0,0.02,0.01,0.01,0.507,2.393,0.0446,0.0701,0.0586,0.104,0.342,6.0,5.477,0.0,0.1,0.1,0.0449,0.0872
US1934,50,0.7,0.025,1.0,0.025,S2 ladder15n + VPW3 100/0,floor,100.0,0.631,0.369,0.0,0.01,0.01,0.0,0.523,2.489,0.0448,0.0733,0.0594,0.11,0.366,7.0,5.779,0.0,0.1,0.1,0.0458,0.0904
US1934,50,0.7,0.025,1.0,0.025,S3 ann80n load10 + VPW3 100/0,floor,100.0,0.85,0.0,0.15,0.11,0.1,0.08,0.353,2.671,0.0336,0.0776,0.0222,0.163,0.368,6.0,7.836,0.0,0.19,0.1,0.0457,0.1088
US1934,50,0.7,0.025,1.0,0.025,S3 ann80n load20 + VPW3 100/0,floor,100.0,0.837,0.0,0.163,0.19,0.15,0.13,0.349,2.633,0.0332,0.0765,0.021,0.163,0.366,6.0,7.694,0.0,0.19,0.19,0.0453,0.1071
US1934,50,0.7,0.025,1.0,0.025,S3 ann80n load30 + VPW3 100/0,floor,100.0,0.823,0.0,0.177,0.19,0.19,0.17,0.346,2.598,0.0328,0.0754,0.0194,0.162,0.364,6.0,7.555,0.0,0.19,0.19,0.0448,0.1056
US1934,50,0.7,0.025,1.0,0.025,S3 ann85n load20 + VPW3 100/0,floor,100.0,0.903,0.0,0.097,0.07,0.07,0.06,0.371,2.781,0.0351,0.0811,0.0231,0.164,0.38,8.0,8.383,0.0,0.0,0.0,0.0471,0.1142
US1934,50,0.7,0.025,1.0,0.025,S3 ann80r load20 + VPW3 100/0 (假設性),floor,100.0,0.786,0.0,0.214,0.25,0.25,0.23,0.34,2.641,0.0322,0.0756,0.0169,0.163,0.346,5.0,7.172,0.0,0.19,0.19,0.0511,0.1091
US1934,50,0.7,0.025,1.0,0.025,S4 ladder15r + ann85n + VPW3 100/0,floor,100.0,0.515,0.388,0.097,0.0,0.0,0.0,0.481,2.255,0.043,0.0658,0.056,0.099,0.327,6.0,4.863,0.0,0.0,0.0,0.0443,0.082
US1934,50,0.7,0.025,0.7,0.0175,VPW3 60/40,dynamic,100.0,1.0,0.0,0.0,0.06,0.05,0.04,0.38,2.145,0.0364,0.0618,0.0481,0.119,0.319,6.0,3.063,0.0,0.29,0.29,0.0395,0.0727
US1934,50,0.7,0.025,0.7,0.0175,VPW3 80/20,dynamic,100.0,1.0,0.0,0.0,0.1,0.09,0.08,0.395,2.49,0.037,0.0726,0.05,0.139,0.358,7.0,5.567,0.0,0.29,0.29,0.0424,0.092
US1934,50,0.7,0.025,0.7,0.0175,GK 60/40,dynamic,100.0,1.0,0.0,0.0,0.02,0.02,0.02,0.37,1.583,0.034,0.0459,0.0422,0.04,0.151,0.0,7.776,0.0,0.1,0.1,0.036,0.0476
US1934,50,0.7,0.025,0.7,0.0175,GK 80/20,dynamic,100.0,1.0,0.0,0.0,0.12,0.11,0.09,0.376,1.626,0.0343,0.0474,0.043,0.042,0.152,0.0,15.396,0.0,0.39,0.39,0.0379,0.0488
US1934,50,0.7,0.025,0.7,0.0175,FIX 60/40,fixed,100.0,1.0,0.0,0.0,2.92,2.84,2.49,0.36,1.402,0.0399,0.04,0.0384,0.007,0.019,0.0,8.584,0.0,6.22,6.22,0.0381,0.04
US1934,50,0.7,0.025,0.7,0.0175,S1 VPW3 100/0,floor,100.0,1.0,0.0,0.0,0.36,0.34,0.29,0.402,2.855,0.0366,0.0843,0.0261,0.162,0.411,9.0,9.364,0.0,0.78,0.68,0.044,0.1176
US1934,50,0.7,0.025,0.7,0.0175,S2 ladder10r + VPW3 100/0,floor,100.0,0.735,0.265,0.0,0.67,0.63,0.49,0.557,2.469,0.0415,0.0737,0.0522,0.157,0.513,11.0,6.837,0.0,1.36,1.26,0.0415,0.0955
US1934,50,0.7,0.025,0.7,0.0175,S2 ladder15r + VPW3 100/0,floor,100.0,0.612,0.388,0.0,0.46,0.42,0.35,0.52,2.317,0.0423,0.0691,0.0548,0.116,0.406,8.0,5.773,0.0,1.17,1.07,0.0411,0.0855
US1934,50,0.7,0.025,0.7,0.0175,S2 ladder20r + VPW3 100/0,floor,100.0,0.495,0.505,0.0,0.77,0.72,0.57,0.472,2.163,0.0422,0.0641,0.0522,0.128,0.449,9.0,4.668,0.0,1.94,1.94,0.0405,0.0761
US1934,50,0.7,0.025,0.7,0.0175,S2 ladder15r + VPW3 80/20,floor,100.0,0.612,0.388,0.0,0.3,0.28,0.16,0.512,2.094,0.0418,0.062,0.0532,0.095,0.37,7.0,3.419,0.0,0.87,0.87,0.0398,0.0698
US1934,50,0.7,0.025,0.7,0.0175,S2 ladder15r(0%) + VPW3 100/0,floor,100.0,0.58,0.42,0.0,0.54,0.52,0.43,0.507,2.238,0.0412,0.0667,0.0534,0.114,0.405,8.0,5.473,0.0,1.26,1.26,0.0401,0.0822
US1934,50,0.7,0.025,0.7,0.0175,S2 ladder15n + VPW3 100/0,floor,100.0,0.631,0.369,0.0,0.44,0.43,0.37,0.523,2.332,0.0414,0.0698,0.0544,0.118,0.416,9.0,5.777,0.0,1.26,1.26,0.0409,0.0853
US1934,50,0.7,0.025,0.7,0.0175,S3 ann80n load10 + VPW3 100/0,floor,100.0,0.85,0.0,0.15,0.57,0.57,0.54,0.353,2.52,0.0325,0.0738,0.0221,0.158,0.384,7.0,7.834,0.0,0.87,0.87,0.0407,0.1039
US1934,50,0.7,0.025,0.7,0.0175,S3 ann80n load20 + VPW3 100/0,floor,100.0,0.837,0.0,0.163,0.62,0.62,0.59,0.349,2.483,0.0321,0.0727,0.021,0.157,0.381,7.0,7.691,0.0,0.97,0.97,0.0402,0.1021
US1934,50,0.7,0.025,0.7,0.0175,S3 ann80n load30 + VPW3 100/0,floor,100.0,0.823,0.0,0.177,0.65,0.65,0.64,0.346,2.448,0.0317,0.0716,0.0194,0.157,0.38,7.0,7.554,0.0,0.97,0.97,0.0398,0.1006
US1934,50,0.7,0.025,0.7,0.0175,S3 ann85n load20 + VPW3 100/0,floor,100.0,0.903,0.0,0.097,0.45,0.43,0.4,0.371,2.631,0.0338,0.0773,0.023,0.16,0.394,9.0,8.383,0.0,0.68,0.68,0.042,0.1092
US1934,50,0.7,0.025,0.7,0.0175,S3 ann80r load20 + VPW3 100/0 (假設性),floor,100.0,0.786,0.0,0.214,0.71,0.71,0.64,0.339,2.476,0.031,0.0718,0.0169,0.159,0.36,6.0,7.171,0.0,0.78,0.78,0.0461,0.1041
US1934,50,0.7,0.025,0.7,0.0175,S4 ladder15r + ann85n + VPW3 100/0,floor,100.0,0.515,0.388,0.097,0.54,0.51,0.48,0.481,2.095,0.0396,0.0623,0.0511,0.111,0.396,8.0,4.859,0.0,0.97,0.97,0.0391,0.077
US1934,50,1.0,0.0,1.0,0.0,VPW3 60/40,dynamic,100.0,1.0,0.0,0.0,11.76,11.48,10.16,0.412,1.744,0.0302,0.0525,0.0016,0.104,0.32,5.0,2.711,0.0,22.93,22.74,0.0231,0.0597
US1934,50,1.0,0.0,1.0,0.0,VPW3 80/20,dynamic,100.0,1.0,0.0,0.0,9.49,9.27,8.19,0.435,2.06,0.0318,0.0627,0.0016,0.131,0.37,6.0,5.039,0.0,17.01,16.81,0.0234,0.0777
US1934,50,1.0,0.0,1.0,0.0,GK 60/40,dynamic,100.0,1.0,0.0,0.0,11.0,10.74,9.53,0.4,1.52,0.0302,0.0442,0.0016,0.031,0.0,0.0,5.446,0.0,20.6,20.31,0.0231,0.0485
US1934,50,1.0,0.0,1.0,0.0,GK 80/20,dynamic,100.0,1.0,0.0,0.0,8.67,8.56,7.68,0.4,1.6,0.0319,0.0488,0.0017,0.033,0.0,0.0,11.656,0.0,14.29,14.19,0.0234,0.0526
US1934,50,1.0,0.0,1.0,0.0,FIX 60/40,fixed,100.0,1.0,0.0,0.0,10.78,10.48,9.36,0.36,1.36,0.0302,0.04,0.0016,0.0,0.0,0.0,6.71,0.0,19.63,19.24,0.0231,0.04
US1934,50,1.0,0.0,1.0,0.0,S1 VPW3 100/0,floor,100.0,1.0,0.0,0.0,9.26,9.1,8.22,0.444,2.414,0.0304,0.0732,0.0016,0.158,0.43,8.0,8.491,0.0,14.58,14.58,0.0223,0.1016
US1934,50,1.0,0.0,1.0,0.0,S2 ladder10r + VPW3 100/0,floor,100.0,0.621,0.379,0.0,19.81,19.36,17.97,0.637,1.867,0.0276,0.0632,0.0012,0.159,0.517,16.0,4.548,0.0,30.61,30.03,0.0216,0.0694
US1934,50,1.0,0.0,1.0,0.0,S2 ladder15r + VPW3 100/0,floor,100.0,0.445,0.555,0.0,26.51,26.01,23.4,0.567,1.675,0.0283,0.0572,0.0011,0.147,0.51,14.0,2.953,0.0,41.11,40.72,0.0227,0.0553
US1934,50,1.0,0.0,1.0,0.0,S2 ladder20r + VPW3 100/0,floor,100.0,0.278,0.722,0.0,35.08,34.18,31.09,0.498,1.512,0.0286,0.051,0.0011,0.133,0.5,12.0,1.476,0.0,55.3,54.71,0.0238,0.0425
US1934,50,1.0,0.0,1.0,0.0,S2 ladder15r + VPW3 80/20,floor,100.0,0.445,0.555,0.0,32.78,32.04,28.91,0.562,1.546,0.0282,0.0531,0.0011,0.129,0.498,16.0,1.478,0.0,50.63,50.34,0.0231,0.0467
US1934,50,1.0,0.0,1.0,0.0,S2 ladder15r(0%) + VPW3 100/0,floor,100.0,0.4,0.6,0.0,30.79,30.22,27.35,0.55,1.565,0.0267,0.0543,0.0011,0.148,0.51,15.0,2.365,0.0,46.36,46.06,0.0216,0.0501
US1934,50,1.0,0.0,1.0,0.0,S2 ladder15n + VPW3 100/0,floor,100.0,0.473,0.527,0.0,26.8,26.11,23.89,0.565,1.69,0.0275,0.0575,0.0011,0.15,0.536,16.0,2.889,0.0,41.59,41.11,0.0219,0.057
US1934,50,1.0,0.0,1.0,0.0,S3 ann80n load10 + VPW3 100/0,floor,100.0,0.786,0.0,0.214,18.03,17.74,16.76,0.4,1.787,0.0227,0.0559,0.0015,0.147,0.415,7.0,5.339,0.0,25.56,25.27,0.019,0.0764
US1934,50,1.0,0.0,1.0,0.0,S3 ann80n load20 + VPW3 100/0,floor,100.0,0.767,0.0,0.233,19.34,18.99,17.84,0.4,1.724,0.0219,0.0539,0.0015,0.146,0.417,7.0,5.023,0.0,26.72,26.43,0.0185,0.0738
US1934,50,1.0,0.0,1.0,0.0,S3 ann80n load30 + VPW3 100/0,floor,100.0,0.747,0.0,0.253,20.57,20.3,19.09,0.4,1.661,0.0212,0.0522,0.0014,0.146,0.416,7.0,4.674,0.0,28.09,27.7,0.018,0.0699
US1934,50,1.0,0.0,1.0,0.0,S3 ann85n load20 + VPW3 100/0,floor,100.0,0.862,0.0,0.138,14.44,14.36,13.31,0.413,1.999,0.0243,0.0618,0.0015,0.152,0.421,7.0,6.53,0.0,20.99,20.8,0.02,0.085
US1934,50,1.0,0.0,1.0,0.0,S3 ann80r load20 + VPW3 100/0 (假設性),floor,100.0,0.694,0.0,0.306,21.53,21.35,19.32,0.391,1.65,0.0256,0.0503,0.0013,0.153,0.375,5.0,3.726,0.0,25.36,25.36,0.0279,0.0717
US1934,50,1.0,0.0,1.0,0.0,S4 ladder15r + ann85n + VPW3 100/0,floor,100.0,0.307,0.555,0.138,40.7,40.22,37.69,0.511,1.364,0.025,0.0491,0.0011,0.148,0.517,16.0,1.013,0.0,56.17,55.78,0.0215,0.0395
US1934,50,1.0,0.01,1.0,0.01,VPW3 60/40,dynamic,100.0,1.0,0.0,0.0,6.41,6.23,5.27,0.412,1.949,0.0385,0.0573,0.0338,0.101,0.288,4.0,2.82,0.0,13.9,13.41,0.0309,0.0664
US1934,50,1.0,0.01,1.0,0.01,VPW3 80/20,dynamic,100.0,1.0,0.0,0.0,5.33,5.18,4.52,0.435,2.276,0.04,0.0676,0.0203,0.122,0.341,5.0,5.155,0.0,10.11,10.01,0.032,0.0851
US1934,50,1.0,0.01,1.0,0.01,GK 60/40,dynamic,100.0,1.0,0.0,0.0,5.95,5.8,4.93,0.4,1.573,0.0385,0.0463,0.0327,0.031,0.062,0.0,6.44,0.0,11.47,11.27,0.031,0.0492
US1934,50,1.0,0.01,1.0,0.01,GK 80/20,dynamic,100.0,1.0,0.0,0.0,4.9,4.79,4.23,0.4,1.639,0.04,0.0485,0.0201,0.033,0.086,0.0,13.285,0.0,8.55,8.45,0.0322,0.0507
US1934,50,1.0,0.01,1.0,0.01,FIX 60/40,fixed,100.0,1.0,0.0,0.0,5.9,5.73,4.92,0.36,1.401,0.0386,0.04,0.0312,0.002,0.007,0.0,7.782,0.0,11.47,11.27,0.031,0.04
US1934,50,1.0,0.01,1.0,0.01,S1 VPW3 100/0,floor,100.0,1.0,0.0,0.0,5.83,5.68,5.17,0.444,2.621,0.0387,0.0783,0.0109,0.148,0.402,7.0,8.665,0.0,9.82,9.52,0.0303,0.1086
US1934,50,1.0,0.01,1.0,0.01,S2 ladder10r + VPW3 100/0,floor,100.0,0.621,0.379,0.0,13.82,13.54,12.38,0.637,2.079,0.0347,0.0665,0.0163,0.142,0.498,15.0,5.043,0.0,21.96,21.38,0.0286,0.0769
US1934,50,1.0,0.01,1.0,0.01,S2 ladder15r + VPW3 100/0,floor,100.0,0.445,0.555,0.0,16.68,16.24,14.55,0.567,1.889,0.0355,0.0603,0.0256,0.121,0.456,12.0,3.637,0.0,27.21,27.02,0.0298,0.0647
US1934,50,1.0,0.01,1.0,0.01,S2 ladder20r + VPW3 100/0,floor,100.0,0.278,0.722,0.0,25.34,24.77,21.93,0.498,1.703,0.0351,0.0537,0.023,0.12,0.486,12.0,1.982,0.0,43.05,42.57,0.0307,0.0512
US1934,50,1.0,0.01,1.0,0.01,S2 ladder15r + VPW3 80/20,floor,100.0,0.445,0.555,0.0,19.95,19.46,17.28,0.562,1.741,0.0352,0.0561,0.0245,0.109,0.439,14.0,2.036,0.0,34.89,34.6,0.0303,0.0543
US1934,50,1.0,0.01,1.0,0.01,S2 ladder15r(0%) + VPW3 100/0,floor,100.0,0.4,0.6,0.0,20.11,19.61,17.81,0.55,1.771,0.0335,0.0572,0.0239,0.119,0.451,13.0,3.072,0.0,32.94,32.46,0.0287,0.0592
US1934,50,1.0,0.01,1.0,0.01,S2 ladder15n + VPW3 100/0,floor,100.0,0.473,0.527,0.0,17.0,16.65,15.01,0.565,1.903,0.0345,0.0609,0.0252,0.123,0.475,14.0,3.532,0.0,28.57,28.47,0.029,0.0654
US1934,50,1.0,0.01,1.0,0.01,S3 ann80n load10 + VPW3 100/0,floor,100.0,0.786,0.0,0.214,13.38,13.23,12.24,0.4,2.019,0.0286,0.0609,0.0057,0.138,0.376,6.0,5.682,0.0,18.17,17.88,0.0258,0.084
US1934,50,1.0,0.01,1.0,0.01,S3 ann80n load20 + VPW3 100/0,floor,100.0,0.767,0.0,0.233,14.49,14.36,13.53,0.4,1.952,0.0278,0.0591,0.0053,0.137,0.377,6.0,5.369,0.0,19.73,19.53,0.0252,0.0809
US1934,50,1.0,0.01,1.0,0.01,S3 ann80n load30 + VPW3 100/0,floor,100.0,0.747,0.0,0.253,15.57,15.38,14.57,0.4,1.882,0.0271,0.0573,0.005,0.136,0.376,5.0,5.057,0.0,20.8,20.51,0.0248,0.0784
US1934,50,1.0,0.01,1.0,0.01,S3 ann85n load20 + VPW3 100/0,floor,100.0,0.862,0.0,0.138,10.02,9.82,9.07,0.413,2.23,0.0307,0.0669,0.0073,0.142,0.385,6.0,6.818,0.0,13.41,13.41,0.0267,0.0926
US1934,50,1.0,0.01,1.0,0.01,S3 ann80r load20 + VPW3 100/0 (假設性),floor,100.0,0.694,0.0,0.306,16.85,16.76,15.38,0.4,1.879,0.0312,0.0559,0.0041,0.144,0.34,4.0,4.136,0.0,19.24,19.24,0.0346,0.08
US1934,50,1.0,0.01,1.0,0.01,S4 ladder15r + ann85n + VPW3 100/0,floor,100.0,0.307,0.555,0.138,28.92,28.3,25.98,0.511,1.566,0.0315,0.0514,0.0234,0.122,0.439,14.0,1.87,0.0,41.69,41.21,0.0285,0.0502
US1934,50,1.0,0.01,0.7,0.007,VPW3 60/40,dynamic,100.0,1.0,0.0,0.0,7.78,7.62,6.58,0.412,1.887,0.0357,0.0558,0.024,0.101,0.295,4.0,2.794,0.0,16.03,15.84,0.0283,0.0644
US1934,50,1.0,0.01,0.7,0.007,VPW3 80/20,dynamic,100.0,1.0,0.0,0.0,6.46,6.27,5.5,0.435,2.209,0.0373,0.0661,0.0183,0.125,0.347,6.0,5.141,0.0,12.24,11.95,0.0294,0.083
US1934,50,1.0,0.01,0.7,0.007,GK 60/40,dynamic,100.0,1.0,0.0,0.0,7.11,6.99,6.16,0.4,1.561,0.0358,0.0459,0.0239,0.031,0.044,0.0,6.113,0.0,13.31,13.12,0.0283,0.0494
US1934,50,1.0,0.01,0.7,0.007,GK 80/20,dynamic,100.0,1.0,0.0,0.0,5.92,5.77,5.11,0.4,1.628,0.0376,0.0488,0.0183,0.032,0.06,0.0,12.763,0.0,10.11,9.91,0.0294,0.0513
US1934,50,1.0,0.01,0.7,0.007,FIX 60/40,fixed,100.0,1.0,0.0,0.0,7.04,6.88,6.11,0.36,1.4,0.0358,0.04,0.0235,0.002,0.005,0.0,7.458,0.0,13.22,13.02,0.0283,0.04
US1934,50,1.0,0.01,0.7,0.007,S1 VPW3 100/0,floor,100.0,1.0,0.0,0.0,6.83,6.65,6.07,0.444,2.559,0.0359,0.0768,0.0106,0.15,0.41,7.0,8.628,0.0,11.47,11.47,0.0278,0.1066
US1934,50,1.0,0.01,0.7,0.007,S2 ladder10r + VPW3 100/0,floor,100.0,0.621,0.379,0.0,15.82,15.54,14.2,0.637,2.01,0.0326,0.0656,0.0142,0.146,0.504,15.0,4.911,0.0,25.46,24.98,0.0264,0.0745
US1934,50,1.0,0.01,0.7,0.007,S2 ladder15r + VPW3 100/0,floor,100.0,0.445,0.555,0.0,19.65,19.1,17.33,0.567,1.824,0.0332,0.0593,0.0172,0.129,0.471,13.0,3.456,0.0,32.26,31.58,0.0278,0.0617
US1934,50,1.0,0.01,0.7,0.007,S2 ladder20r + VPW3 100/0,floor,100.0,0.278,0.722,0.0,28.33,27.67,24.69,0.498,1.645,0.0332,0.0528,0.0157,0.124,0.488,12.0,1.831,0.0,47.13,46.84,0.0286,0.0492
US1934,50,1.0,0.01,0.7,0.007,S2 ladder15r + VPW3 80/20,floor,100.0,0.445,0.555,0.0,23.83,23.22,20.86,0.562,1.679,0.0331,0.0551,0.0164,0.115,0.456,15.0,1.888,0.0,40.04,39.55,0.0281,0.052
US1934,50,1.0,0.01,0.7,0.007,S2 ladder15r(0%) + VPW3 100/0,floor,100.0,0.4,0.6,0.0,23.37,22.73,20.66,0.55,1.708,0.0314,0.0562,0.0161,0.128,0.469,14.0,2.846,0.0,37.71,37.41,0.0265,0.0565
US1934,50,1.0,0.01,0.7,0.007,S2 ladder15n + VPW3 100/0,floor,100.0,0.473,0.527,0.0,20.11,19.64,17.74,0.565,1.838,0.0323,0.0599,0.017,0.131,0.494,14.0,3.342,0.0,32.94,32.46,0.0267,0.0627
US1934,50,1.0,0.01,0.7,0.007,S3 ann80n load10 + VPW3 100/0,floor,100.0,0.786,0.0,0.214,14.63,14.49,13.73,0.4,1.951,0.0268,0.0593,0.0057,0.141,0.388,6.0,5.592,0.0,20.21,20.02,0.0238,0.0816
US1934,50,1.0,0.01,0.7,0.007,S3 ann80n load20 + VPW3 100/0,floor,100.0,0.767,0.0,0.233,15.8,15.65,14.75,0.4,1.882,0.0261,0.0575,0.0053,0.14,0.387,6.0,5.296,0.0,21.48,21.19,0.0232,0.0788
US1934,50,1.0,0.01,0.7,0.007,S3 ann80n load30 + VPW3 100/0,floor,100.0,0.747,0.0,0.253,17.16,16.96,16.06,0.4,1.815,0.0253,0.0557,0.005,0.139,0.389,6.0,4.967,0.0,23.42,23.23,0.0227,0.0767
US1934,50,1.0,0.01,0.7,0.007,S3 ann85n load20 + VPW3 100/0,floor,100.0,0.862,0.0,0.138,11.33,11.1,10.33,0.413,2.158,0.0288,0.0653,0.0072,0.145,0.397,7.0,6.754,0.0,15.84,15.74,0.0246,0.0906
US1934,50,1.0,0.01,0.7,0.007,S3 ann80r load20 + VPW3 100/0 (假設性),floor,100.0,0.694,0.0,0.306,18.37,18.16,16.43,0.399,1.81,0.0294,0.0541,0.0041,0.148,0.351,4.0,4.009,0.0,20.89,20.89,0.0326,0.077
US1934,50,1.0,0.01,0.7,0.007,S4 ladder15r + ann85n + VPW3 100/0,floor,100.0,0.307,0.555,0.138,32.53,31.98,29.63,0.511,1.505,0.0296,0.0507,0.0161,0.129,0.46,15.0,1.646,0.0,46.84,46.26,0.0265,0.0475
US1934,50,1.0,0.025,1.0,0.025,VPW3 60/40,dynamic,100.0,1.0,0.0,0.0,1.17,1.08,0.91,0.412,2.263,0.0403,0.0648,0.0514,0.111,0.258,2.0,2.895,0.0,2.82,2.24,0.0431,0.0764
US1934,50,1.0,0.025,1.0,0.025,VPW3 80/20,dynamic,100.0,1.0,0.0,0.0,1.4,1.36,1.19,0.435,2.584,0.0405,0.0752,0.0213,0.129,0.314,4.0,5.214,0.0,2.43,2.43,0.0452,0.0955
US1934,50,1.0,0.025,1.0,0.025,GK 60/40,dynamic,100.0,1.0,0.0,0.0,1.07,1.02,0.89,0.4,1.584,0.04,0.0444,0.0431,0.029,0.069,0.0,8.395,0.0,1.94,1.94,0.0401,0.0455
US1934,50,1.0,0.025,1.0,0.025,GK 80/20,dynamic,100.0,1.0,0.0,0.0,1.32,1.3,1.1,0.4,1.608,0.04,0.0455,0.021,0.04,0.12,0.0,16.365,0.0,2.24,2.24,0.0404,0.0463
US1934,50,1.0,0.025,1.0,0.025,FIX 60/40,fixed,100.0,1.0,0.0,0.0,1.06,1.01,0.89,0.36,1.443,0.04,0.0401,0.0395,0.006,0.017,0.0,9.407,0.0,1.94,1.94,0.0401,0.0401
US1934,50,1.0,0.025,1.0,0.025,S1 VPW3 100/0,floor,100.0,1.0,0.0,0.0,2.04,2.0,1.78,0.444,2.938,0.0403,0.0861,0.011,0.15,0.367,6.0,8.777,0.0,3.01,3.01,0.0457,0.1188
US1934,50,1.0,0.025,1.0,0.025,S2 ladder10r + VPW3 100/0,floor,100.0,0.621,0.379,0.0,4.92,4.73,4.25,0.637,2.412,0.0458,0.0723,0.0177,0.146,0.474,12.0,5.42,0.0,8.45,8.07,0.0406,0.0883
US1934,50,1.0,0.025,1.0,0.025,S2 ladder15r + VPW3 100/0,floor,100.0,0.445,0.555,0.0,3.83,3.62,3.12,0.567,2.235,0.0467,0.0664,0.0575,0.095,0.362,8.0,4.144,0.0,8.07,7.48,0.044,0.0767
US1934,50,1.0,0.025,1.0,0.025,S2 ladder20r + VPW3 100/0,floor,100.0,0.278,0.722,0.0,8.81,8.54,7.14,0.498,2.024,0.046,0.0593,0.0517,0.125,0.484,11.0,2.542,0.0,17.98,17.49,0.0414,0.063
US1934,50,1.0,0.025,1.0,0.025,S2 ladder15r + VPW3 80/20,floor,100.0,0.445,0.555,0.0,3.71,3.55,2.95,0.562,2.076,0.0464,0.0615,0.0554,0.078,0.34,8.0,2.443,0.0,8.94,8.75,0.0429,0.0652
US1934,50,1.0,0.025,1.0,0.025,S2 ladder15r(0%) + VPW3 100/0,floor,100.0,0.4,0.6,0.0,5.09,4.92,4.25,0.55,2.119,0.0452,0.063,0.055,0.091,0.355,8.0,3.699,0.0,10.2,10.2,0.0407,0.0719
US1934,50,1.0,0.025,1.0,0.025,S2 ladder15n + VPW3 100/0,floor,100.0,0.473,0.527,0.0,4.24,4.1,3.37,0.565,2.244,0.0452,0.0672,0.0565,0.099,0.381,10.0,4.043,0.0,8.07,7.87,0.0424,0.0764
US1934,50,1.0,0.025,1.0,0.025,S3 ann80n load10 + VPW3 100/0,floor,100.0,0.786,0.0,0.214,6.2,6.13,5.72,0.4,2.35,0.0381,0.0687,0.0057,0.135,0.324,4.0,5.959,0.0,8.16,7.97,0.0365,0.0941
US1934,50,1.0,0.025,1.0,0.025,S3 ann80n load20 + VPW3 100/0,floor,100.0,0.767,0.0,0.233,6.92,6.79,6.5,0.4,2.284,0.037,0.0668,0.0053,0.133,0.322,4.0,5.671,0.0,8.75,8.45,0.0357,0.0917
US1934,50,1.0,0.025,1.0,0.025,S3 ann80n load30 + VPW3 100/0,floor,100.0,0.747,0.0,0.253,7.82,7.75,7.35,0.4,2.223,0.0361,0.0651,0.005,0.131,0.319,4.0,5.353,0.0,9.33,9.33,0.0351,0.0887
US1934,50,1.0,0.025,1.0,0.025,S3 ann85n load20 + VPW3 100/0,floor,100.0,0.862,0.0,0.138,4.04,3.98,3.8,0.413,2.55,0.04,0.0747,0.0073,0.141,0.342,5.0,7.033,0.0,5.25,5.25,0.0394,0.1029
US1934,50,1.0,0.025,1.0,0.025,S3 ann80r load20 + VPW3 100/0 (假設性),floor,100.0,0.694,0.0,0.306,10.36,10.28,9.48,0.4,2.243,0.0394,0.0645,0.0041,0.144,0.291,3.0,4.547,0.0,11.18,11.08,0.0446,0.0909
US1934,50,1.0,0.025,1.0,0.025,S4 ladder15r + ann85n + VPW3 100/0,floor,100.0,0.307,0.555,0.138,8.03,7.79,6.98,0.511,1.91,0.0424,0.0567,0.0511,0.086,0.331,8.0,2.753,0.0,13.22,12.73,0.0394,0.0643
US1934,50,1.0,0.025,0.7,0.0175,VPW3 60/40,dynamic,100.0,1.0,0.0,0.0,3.31,3.14,2.76,0.412,2.099,0.04,0.061,0.0475,0.102,0.273,3.0,2.875,0.0,7.19,7.0,0.0377,0.0714
US1934,50,1.0,0.025,0.7,0.0175,VPW3 80/20,dynamic,100.0,1.0,0.0,0.0,2.88,2.84,2.54,0.435,2.428,0.04,0.0713,0.0212,0.123,0.326,5.0,5.198,0.0,5.54,5.44,0.0403,0.0905
US1934,50,1.0,0.025,0.7,0.0175,GK 60/40,dynamic,100.0,1.0,0.0,0.0,3.05,2.94,2.64,0.4,1.602,0.04,0.0459,0.0422,0.03,0.059,0.0,7.361,0.0,6.22,6.22,0.0381,0.0477
US1934,50,1.0,0.025,0.7,0.0175,GK 80/20,dynamic,100.0,1.0,0.0,0.0,2.66,2.6,2.46,0.4,1.634,0.04,0.0473,0.0209,0.037,0.109,0.0,14.661,0.0,4.47,4.37,0.0401,0.0487
US1934,50,1.0,0.025,0.7,0.0175,FIX 60/40,fixed,100.0,1.0,0.0,0.0,3.05,2.94,2.64,0.36,1.404,0.04,0.0401,0.0385,0.004,0.012,0.0,8.566,0.0,6.22,6.22,0.0381,0.0401
US1934,50,1.0,0.025,0.7,0.0175,S1 VPW3 100/0,floor,100.0,1.0,0.0,0.0,3.47,3.38,3.14,0.444,2.781,0.04,0.0822,0.0109,0.148,0.383,6.0,8.735,0.0,5.93,5.64,0.04,0.1137
US1934,50,1.0,0.025,0.7,0.0175,S2 ladder10r + VPW3 100/0,floor,100.0,0.621,0.379,0.0,9.12,8.84,8.18,0.637,2.243,0.0403,0.0693,0.0175,0.142,0.484,13.0,5.232,0.0,14.58,14.48,0.0339,0.0831
US1934,50,1.0,0.025,0.7,0.0175,S2 ladder15r + VPW3 100/0,floor,100.0,0.445,0.555,0.0,9.86,9.59,8.51,0.567,2.06,0.0414,0.0633,0.0454,0.106,0.413,10.0,3.989,0.0,18.17,17.98,0.0355,0.0713
US1934,50,1.0,0.025,0.7,0.0175,S2 ladder20r + VPW3 100/0,floor,100.0,0.278,0.722,0.0,17.07,16.52,14.79,0.498,1.855,0.0403,0.0562,0.0404,0.118,0.484,11.0,2.313,0.0,31.1,30.71,0.0359,0.0574
US1934,50,1.0,0.025,0.7,0.0175,S2 ladder15r + VPW3 80/20,floor,100.0,0.445,0.555,0.0,11.04,10.79,9.33,0.562,1.91,0.041,0.0586,0.044,0.092,0.392,11.0,2.285,0.0,22.45,22.25,0.0358,0.06
US1934,50,1.0,0.025,0.7,0.0175,S2 ladder15r(0%) + VPW3 100/0,floor,100.0,0.4,0.6,0.0,12.16,11.88,10.57,0.55,1.94,0.0393,0.0599,0.0428,0.102,0.407,11.0,3.448,0.0,21.87,21.48,0.034,0.0663
US1934,50,1.0,0.025,0.7,0.0175,S2 ladder15n + VPW3 100/0,floor,100.0,0.473,0.527,0.0,10.12,9.87,8.7,0.565,2.071,0.0406,0.0641,0.0447,0.109,0.428,12.0,3.828,0.0,18.08,17.78,0.0349,0.071
US1934,50,1.0,0.025,0.7,0.0175,S3 ann80n load10 + VPW3 100/0,floor,100.0,0.786,0.0,0.214,9.38,9.22,8.66,0.4,2.186,0.0332,0.0647,0.0057,0.134,0.35,5.0,5.837,0.0,11.95,11.66,0.0308,0.0891
US1934,50,1.0,0.025,0.7,0.0175,S3 ann80n load20 + VPW3 100/0,floor,100.0,0.767,0.0,0.233,10.41,10.21,9.69,0.4,2.122,0.0324,0.063,0.0053,0.132,0.348,5.0,5.543,0.0,12.93,12.83,0.0303,0.0866
US1934,50,1.0,0.025,0.7,0.0175,S3 ann80n load30 + VPW3 100/0,floor,100.0,0.747,0.0,0.253,11.57,11.44,10.76,0.4,2.059,0.0315,0.0613,0.005,0.131,0.346,5.0,5.232,0.0,14.58,14.48,0.0298,0.0837
US1934,50,1.0,0.025,0.7,0.0175,S3 ann85n load20 + VPW3 100/0,floor,100.0,0.862,0.0,0.138,6.84,6.73,6.34,0.413,2.394,0.0362,0.0708,0.0073,0.138,0.364,5.0,6.93,0.0,9.43,9.43,0.0328,0.098
US1934,50,1.0,0.025,0.7,0.0175,S3 ann80r load20 + VPW3 100/0 (假設性),floor,100.0,0.694,0.0,0.306,13.6,13.5,12.25,0.4,2.064,0.0353,0.0603,0.0041,0.142,0.315,3.0,4.406,0.0,15.26,15.26,0.0396,0.0858
US1934,50,1.0,0.025,0.7,0.0175,S4 ladder15r + ann85n + VPW3 100/0,floor,100.0,0.307,0.555,0.138,18.16,17.72,16.27,0.511,1.733,0.0366,0.0537,0.0404,0.102,0.385,12.0,2.387,0.0,27.79,27.41,0.0337,0.0575
TW1983,65,0.35,0.0,1.0,0.0,VPW3 60/40,dynamic,100.0,1.0,0.0,0.0,0.0,0.0,0.0,0.191,1.485,0.0449,0.0675,0.0579,0.118,0.236,1.0,6.431,0.0,0.0,0.0,0.0471,0.0808
TW1983,65,0.35,0.0,1.0,0.0,VPW3 80/20,dynamic,100.0,1.0,0.0,0.0,0.0,0.0,0.0,0.193,1.596,0.0434,0.0737,0.0576,0.135,0.308,2.0,9.054,0.0,0.0,0.0,0.047,0.0935
TW1983,65,0.35,0.0,1.0,0.0,GK 60/40,dynamic,100.0,1.0,0.0,0.0,0.0,0.0,0.0,0.16,1.019,0.0367,0.0474,0.0444,0.037,0.0,0.0,12.495,0.0,0.0,0.0,0.0382,0.0524
TW1983,65,0.35,0.0,1.0,0.0,GK 80/20,dynamic,100.0,1.0,0.0,0.0,0.0,0.0,0.0,0.16,1.037,0.0354,0.0491,0.0441,0.04,0.0,0.0,18.189,0.0,0.0,0.0,0.0371,0.0537
TW1983,65,0.35,0.0,1.0,0.0,FIX 60/40,fixed,100.0,1.0,0.0,0.0,0.06,0.05,0.02,0.16,0.88,0.04,0.04,0.0116,0.0,0.0,0.0,13.71,0.0,0.39,0.39,0.04,0.04
TW1983,65,0.35,0.0,1.0,0.0,S1 VPW3 100/0,floor,100.0,1.0,0.0,0.0,0.0,0.0,0.0,0.195,1.686,0.0409,0.0799,0.0542,0.158,0.379,4.0,12.037,0.0,0.0,0.0,0.0444,0.1106
TW1983,65,0.35,0.0,1.0,0.0,S2 ladder10r + VPW3 100/0,floor,100.0,0.867,0.133,0.0,0.01,0.0,0.0,0.226,1.602,0.0446,0.0766,0.055,0.147,0.378,4.0,10.441,0.0,0.0,0.0,0.0426,0.1001
TW1983,65,0.35,0.0,1.0,0.0,S2 ladder15r + VPW3 100/0,floor,100.0,0.806,0.194,0.0,0.0,0.0,0.0,0.214,1.566,0.0442,0.0746,0.0552,0.138,0.346,3.0,9.7,0.0,0.0,0.0,0.042,0.0954
TW1983,65,0.35,0.0,1.0,0.0,S2 ladder20r + VPW3 100/0,floor,100.0,0.747,0.253,0.0,0.0,0.0,0.0,0.203,1.524,0.0434,0.0719,0.0546,0.132,0.326,3.0,8.996,0.0,0.0,0.0,0.0416,0.091
TW1983,65,0.35,0.0,1.0,0.0,S2 ladder15r + VPW3 80/20,floor,100.0,0.806,0.194,0.0,0.0,0.0,0.0,0.212,1.496,0.0467,0.0698,0.058,0.12,0.288,2.0,7.297,0.0,0.0,0.0,0.0443,0.0816
TW1983,65,0.35,0.0,1.0,0.0,S2 ladder15r(0%) + VPW3 100/0,floor,100.0,0.79,0.21,0.0,0.0,0.0,0.0,0.211,1.539,0.0435,0.0733,0.0543,0.138,0.346,3.0,9.509,0.0,0.0,0.0,0.0413,0.0936
TW1983,65,0.35,0.0,1.0,0.0,S3 ann80n load10 + VPW3 100/0,floor,100.0,0.895,0.0,0.105,0.0,0.0,0.0,0.174,1.589,0.0382,0.0741,0.0511,0.157,0.362,3.0,10.775,0.0,0.0,0.0,0.0454,0.1047
TW1983,65,0.35,0.0,1.0,0.0,S3 ann80n load20 + VPW3 100/0,floor,100.0,0.886,0.0,0.114,0.0,0.0,0.0,0.172,1.573,0.0378,0.0733,0.0506,0.157,0.362,3.0,10.66,0.0,0.0,0.0,0.045,0.1036
TW1983,65,0.35,0.0,1.0,0.0,S3 ann80n load30 + VPW3 100/0,floor,100.0,0.876,0.0,0.124,0.0,0.0,0.0,0.171,1.557,0.0374,0.0726,0.0501,0.157,0.362,3.0,10.545,0.0,0.0,0.0,0.0445,0.1026
TW1983,65,0.35,0.0,1.0,0.0,S3 ann85n load20 + VPW3 100/0,floor,100.0,0.932,0.0,0.068,0.01,0.01,0.0,0.181,1.606,0.0388,0.0756,0.0521,0.157,0.37,4.0,11.221,0.0,0.0,0.0,0.0454,0.107
TW1983,65,0.35,0.0,1.0,0.0,S3 ann80r load20 + VPW3 100/0 (假設性),floor,100.0,0.866,0.0,0.134,0.0,0.0,0.0,0.168,1.57,0.0375,0.0728,0.0499,0.158,0.36,3.0,10.418,0.0,0.0,0.0,0.0463,0.1034
TW1983,65,0.35,0.0,1.0,0.0,S4 ladder15r + ann85n + VPW3 100/0,floor,100.0,0.738,0.194,0.068,0.0,0.0,0.0,0.201,1.49,0.0427,0.0703,0.0547,0.137,0.339,3.0,8.884,0.0,0.0,0.0,0.043,0.0919
TW1983,65,0.35,0.01,1.0,0.01,VPW3 60/40,dynamic,100.0,1.0,0.0,0.0,0.0,0.0,0.0,0.231,1.712,0.0548,0.0774,0.0696,0.103,0.206,1.0,6.431,0.0,0.0,0.0,0.057,0.0907
TW1983,65,0.35,0.01,1.0,0.01,VPW3 80/20,dynamic,100.0,1.0,0.0,0.0,0.0,0.0,0.0,0.233,1.823,0.0533,0.0836,0.0701,0.117,0.268,2.0,9.054,0.0,0.0,0.0,0.057,0.1034
TW1983,65,0.35,0.01,1.0,0.01,GK 60/40,dynamic,100.0,1.0,0.0,0.0,0.0,0.0,0.0,0.16,1.029,0.0391,0.0472,0.0454,0.03,0.012,0.0,15.052,0.0,0.0,0.0,0.0426,0.0504
TW1983,65,0.35,0.01,1.0,0.01,GK 80/20,dynamic,100.0,1.0,0.0,0.0,0.0,0.0,0.0,0.16,1.038,0.0381,0.0481,0.0454,0.032,0.013,0.0,21.699,0.0,0.0,0.0,0.0415,0.0511
TW1983,65,0.35,0.01,1.0,0.01,FIX 60/40,fixed,100.0,1.0,0.0,0.0,0.0,0.0,0.0,0.16,0.88,0.0399,0.04,0.04,0.005,0.012,0.0,16.248,0.0,0.0,0.0,0.04,0.04
TW1983,65,0.35,0.01,1.0,0.01,S1 VPW3 100/0,floor,100.0,1.0,0.0,0.0,0.0,0.0,0.0,0.234,1.912,0.0509,0.0898,0.0681,0.138,0.342,3.0,12.037,0.0,0.0,0.0,0.0544,0.1205
TW1983,65,0.35,0.01,1.0,0.01,S2 ladder10r + VPW3 100/0,floor,100.0,0.962,0.038,0.0,0.0,0.0,0.0,0.244,1.887,0.0519,0.0887,0.069,0.134,0.339,3.0,11.581,0.0,0.0,0.0,0.0539,0.1175
TW1983,65,0.35,0.01,1.0,0.01,S2 ladder15r + VPW3 100/0,floor,100.0,0.945,0.055,0.0,0.0,0.0,0.0,0.24,1.877,0.0519,0.0881,0.0689,0.132,0.332,3.0,11.369,0.0,0.0,0.0,0.0537,0.1162
TW1983,65,0.35,0.01,1.0,0.01,S2 ladder20r + VPW3 100/0,floor,100.0,0.928,0.072,0.0,0.0,0.0,0.0,0.237,1.865,0.0516,0.0874,0.0685,0.131,0.328,3.0,11.168,0.0,0.0,0.0,0.0535,0.1149
TW1983,65,0.35,0.01,1.0,0.01,S2 ladder15r + VPW3 80/20,floor,100.0,0.945,0.055,0.0,0.0,0.0,0.0,0.238,1.794,0.0543,0.0825,0.0707,0.113,0.259,2.0,8.552,0.0,0.0,0.0,0.0563,0.1001
TW1983,65,0.35,0.01,1.0,0.01,S2 ladder15r(0%) + VPW3 100/0,floor,100.0,0.94,0.06,0.0,0.0,0.0,0.0,0.239,1.869,0.0517,0.0877,0.0687,0.132,0.332,3.0,11.315,0.0,0.0,0.0,0.0535,0.1157
TW1983,65,0.35,0.01,1.0,0.01,S3 ann80n load10 + VPW3 100/0,floor,100.0,0.97,0.0,0.03,0.0,0.0,0.0,0.228,1.884,0.0499,0.0882,0.0673,0.136,0.338,3.0,11.676,0.0,0.0,0.0,0.0546,0.1189
TW1983,65,0.35,0.01,1.0,0.01,S3 ann80n load20 + VPW3 100/0,floor,100.0,0.967,0.0,0.033,0.0,0.0,0.0,0.228,1.879,0.0498,0.088,0.0671,0.136,0.338,3.0,11.644,0.0,0.0,0.0,0.0545,0.1186
TW1983,65,0.35,0.01,1.0,0.01,S3 ann80n load30 + VPW3 100/0,floor,100.0,0.965,0.0,0.035,0.0,0.0,0.0,0.227,1.875,0.0497,0.0878,0.067,0.136,0.337,3.0,11.611,0.0,0.0,0.0,0.0543,0.1183
TW1983,65,0.35,0.01,1.0,0.01,S3 ann85n load20 + VPW3 100/0,floor,100.0,0.981,0.0,0.019,0.0,0.0,0.0,0.23,1.89,0.0502,0.0887,0.0675,0.137,0.34,3.0,11.804,0.0,0.0,0.0,0.0546,0.1195
TW1983,65,0.35,0.01,1.0,0.01,S3 ann80r load20 + VPW3 100/0 (假設性),floor,100.0,0.962,0.0,0.038,0.0,0.0,0.0,0.226,1.878,0.0498,0.0878,0.0671,0.136,0.336,3.0,11.574,0.0,0.0,0.0,0.0549,0.1184
TW1983,65,0.35,0.01,1.0,0.01,S4 ladder15r + ann85n + VPW3 100/0,floor,100.0,0.925,0.055,0.019,0.0,0.0,0.0,0.236,1.856,0.0513,0.0871,0.0684,0.131,0.33,3.0,11.136,0.0,0.0,0.0,0.0539,0.1152
TW1983,65,0.35,0.01,0.7,0.007,VPW3 60/40,dynamic,100.0,1.0,0.0,0.0,0.0,0.0,0.0,0.219,1.645,0.0518,0.0744,0.0662,0.107,0.214,1.0,6.431,0.0,0.0,0.0,0.054,0.0878
TW1983,65,0.35,0.01,0.7,0.007,VPW3 80/20,dynamic,100.0,1.0,0.0,0.0,0.0,0.0,0.0,0.221,1.755,0.0503,0.0807,0.0664,0.122,0.279,2.0,9.054,0.0,0.0,0.0,0.054,0.1005
TW1983,65,0.35,0.01,0.7,0.007,GK 60/40,dynamic,100.0,1.0,0.0,0.0,0.0,0.0,0.0,0.16,1.028,0.0385,0.0475,0.0453,0.032,0.008,0.0,14.265,0.0,0.0,0.0,0.0417,0.0511
TW1983,65,0.35,0.01,0.7,0.007,GK 80/20,dynamic,100.0,1.0,0.0,0.0,0.0,0.0,0.0,0.16,1.038,0.0374,0.0486,0.0453,0.034,0.009,0.0,20.654,0.0,0.0,0.0,0.0406,0.0519
TW1983,65,0.35,0.01,0.7,0.007,FIX 60/40,fixed,100.0,1.0,0.0,0.0,0.01,0.01,0.0,0.16,0.88,0.04,0.04,0.04,0.003,0.008,0.0,15.518,0.0,0.13,0.13,0.04,0.04
TW1983,65,0.35,0.01,0.7,0.007,S1 VPW3 100/0,floor,100.0,1.0,0.0,0.0,0.0,0.0,0.0,0.223,1.843,0.0479,0.0868,0.064,0.143,0.353,3.0,12.037,0.0,0.0,0.0,0.0514,0.1175
TW1983,65,0.35,0.01,0.7,0.007,S2 ladder10r + VPW3 100/0,floor,100.0,0.934,0.066,0.0,0.0,0.0,0.0,0.238,1.802,0.0499,0.0851,0.0653,0.137,0.347,3.0,11.239,0.0,0.0,0.0,0.0505,0.1123
TW1983,65,0.35,0.01,0.7,0.007,S2 ladder15r + VPW3 100/0,floor,100.0,0.903,0.097,0.0,0.0,0.0,0.0,0.232,1.784,0.0496,0.084,0.0652,0.133,0.335,3.0,10.869,0.0,0.0,0.0,0.0502,0.11
TW1983,65,0.35,0.01,0.7,0.007,S2 ladder20r + VPW3 100/0,floor,100.0,0.874,0.126,0.0,0.0,0.0,0.0,0.227,1.765,0.0491,0.0827,0.0647,0.131,0.328,3.0,10.516,0.0,0.0,0.0,0.0499,0.1078
TW1983,65,0.35,0.01,0.7,0.007,S2 ladder15r + VPW3 80/20,floor,100.0,0.903,0.097,0.0,0.0,0.0,0.0,0.23,1.704,0.0521,0.0787,0.0673,0.114,0.263,2.0,8.176,0.0,0.0,0.0,0.0527,0.0946
TW1983,65,0.35,0.01,0.7,0.007,S2 ladder15r(0%) + VPW3 100/0,floor,100.0,0.895,0.105,0.0,0.0,0.0,0.0,0.231,1.771,0.0493,0.0834,0.0648,0.133,0.334,3.0,10.773,0.0,0.0,0.0,0.0498,0.1091
TW1983,65,0.35,0.01,0.7,0.007,S3 ann80n load10 + VPW3 100/0,floor,100.0,0.948,0.0,0.052,0.0,0.0,0.0,0.213,1.796,0.0465,0.084,0.0626,0.141,0.345,3.0,11.406,0.0,0.0,0.0,0.0518,0.1146
TW1983,65,0.35,0.01,0.7,0.007,S3 ann80n load20 + VPW3 100/0,floor,100.0,0.943,0.0,0.057,0.0,0.0,0.0,0.212,1.788,0.0463,0.0837,0.0624,0.141,0.345,3.0,11.349,0.0,0.0,0.0,0.0516,0.1141
TW1983,65,0.35,0.01,0.7,0.007,S3 ann80n load30 + VPW3 100/0,floor,100.0,0.938,0.0,0.062,0.0,0.0,0.0,0.211,1.78,0.0461,0.0833,0.0621,0.141,0.344,3.0,11.291,0.0,0.0,0.0,0.0514,0.1135
TW1983,65,0.35,0.01,0.7,0.007,S3 ann85n load20 + VPW3 100/0,floor,100.0,0.966,0.0,0.034,0.0,0.0,0.0,0.216,1.805,0.0467,0.0848,0.063,0.142,0.349,3.0,11.629,0.0,0.0,0.0,0.0518,0.1157
TW1983,65,0.35,0.01,0.7,0.007,S3 ann80r load20 + VPW3 100/0 (假設性),floor,100.0,0.933,0.0,0.067,0.0,0.0,0.0,0.21,1.786,0.0461,0.0832,0.0622,0.141,0.341,3.0,11.228,0.0,0.0,0.0,0.0523,0.1139
TW1983,65,0.35,0.01,0.7,0.007,S4 ladder15r + ann85n + VPW3 100/0,floor,100.0,0.869,0.097,0.034,0.0,0.0,0.0,0.226,1.747,0.0488,0.082,0.0646,0.132,0.33,3.0,10.46,0.0,0.0,0.0,0.0506,0.1083
TW1983,65,0.35,0.025,1.0,0.025,VPW3 60/40,dynamic,100.0,1.0,0.0,0.0,0.0,0.0,0.0,0.29,2.06,0.0697,0.0923,0.0865,0.086,0.174,0.0,6.431,0.0,0.0,0.0,0.0719,0.1055
TW1983,65,0.35,0.025,1.0,0.025,VPW3 80/20,dynamic,100.0,1.0,0.0,0.0,0.0,0.0,0.0,0.292,2.168,0.0682,0.0985,0.0878,0.099,0.225,1.0,9.054,0.0,0.0,0.0,0.072,0.1183
TW1983,65,0.35,0.025,1.0,0.025,GK 60/40,dynamic,100.0,1.0,0.0,0.0,0.0,0.0,0.0,0.16,0.976,0.0399,0.0444,0.0439,0.021,0.032,0.0,19.295,0.0,0.0,0.0,0.0433,0.0457
TW1983,65,0.35,0.025,1.0,0.025,GK 80/20,dynamic,100.0,1.0,0.0,0.0,0.0,0.0,0.0,0.16,0.977,0.0397,0.0446,0.044,0.022,0.035,0.0,27.211,0.0,0.0,0.0,0.0427,0.0459
TW1983,65,0.35,0.025,1.0,0.025,FIX 60/40,fixed,100.0,1.0,0.0,0.0,0.0,0.0,0.0,0.16,0.88,0.0399,0.04,0.04,0.012,0.029,0.0,20.017,0.0,0.0,0.0,0.0399,0.04
TW1983,65,0.35,0.025,1.0,0.025,S1 VPW3 100/0,floor,100.0,1.0,0.0,0.0,0.0,0.0,0.0,0.296,2.261,0.0657,0.1046,0.087,0.116,0.297,2.0,12.037,0.0,0.0,0.0,0.0694,0.1354
TW1983,65,0.35,0.025,1.0,0.025,S2 ladder10r + VPW3 100/0,floor,100.0,1.0,0.0,0.0,0.0,0.0,0.0,0.296,2.261,0.0657,0.1046,0.087,0.116,0.297,2.0,12.037,0.0,0.0,0.0,0.0694,0.1354
TW1983,65,0.35,0.025,1.0,0.025,S2 ladder15r + VPW3 100/0,floor,100.0,1.0,0.0,0.0,0.0,0.0,0.0,0.296,2.261,0.0657,0.1046,0.087,0.116,0.297,2.0,12.037,0.0,0.0,0.0,0.0694,0.1354
TW1983,65,0.35,0.025,1.0,0.025,S2 ladder20r + VPW3 100/0,floor,100.0,1.0,0.0,0.0,0.0,0.0,0.0,0.296,2.261,0.0657,0.1046,0.087,0.116,0.297,2.0,12.037,0.0,0.0,0.0,0.0694,0.1354
TW1983,65,0.35,0.025,1.0,0.025,S2 ladder15r + VPW3 80/20,floor,100.0,1.0,0.0,0.0,0.0,0.0,0.0,0.292,2.168,0.0682,0.0985,0.0878,0.099,0.225,1.0,9.054,0.0,0.0,0.0,0.072,0.1183
TW1983,65,0.35,0.025,1.0,0.025,S2 ladder15r(0%) + VPW3 100/0,floor,100.0,1.0,0.0,0.0,0.0,0.0,0.0,0.296,2.261,0.0657,0.1046,0.087,0.116,0.297,2.0,12.037,0.0,0.0,0.0,0.0694,0.1354
TW1983,65,0.35,0.025,1.0,0.025,S3 ann80n load10 + VPW3 100/0,floor,100.0,0.895,0.0,0.105,0.0,0.0,0.0,0.275,2.17,0.063,0.0989,0.083,0.113,0.278,2.0,10.775,0.0,0.0,0.0,0.0701,0.1294
TW1983,65,0.35,0.025,1.0,0.025,S3 ann80n load20 + VPW3 100/0,floor,100.0,0.886,0.0,0.114,0.0,0.0,0.0,0.273,2.154,0.0626,0.0981,0.0825,0.112,0.277,2.0,10.66,0.0,0.0,0.0,0.0697,0.1284
TW1983,65,0.35,0.025,1.0,0.025,S3 ann80n load30 + VPW3 100/0,floor,100.0,0.876,0.0,0.124,0.0,0.0,0.0,0.271,2.137,0.0622,0.0973,0.0819,0.112,0.276,2.0,10.545,0.0,0.0,0.0,0.0693,0.1273
TW1983,65,0.35,0.025,1.0,0.025,S3 ann85n load20 + VPW3 100/0,floor,100.0,0.932,0.0,0.068,0.0,0.0,0.0,0.282,2.183,0.0636,0.1004,0.0842,0.114,0.286,2.0,11.221,0.0,0.0,0.0,0.0702,0.1317
TW1983,65,0.35,0.025,1.0,0.025,S3 ann80r load20 + VPW3 100/0 (假設性),floor,100.0,0.866,0.0,0.134,0.0,0.0,0.0,0.269,2.153,0.0623,0.0975,0.0818,0.112,0.272,2.0,10.418,0.0,0.0,0.0,0.0712,0.1282
TW1983,65,0.35,0.025,1.0,0.025,S4 ladder15r + ann85n + VPW3 100/0,floor,100.0,0.932,0.0,0.068,0.0,0.0,0.0,0.282,2.183,0.0636,0.1004,0.0842,0.114,0.286,2.0,11.221,0.0,0.0,0.0,0.0702,0.1317
TW1983,65,0.35,0.025,0.7,0.0175,VPW3 60/40,dynamic,100.0,1.0,0.0,0.0,0.0,0.0,0.0,0.261,1.887,0.0622,0.0848,0.0781,0.094,0.189,0.0,6.431,0.0,0.0,0.0,0.0644,0.0981
TW1983,65,0.35,0.025,0.7,0.0175,VPW3 80/20,dynamic,100.0,1.0,0.0,0.0,0.0,0.0,0.0,0.263,1.993,0.0607,0.0911,0.0791,0.107,0.244,1.0,9.054,0.0,0.0,0.0,0.0645,0.1109
TW1983,65,0.35,0.025,0.7,0.0175,GK 60/40,dynamic,100.0,1.0,0.0,0.0,0.0,0.0,0.0,0.16,1.009,0.0399,0.0461,0.045,0.025,0.021,0.0,17.16,0.0,0.0,0.0,0.0437,0.0482
TW1983,65,0.35,0.025,0.7,0.0175,GK 80/20,dynamic,100.0,1.0,0.0,0.0,0.0,0.0,0.0,0.16,1.012,0.0392,0.0466,0.0451,0.026,0.023,0.0,24.434,0.0,0.0,0.0,0.0429,0.0487
TW1983,65,0.35,0.025,0.7,0.0175,FIX 60/40,fixed,100.0,1.0,0.0,0.0,0.0,0.0,0.0,0.16,0.88,0.0399,0.04,0.04,0.009,0.021,0.0,18.149,0.0,0.0,0.0,0.0399,0.04
TW1983,65,0.35,0.025,0.7,0.0175,S1 VPW3 100/0,floor,100.0,1.0,0.0,0.0,0.0,0.0,0.0,0.266,2.084,0.0583,0.0972,0.0778,0.126,0.318,3.0,12.037,0.0,0.0,0.0,0.0619,0.1279
TW1983,65,0.35,0.025,0.7,0.0175,S2 ladder10r + VPW3 100/0,floor,100.0,1.0,0.0,0.0,0.0,0.0,0.0,0.266,2.084,0.0583,0.0972,0.0778,0.126,0.318,3.0,12.037,0.0,0.0,0.0,0.0619,0.1279
TW1983,65,0.35,0.025,0.7,0.0175,S2 ladder15r + VPW3 100/0,floor,100.0,1.0,0.0,0.0,0.0,0.0,0.0,0.266,2.084,0.0583,0.0972,0.0778,0.126,0.318,3.0,12.037,0.0,0.0,0.0,0.0619,0.1279
TW1983,65,0.35,0.025,0.7,0.0175,S2 ladder20r + VPW3 100/0,floor,100.0,1.0,0.0,0.0,0.0,0.0,0.0,0.266,2.084,0.0583,0.0972,0.0778,0.126,0.318,3.0,12.037,0.0,0.0,0.0,0.0619,0.1279
TW1983,65,0.35,0.025,0.7,0.0175,S2 ladder15r + VPW3 80/20,floor,100.0,1.0,0.0,0.0,0.0,0.0,0.0,0.263,1.993,0.0607,0.0911,0.0791,0.107,0.244,1.0,9.054,0.0,0.0,0.0,0.0645,0.1109
TW1983,65,0.35,0.025,0.7,0.0175,S2 ladder15r(0%) + VPW3 100/0,floor,100.0,1.0,0.0,0.0,0.0,0.0,0.0,0.266,2.084,0.0583,0.0972,0.0778,0.126,0.318,3.0,12.037,0.0,0.0,0.0,0.0619,0.1279
TW1983,65,0.35,0.025,0.7,0.0175,S3 ann80n load10 + VPW3 100/0,floor,100.0,0.895,0.0,0.105,0.0,0.0,0.0,0.245,1.999,0.0555,0.0914,0.074,0.123,0.3,2.0,10.775,0.0,0.0,0.0,0.0627,0.122
TW1983,65,0.35,0.025,0.7,0.0175,S3 ann80n load20 + VPW3 100/0,floor,100.0,0.886,0.0,0.114,0.0,0.0,0.0,0.243,1.982,0.0551,0.0907,0.0734,0.123,0.299,2.0,10.66,0.0,0.0,0.0,0.0622,0.1209
TW1983,65,0.35,0.025,0.7,0.0175,S3 ann80n load30 + VPW3 100/0,floor,100.0,0.876,0.0,0.124,0.0,0.0,0.0,0.242,1.965,0.0547,0.0899,0.0729,0.122,0.299,2.0,10.545,0.0,0.0,0.0,0.0618,0.1199
TW1983,65,0.35,0.025,0.7,0.0175,S3 ann85n load20 + VPW3 100/0,floor,100.0,0.932,0.0,0.068,0.0,0.0,0.0,0.253,2.01,0.0562,0.0929,0.0751,0.124,0.309,3.0,11.221,0.0,0.0,0.0,0.0627,0.1243
TW1983,65,0.35,0.025,0.7,0.0175,S3 ann80r load20 + VPW3 100/0 (假設性),floor,100.0,0.866,0.0,0.134,0.0,0.0,0.0,0.24,1.977,0.0549,0.0901,0.0727,0.123,0.294,2.0,10.418,0.0,0.0,0.0,0.0637,0.1207
TW1983,65,0.35,0.025,0.7,0.0175,S4 ladder15r + ann85n + VPW3 100/0,floor,100.0,0.932,0.0,0.068,0.0,0.0,0.0,0.253,2.01,0.0562,0.0929,0.0751,0.124,0.309,3.0,11.221,0.0,0.0,0.0,0.0627,0.1243
TW1983,65,0.5,0.0,1.0,0.0,VPW3 60/40,dynamic,100.0,1.0,0.0,0.0,0.0,0.0,0.0,0.191,1.485,0.0449,0.0675,0.0579,0.118,0.236,1.0,6.431,0.0,0.0,0.0,0.0471,0.0808
TW1983,65,0.5,0.0,1.0,0.0,VPW3 80/20,dynamic,100.0,1.0,0.0,0.0,0.0,0.0,0.0,0.193,1.596,0.0434,0.0737,0.0577,0.135,0.308,2.0,9.054,0.0,0.0,0.0,0.047,0.0935
TW1983,65,0.5,0.0,1.0,0.0,GK 60/40,dynamic,100.0,1.0,0.0,0.0,0.0,0.0,0.0,0.16,1.019,0.0367,0.0474,0.0444,0.037,0.0,0.0,12.495,0.0,0.0,0.0,0.0382,0.0524
TW1983,65,0.5,0.0,1.0,0.0,GK 80/20,dynamic,100.0,1.0,0.0,0.0,0.0,0.0,0.0,0.16,1.037,0.0354,0.0491,0.0442,0.04,0.0,0.0,18.189,0.0,0.0,0.0,0.0371,0.0537
TW1983,65,0.5,0.0,1.0,0.0,FIX 60/40,fixed,100.0,1.0,0.0,0.0,0.06,0.05,0.02,0.16,0.88,0.04,0.04,0.0115,0.0,0.0,0.0,13.71,0.0,0.39,0.39,0.04,0.04
TW1983,65,0.5,0.0,1.0,0.0,S1 VPW3 100/0,floor,100.0,1.0,0.0,0.0,0.02,0.02,0.01,0.195,1.686,0.0409,0.0799,0.0201,0.158,0.379,4.0,12.036,0.0,0.13,0.13,0.0444,0.1106
TW1983,65,0.5,0.0,1.0,0.0,S2 ladder10r + VPW3 100/0,floor,100.0,0.811,0.189,0.0,0.08,0.07,0.02,0.24,1.567,0.0452,0.0757,0.0131,0.147,0.397,4.0,9.757,0.0,0.39,0.39,0.042,0.0956
TW1983,65,0.5,0.0,1.0,0.0,S2 ladder15r + VPW3 100/0,floor,100.0,0.723,0.277,0.0,0.09,0.07,0.03,0.223,1.515,0.0455,0.0726,0.0121,0.134,0.345,3.0,8.699,0.0,0.39,0.39,0.0412,0.0888
TW1983,65,0.5,0.0,1.0,0.0,S2 ladder20r + VPW3 100/0,floor,100.0,0.639,0.361,0.0,0.05,0.05,0.04,0.206,1.458,0.0441,0.0685,0.0122,0.122,0.304,2.0,7.693,0.0,0.39,0.39,0.0404,0.0825
TW1983,65,0.5,0.0,1.0,0.0,S2 ladder15r + VPW3 80/20,floor,100.0,0.723,0.277,0.0,0.01,0.01,0.01,0.22,1.452,0.0474,0.0683,0.0228,0.118,0.319,2.0,6.544,0.0,0.13,0.13,0.043,0.0766
TW1983,65,0.5,0.0,1.0,0.0,S2 ladder15r(0%) + VPW3 100/0,floor,100.0,0.7,0.3,0.0,0.09,0.09,0.04,0.218,1.477,0.0445,0.0708,0.0112,0.133,0.345,3.0,8.426,0.0,0.39,0.39,0.0402,0.0863
TW1983,65,0.5,0.0,1.0,0.0,S3 ann80n load10 + VPW3 100/0,floor,100.0,0.85,0.0,0.15,0.01,0.01,0.01,0.165,1.551,0.037,0.0717,0.0443,0.159,0.36,3.0,10.229,0.0,0.0,0.0,0.0458,0.1022
TW1983,65,0.5,0.0,1.0,0.0,S3 ann80n load20 + VPW3 100/0,floor,100.0,0.837,0.0,0.163,0.01,0.01,0.01,0.163,1.529,0.0364,0.0707,0.0275,0.159,0.36,3.0,10.065,0.0,0.0,0.0,0.0452,0.1007
TW1983,65,0.5,0.0,1.0,0.0,S3 ann80n load30 + VPW3 100/0,floor,100.0,0.823,0.0,0.177,0.01,0.01,0.01,0.16,1.505,0.0358,0.0696,0.0275,0.159,0.36,3.0,9.901,0.0,0.0,0.0,0.0446,0.0991
TW1983,65,0.5,0.0,1.0,0.0,S3 ann85n load20 + VPW3 100/0,floor,100.0,0.903,0.0,0.097,0.01,0.01,0.01,0.176,1.576,0.0379,0.0738,0.0183,0.158,0.366,4.0,10.865,0.0,0.0,0.0,0.0457,0.1055
TW1983,65,0.5,0.0,1.0,0.0,S3 ann80r load20 + VPW3 100/0 (假設性),floor,100.0,0.808,0.0,0.192,0.01,0.01,0.0,0.157,1.526,0.0357,0.0698,0.0274,0.16,0.355,3.0,9.716,0.0,0.0,0.0,0.047,0.1004
TW1983,65,0.5,0.0,1.0,0.0,S4 ladder15r + ann85n + VPW3 100/0,floor,100.0,0.626,0.277,0.097,0.01,0.01,0.0,0.203,1.409,0.043,0.0663,0.0538,0.134,0.336,3.0,7.533,0.0,0.0,0.0,0.0424,0.0838
TW1983,65,0.5,0.01,1.0,0.01,VPW3 60/40,dynamic,100.0,1.0,0.0,0.0,0.0,0.0,0.0,0.231,1.712,0.0548,0.0774,0.0696,0.103,0.206,1.0,6.431,0.0,0.0,0.0,0.057,0.0907
TW1983,65,0.5,0.01,1.0,0.01,VPW3 80/20,dynamic,100.0,1.0,0.0,0.0,0.0,0.0,0.0,0.233,1.823,0.0533,0.0836,0.0701,0.117,0.268,2.0,9.054,0.0,0.0,0.0,0.057,0.1034
TW1983,65,0.5,0.01,1.0,0.01,GK 60/40,dynamic,100.0,1.0,0.0,0.0,0.0,0.0,0.0,0.16,1.029,0.0391,0.0472,0.0454,0.03,0.012,0.0,15.052,0.0,0.0,0.0,0.0426,0.0504
TW1983,65,0.5,0.01,1.0,0.01,GK 80/20,dynamic,100.0,1.0,0.0,0.0,0.0,0.0,0.0,0.16,1.038,0.0381,0.0481,0.0454,0.032,0.013,0.0,21.699,0.0,0.0,0.0,0.0415,0.0511
TW1983,65,0.5,0.01,1.0,0.01,FIX 60/40,fixed,100.0,1.0,0.0,0.0,0.0,0.0,0.0,0.16,0.88,0.0399,0.04,0.04,0.005,0.012,0.0,16.248,0.0,0.0,0.0,0.04,0.04
TW1983,65,0.5,0.01,1.0,0.01,S1 VPW3 100/0,floor,100.0,1.0,0.0,0.0,0.0,0.0,0.0,0.234,1.912,0.0509,0.0898,0.0681,0.138,0.342,3.0,12.037,0.0,0.0,0.0,0.0544,0.1205
TW1983,65,0.5,0.01,1.0,0.01,S2 ladder10r + VPW3 100/0,floor,100.0,0.905,0.095,0.0,0.0,0.0,0.0,0.258,1.85,0.0536,0.0874,0.0696,0.13,0.337,3.0,10.897,0.0,0.0,0.0,0.0531,0.1131
TW1983,65,0.5,0.01,1.0,0.01,S2 ladder15r + VPW3 100/0,floor,100.0,0.861,0.139,0.0,0.0,0.0,0.0,0.249,1.827,0.0534,0.086,0.0694,0.125,0.317,3.0,10.368,0.0,0.0,0.0,0.0526,0.1097
TW1983,65,0.5,0.01,1.0,0.01,S2 ladder20r + VPW3 100/0,floor,100.0,0.82,0.18,0.0,0.0,0.0,0.0,0.241,1.799,0.0527,0.084,0.0686,0.121,0.305,3.0,9.865,0.0,0.0,0.0,0.0523,0.1065
TW1983,65,0.5,0.01,1.0,0.01,S2 ladder15r + VPW3 80/20,floor,100.0,0.861,0.139,0.0,0.0,0.0,0.0,0.246,1.751,0.0557,0.0809,0.0709,0.107,0.253,1.0,7.799,0.0,0.0,0.0,0.0551,0.095
TW1983,65,0.5,0.01,1.0,0.01,S2 ladder15r(0%) + VPW3 100/0,floor,100.0,0.85,0.15,0.0,0.0,0.0,0.0,0.247,1.808,0.0529,0.0851,0.0688,0.124,0.316,3.0,10.231,0.0,0.0,0.0,0.0521,0.1084
TW1983,65,0.5,0.01,1.0,0.01,S3 ann80n load10 + VPW3 100/0,floor,100.0,0.925,0.0,0.075,0.0,0.0,0.0,0.219,1.849,0.0488,0.0857,0.0658,0.135,0.331,3.0,11.135,0.0,0.0,0.0,0.055,0.1163
TW1983,65,0.5,0.01,1.0,0.01,S3 ann80n load20 + VPW3 100/0,floor,100.0,0.918,0.0,0.082,0.0,0.0,0.0,0.218,1.838,0.0486,0.0852,0.0654,0.135,0.331,3.0,11.053,0.0,0.0,0.0,0.0547,0.1155
TW1983,65,0.5,0.01,1.0,0.01,S3 ann80n load30 + VPW3 100/0,floor,100.0,0.911,0.0,0.089,0.0,0.0,0.0,0.217,1.827,0.0483,0.0846,0.065,0.135,0.33,3.0,10.972,0.0,0.0,0.0,0.0544,0.1148
TW1983,65,0.5,0.01,1.0,0.01,S3 ann85n load20 + VPW3 100/0,floor,100.0,0.952,0.0,0.048,0.0,0.0,0.0,0.224,1.858,0.0493,0.0868,0.0664,0.136,0.336,3.0,11.454,0.0,0.0,0.0,0.055,0.1179
TW1983,65,0.5,0.01,1.0,0.01,S3 ann80r load20 + VPW3 100/0 (假設性),floor,100.0,0.904,0.0,0.096,0.0,0.0,0.0,0.215,1.836,0.0484,0.0847,0.065,0.135,0.327,3.0,10.881,0.0,0.0,0.0,0.0557,0.1153
TW1983,65,0.5,0.01,1.0,0.01,S4 ladder15r + ann85n + VPW3 100/0,floor,100.0,0.813,0.139,0.048,0.0,0.0,0.0,0.24,1.776,0.052,0.0829,0.0683,0.123,0.31,3.0,9.785,0.0,0.0,0.0,0.0533,0.1072
TW1983,65,0.5,0.01,0.7,0.007,VPW3 60/40,dynamic,100.0,1.0,0.0,0.0,0.0,0.0,0.0,0.219,1.645,0.0518,0.0744,0.0662,0.107,0.214,1.0,6.431,0.0,0.0,0.0,0.054,0.0878
TW1983,65,0.5,0.01,0.7,0.007,VPW3 80/20,dynamic,100.0,1.0,0.0,0.0,0.0,0.0,0.0,0.221,1.755,0.0503,0.0807,0.0664,0.122,0.279,2.0,9.054,0.0,0.0,0.0,0.054,0.1005
TW1983,65,0.5,0.01,0.7,0.007,GK 60/40,dynamic,100.0,1.0,0.0,0.0,0.0,0.0,0.0,0.16,1.028,0.0385,0.0475,0.0453,0.032,0.008,0.0,14.265,0.0,0.0,0.0,0.0417,0.0511
TW1983,65,0.5,0.01,0.7,0.007,GK 80/20,dynamic,100.0,1.0,0.0,0.0,0.0,0.0,0.0,0.16,1.038,0.0374,0.0486,0.0453,0.034,0.009,0.0,20.654,0.0,0.0,0.0,0.0406,0.0519
TW1983,65,0.5,0.01,0.7,0.007,FIX 60/40,fixed,100.0,1.0,0.0,0.0,0.02,0.01,0.01,0.16,0.88,0.04,0.04,0.04,0.003,0.008,0.0,15.518,0.0,0.13,0.13,0.04,0.04
TW1983,65,0.5,0.01,0.7,0.007,S1 VPW3 100/0,floor,100.0,1.0,0.0,0.0,0.0,0.0,0.0,0.223,1.843,0.0479,0.0868,0.0642,0.143,0.353,3.0,12.037,0.0,0.0,0.0,0.0514,0.1175
TW1983,65,0.5,0.01,0.7,0.007,S2 ladder10r + VPW3 100/0,floor,100.0,0.877,0.123,0.0,0.0,0.0,0.0,0.252,1.765,0.0512,0.0838,0.0656,0.134,0.353,4.0,10.555,0.0,0.0,0.0,0.0498,0.1078
TW1983,65,0.5,0.01,0.7,0.007,S2 ladder15r + VPW3 100/0,floor,100.0,0.82,0.18,0.0,0.0,0.0,0.0,0.241,1.734,0.0509,0.0819,0.0655,0.127,0.322,3.0,9.867,0.0,0.0,0.0,0.0492,0.1034
TW1983,65,0.5,0.01,0.7,0.007,S2 ladder20r + VPW3 100/0,floor,100.0,0.765,0.235,0.0,0.0,0.0,0.0,0.23,1.698,0.0501,0.0793,0.0645,0.121,0.304,3.0,9.213,0.0,0.0,0.0,0.0488,0.0993
TW1983,65,0.5,0.01,0.7,0.007,S2 ladder15r + VPW3 80/20,floor,100.0,0.82,0.18,0.0,0.0,0.0,0.0,0.238,1.661,0.0534,0.0771,0.0671,0.11,0.265,2.0,7.422,0.0,0.0,0.0,0.0515,0.0895
TW1983,65,0.5,0.01,0.7,0.007,S2 ladder15r(0%) + VPW3 100/0,floor,100.0,0.805,0.195,0.0,0.0,0.0,0.0,0.238,1.709,0.0503,0.0807,0.0646,0.126,0.321,3.0,9.69,0.0,0.0,0.0,0.0485,0.1018
TW1983,65,0.5,0.01,0.7,0.007,S3 ann80n load10 + VPW3 100/0,floor,100.0,0.903,0.0,0.097,0.0,0.0,0.0,0.204,1.76,0.0453,0.0814,0.061,0.141,0.338,3.0,10.865,0.0,0.0,0.0,0.0522,0.112
TW1983,65,0.5,0.01,0.7,0.007,S3 ann80n load20 + VPW3 100/0,floor,100.0,0.894,0.0,0.106,0.0,0.0,0.0,0.202,1.745,0.045,0.0807,0.0605,0.141,0.338,3.0,10.758,0.0,0.0,0.0,0.0518,0.111
TW1983,65,0.5,0.01,0.7,0.007,S3 ann80n load30 + VPW3 100/0,floor,100.0,0.885,0.0,0.115,0.0,0.0,0.0,0.201,1.731,0.0446,0.08,0.06,0.141,0.337,3.0,10.652,0.0,0.0,0.0,0.0514,0.1101
TW1983,65,0.5,0.01,0.7,0.007,S3 ann85n load20 + VPW3 100/0,floor,100.0,0.937,0.0,0.063,0.0,0.0,0.0,0.211,1.773,0.0458,0.0829,0.0619,0.142,0.345,3.0,11.279,0.0,0.0,0.0,0.0522,0.1142
TW1983,65,0.5,0.01,0.7,0.007,S3 ann80r load20 + VPW3 100/0 (假設性),floor,100.0,0.875,0.0,0.125,0.0,0.0,0.0,0.199,1.744,0.0448,0.0801,0.0599,0.141,0.333,3.0,10.534,0.0,0.0,0.0,0.0531,0.1108
TW1983,65,0.5,0.01,0.7,0.007,S4 ladder15r + ann85n + VPW3 100/0,floor,100.0,0.757,0.18,0.063,0.0,0.0,0.0,0.229,1.666,0.0494,0.0779,0.0642,0.125,0.313,3.0,9.109,0.0,0.0,0.0,0.05,0.1002
TW1983,65,0.5,0.025,1.0,0.025,VPW3 60/40,dynamic,100.0,1.0,0.0,0.0,0.0,0.0,0.0,0.29,2.06,0.0697,0.0923,0.0865,0.086,0.174,0.0,6.431,0.0,0.0,0.0,0.0719,0.1055
TW1983,65,0.5,0.025,1.0,0.025,VPW3 80/20,dynamic,100.0,1.0,0.0,0.0,0.0,0.0,0.0,0.292,2.168,0.0682,0.0985,0.0878,0.099,0.225,1.0,9.054,0.0,0.0,0.0,0.072,0.1183
TW1983,65,0.5,0.025,1.0,0.025,GK 60/40,dynamic,100.0,1.0,0.0,0.0,0.0,0.0,0.0,0.16,0.976,0.0399,0.0444,0.0439,0.021,0.032,0.0,19.295,0.0,0.0,0.0,0.0433,0.0457
TW1983,65,0.5,0.025,1.0,0.025,GK 80/20,dynamic,100.0,1.0,0.0,0.0,0.0,0.0,0.0,0.16,0.977,0.0397,0.0446,0.044,0.022,0.035,0.0,27.211,0.0,0.0,0.0,0.0427,0.0459
TW1983,65,0.5,0.025,1.0,0.025,FIX 60/40,fixed,100.0,1.0,0.0,0.0,0.0,0.0,0.0,0.16,0.88,0.0399,0.04,0.04,0.012,0.029,0.0,20.017,0.0,0.0,0.0,0.0399,0.04
TW1983,65,0.5,0.025,1.0,0.025,S1 VPW3 100/0,floor,100.0,1.0,0.0,0.0,0.0,0.0,0.0,0.296,2.261,0.0657,0.1046,0.087,0.116,0.297,2.0,12.037,0.0,0.0,0.0,0.0694,0.1354
TW1983,65,0.5,0.025,1.0,0.025,S2 ladder10r + VPW3 100/0,floor,100.0,1.0,0.0,0.0,0.0,0.0,0.0,0.296,2.261,0.0657,0.1046,0.087,0.116,0.297,2.0,12.037,0.0,0.0,0.0,0.0694,0.1354
TW1983,65,0.5,0.025,1.0,0.025,S2 ladder15r + VPW3 100/0,floor,100.0,1.0,0.0,0.0,0.0,0.0,0.0,0.296,2.261,0.0657,0.1046,0.087,0.116,0.297,2.0,12.037,0.0,0.0,0.0,0.0694,0.1354
TW1983,65,0.5,0.025,1.0,0.025,S2 ladder20r + VPW3 100/0,floor,100.0,1.0,0.0,0.0,0.0,0.0,0.0,0.296,2.261,0.0657,0.1046,0.087,0.116,0.297,2.0,12.037,0.0,0.0,0.0,0.0694,0.1354
TW1983,65,0.5,0.025,1.0,0.025,S2 ladder15r + VPW3 80/20,floor,100.0,1.0,0.0,0.0,0.0,0.0,0.0,0.292,2.168,0.0682,0.0985,0.0878,0.099,0.225,1.0,9.054,0.0,0.0,0.0,0.072,0.1183
TW1983,65,0.5,0.025,1.0,0.025,S2 ladder15r(0%) + VPW3 100/0,floor,100.0,1.0,0.0,0.0,0.0,0.0,0.0,0.296,2.261,0.0657,0.1046,0.087,0.116,0.297,2.0,12.037,0.0,0.0,0.0,0.0694,0.1354
TW1983,65,0.5,0.025,1.0,0.025,S3 ann80n load10 + VPW3 100/0,floor,100.0,0.85,0.0,0.15,0.0,0.0,0.0,0.266,2.133,0.0618,0.0965,0.081,0.113,0.27,2.0,10.234,0.0,0.0,0.0,0.0705,0.1269
TW1983,65,0.5,0.025,1.0,0.025,S3 ann80n load20 + VPW3 100/0,floor,100.0,0.837,0.0,0.163,0.0,0.0,0.0,0.264,2.109,0.0613,0.0954,0.0802,0.113,0.269,2.0,10.07,0.0,0.0,0.0,0.0699,0.1254
TW1983,65,0.5,0.025,1.0,0.025,S3 ann80n load30 + VPW3 100/0,floor,100.0,0.823,0.0,0.177,0.0,0.0,0.0,0.261,2.086,0.0607,0.0943,0.0794,0.112,0.268,2.0,9.906,0.0,0.0,0.0,0.0692,0.1239
TW1983,65,0.5,0.025,1.0,0.025,S3 ann85n load20 + VPW3 100/0,floor,100.0,0.903,0.0,0.097,0.0,0.0,0.0,0.277,2.151,0.0627,0.0985,0.0828,0.114,0.282,2.0,10.871,0.0,0.0,0.0,0.0706,0.1302
TW1983,65,0.5,0.025,1.0,0.025,S3 ann80r load20 + VPW3 100/0 (假設性),floor,100.0,0.808,0.0,0.192,0.0,0.0,0.0,0.258,2.102,0.0604,0.0946,0.0791,0.114,0.262,2.0,9.725,0.0,0.0,0.0,0.072,0.1252
TW1983,65,0.5,0.025,1.0,0.025,S4 ladder15r + ann85n + VPW3 100/0,floor,100.0,0.903,0.0,0.097,0.0,0.0,0.0,0.277,2.151,0.0627,0.0985,0.0828,0.114,0.282,2.0,10.871,0.0,0.0,0.0,0.0706,0.1302
TW1983,65,0.5,0.025,0.7,0.0175,VPW3 60/40,dynamic,100.0,1.0,0.0,0.0,0.0,0.0,0.0,0.261,1.887,0.0622,0.0848,0.0781,0.094,0.189,0.0,6.431,0.0,0.0,0.0,0.0644,0.0981
TW1983,65,0.5,0.025,0.7,0.0175,VPW3 80/20,dynamic,100.0,1.0,0.0,0.0,0.0,0.0,0.0,0.263,1.993,0.0607,0.0911,0.0791,0.107,0.244,1.0,9.054,0.0,0.0,0.0,0.0645,0.1109
TW1983,65,0.5,0.025,0.7,0.0175,GK 60/40,dynamic,100.0,1.0,0.0,0.0,0.0,0.0,0.0,0.16,1.009,0.0399,0.0461,0.045,0.025,0.021,0.0,17.16,0.0,0.0,0.0,0.0437,0.0482
TW1983,65,0.5,0.025,0.7,0.0175,GK 80/20,dynamic,100.0,1.0,0.0,0.0,0.0,0.0,0.0,0.16,1.012,0.0392,0.0466,0.0451,0.026,0.023,0.0,24.434,0.0,0.0,0.0,0.0429,0.0487
TW1983,65,0.5,0.025,0.7,0.0175,FIX 60/40,fixed,100.0,1.0,0.0,0.0,0.0,0.0,0.0,0.16,0.88,0.0399,0.04,0.04,0.009,0.021,0.0,18.149,0.0,0.0,0.0,0.0399,0.04
TW1983,65,0.5,0.025,0.7,0.0175,S1 VPW3 100/0,floor,100.0,1.0,0.0,0.0,0.0,0.0,0.0,0.266,2.084,0.0583,0.0972,0.0778,0.126,0.318,3.0,12.037,0.0,0.0,0.0,0.0619,0.1279
TW1983,65,0.5,0.025,0.7,0.0175,S2 ladder10r + VPW3 100/0,floor,100.0,0.976,0.024,0.0,0.0,0.0,0.0,0.271,2.069,0.059,0.0966,0.0783,0.123,0.315,3.0,11.752,0.0,0.0,0.0,0.0616,0.1261
TW1983,65,0.5,0.025,0.7,0.0175,S2 ladder15r + VPW3 100/0,floor,100.0,0.965,0.035,0.0,0.0,0.0,0.0,0.269,2.063,0.059,0.0962,0.0782,0.123,0.311,3.0,11.62,0.0,0.0,0.0,0.0614,0.1252
TW1983,65,0.5,0.025,0.7,0.0175,S2 ladder20r + VPW3 100/0,floor,100.0,0.955,0.045,0.0,0.0,0.0,0.0,0.267,2.058,0.0588,0.0957,0.078,0.122,0.309,3.0,11.494,0.0,0.0,0.0,0.0613,0.1245
TW1983,65,0.5,0.025,0.7,0.0175,S2 ladder15r + VPW3 80/20,floor,100.0,0.965,0.035,0.0,0.0,0.0,0.0,0.266,1.975,0.0614,0.0904,0.0794,0.105,0.239,1.0,8.741,0.0,0.0,0.0,0.064,0.1088
TW1983,65,0.5,0.025,0.7,0.0175,S2 ladder15r(0%) + VPW3 100/0,floor,100.0,0.962,0.038,0.0,0.0,0.0,0.0,0.269,2.059,0.0589,0.096,0.0781,0.122,0.311,3.0,11.586,0.0,0.0,0.0,0.0613,0.1249
TW1983,65,0.5,0.025,0.7,0.0175,S3 ann80n load10 + VPW3 100/0,floor,100.0,0.981,0.0,0.019,0.0,0.0,0.0,0.262,2.07,0.0577,0.0962,0.0772,0.125,0.315,3.0,11.812,0.0,0.0,0.0,0.062,0.1269
TW1983,65,0.5,0.025,0.7,0.0175,S3 ann80n load20 + VPW3 100/0,floor,100.0,0.98,0.0,0.02,0.0,0.0,0.0,0.262,2.067,0.0576,0.0961,0.0771,0.125,0.315,3.0,11.791,0.0,0.0,0.0,0.0619,0.1267
TW1983,65,0.5,0.025,0.7,0.0175,S3 ann80n load30 + VPW3 100/0,floor,100.0,0.978,0.0,0.022,0.0,0.0,0.0,0.262,2.064,0.0575,0.096,0.077,0.125,0.315,3.0,11.771,0.0,0.0,0.0,0.0618,0.1265
TW1983,65,0.5,0.025,0.7,0.0175,S3 ann85n load20 + VPW3 100/0,floor,100.0,0.988,0.0,0.012,0.0,0.0,0.0,0.263,2.073,0.0579,0.0965,0.0774,0.125,0.316,3.0,11.891,0.0,0.0,0.0,0.062,0.1273
TW1983,65,0.5,0.025,0.7,0.0175,S3 ann80r load20 + VPW3 100/0 (假設性),floor,100.0,0.976,0.0,0.024,0.0,0.0,0.0,0.261,2.067,0.0575,0.096,0.0771,0.125,0.314,3.0,11.748,0.0,0.0,0.0,0.0622,0.1266
TW1983,65,0.5,0.025,0.7,0.0175,S4 ladder15r + ann85n + VPW3 100/0,floor,100.0,0.953,0.035,0.012,0.0,0.0,0.0,0.267,2.052,0.0586,0.0955,0.0779,0.122,0.309,3.0,11.474,0.0,0.0,0.0,0.0616,0.1246
TW1983,65,0.7,0.0,1.0,0.0,VPW3 60/40,dynamic,100.0,1.0,0.0,0.0,0.0,0.0,0.0,0.191,1.485,0.0449,0.0675,0.0581,0.118,0.236,1.0,6.431,0.0,0.0,0.0,0.0471,0.0808
TW1983,65,0.7,0.0,1.0,0.0,VPW3 80/20,dynamic,100.0,1.0,0.0,0.0,0.01,0.01,0.01,0.193,1.596,0.0434,0.0737,0.0201,0.135,0.308,2.0,9.054,0.0,0.13,0.13,0.047,0.0935
TW1983,65,0.7,0.0,1.0,0.0,GK 60/40,dynamic,100.0,1.0,0.0,0.0,0.0,0.0,0.0,0.16,1.019,0.0367,0.0474,0.0445,0.037,0.0,0.0,12.495,0.0,0.0,0.0,0.0382,0.0524
TW1983,65,0.7,0.0,1.0,0.0,GK 80/20,dynamic,100.0,1.0,0.0,0.0,0.01,0.01,0.01,0.16,1.037,0.0354,0.0491,0.0223,0.04,0.0,0.0,18.185,0.0,0.13,0.13,0.0367,0.0537
TW1983,65,0.7,0.0,1.0,0.0,FIX 60/40,fixed,100.0,1.0,0.0,0.0,0.06,0.06,0.02,0.16,0.88,0.04,0.04,0.0111,0.0,0.0,0.0,13.71,0.0,0.39,0.39,0.04,0.04
TW1983,65,0.7,0.0,1.0,0.0,S1 VPW3 100/0,floor,100.0,1.0,0.0,0.0,0.15,0.13,0.09,0.195,1.686,0.041,0.0799,0.0081,0.156,0.379,4.0,12.014,0.0,0.65,0.52,0.0445,0.1106
TW1983,65,0.7,0.0,1.0,0.0,S2 ladder10r + VPW3 100/0,floor,100.0,0.735,0.265,0.0,0.66,0.61,0.42,0.257,1.518,0.046,0.0747,0.0048,0.147,0.433,5.0,8.809,0.0,2.75,2.36,0.0413,0.0896
TW1983,65,0.7,0.0,1.0,0.0,S2 ladder15r + VPW3 100/0,floor,100.0,0.612,0.388,0.0,0.78,0.74,0.5,0.233,1.452,0.0464,0.0701,0.0048,0.129,0.379,3.0,7.357,0.0,3.4,3.14,0.0413,0.0801
TW1983,65,0.7,0.0,1.0,0.0,S2 ladder20r + VPW3 100/0,floor,100.0,0.495,0.505,0.0,0.98,0.86,0.44,0.21,1.379,0.0457,0.0642,0.0053,0.108,0.285,2.0,5.955,0.0,4.84,4.58,0.0413,0.0715
TW1983,65,0.7,0.0,1.0,0.0,S2 ladder15r + VPW3 80/20,floor,100.0,0.612,0.388,0.0,0.25,0.22,0.11,0.23,1.397,0.0474,0.0665,0.0082,0.118,0.378,3.0,5.538,0.0,1.18,0.92,0.042,0.07
TW1983,65,0.7,0.0,1.0,0.0,S2 ladder15r(0%) + VPW3 100/0,floor,100.0,0.58,0.42,0.0,0.99,0.9,0.62,0.226,1.399,0.0451,0.0676,0.0044,0.128,0.385,4.0,6.973,0.0,3.93,3.8,0.04,0.0766
TW1983,65,0.7,0.0,1.0,0.0,S3 ann80n load10 + VPW3 100/0,floor,100.0,0.79,0.0,0.21,0.03,0.03,0.03,0.155,1.497,0.0352,0.0684,0.0199,0.158,0.324,3.0,9.436,0.0,0.0,0.0,0.0453,0.0987
TW1983,65,0.7,0.0,1.0,0.0,S3 ann80n load20 + VPW3 100/0,floor,100.0,0.771,0.0,0.229,0.04,0.03,0.03,0.152,1.465,0.0344,0.0669,0.0181,0.158,0.32,3.0,9.202,0.0,0.0,0.0,0.0444,0.0965
TW1983,65,0.7,0.0,1.0,0.0,S3 ann80n load30 + VPW3 100/0,floor,100.0,0.752,0.0,0.248,0.07,0.07,0.04,0.148,1.433,0.0337,0.0653,0.0169,0.157,0.315,3.0,8.972,0.0,0.13,0.13,0.0435,0.0944
TW1983,65,0.7,0.0,1.0,0.0,S3 ann85n load20 + VPW3 100/0,floor,100.0,0.864,0.0,0.136,0.08,0.07,0.07,0.169,1.53,0.0367,0.0713,0.0116,0.155,0.349,4.0,10.336,0.0,0.13,0.13,0.0453,0.1034
TW1983,65,0.7,0.0,1.0,0.0,S3 ann80r load20 + VPW3 100/0 (假設性),floor,100.0,0.731,0.0,0.269,0.03,0.03,0.01,0.144,1.455,0.0334,0.0657,0.0169,0.162,0.297,2.0,8.712,0.0,0.0,0.0,0.0461,0.0961
TW1983,65,0.7,0.0,1.0,0.0,S4 ladder15r + ann85n + VPW3 100/0,floor,100.0,0.476,0.388,0.136,0.31,0.28,0.17,0.206,1.295,0.0436,0.0613,0.0227,0.132,0.384,4.0,5.708,0.0,0.92,0.79,0.0411,0.0731
TW1983,65,0.7,0.01,1.0,0.01,VPW3 60/40,dynamic,100.0,1.0,0.0,0.0,0.0,0.0,0.0,0.231,1.712,0.0548,0.0774,0.0696,0.103,0.206,1.0,6.431,0.0,0.0,0.0,0.057,0.0907
TW1983,65,0.7,0.01,1.0,0.01,VPW3 80/20,dynamic,100.0,1.0,0.0,0.0,0.0,0.0,0.0,0.233,1.823,0.0533,0.0836,0.0701,0.117,0.268,2.0,9.054,0.0,0.0,0.0,0.057,0.1034
TW1983,65,0.7,0.01,1.0,0.01,GK 60/40,dynamic,100.0,1.0,0.0,0.0,0.0,0.0,0.0,0.16,1.029,0.0391,0.0472,0.0454,0.03,0.012,0.0,15.052,0.0,0.0,0.0,0.0426,0.0504
TW1983,65,0.7,0.01,1.0,0.01,GK 80/20,dynamic,100.0,1.0,0.0,0.0,0.0,0.0,0.0,0.16,1.038,0.0381,0.0481,0.0455,0.032,0.013,0.0,21.699,0.0,0.0,0.0,0.0415,0.0511
TW1983,65,0.7,0.01,1.0,0.01,FIX 60/40,fixed,100.0,1.0,0.0,0.0,0.0,0.0,0.0,0.16,0.88,0.0399,0.04,0.04,0.005,0.012,0.0,16.248,0.0,0.0,0.0,0.04,0.04
TW1983,65,0.7,0.01,1.0,0.01,S1 VPW3 100/0,floor,100.0,1.0,0.0,0.0,0.01,0.01,0.0,0.234,1.912,0.0508,0.0898,0.0683,0.138,0.342,3.0,12.037,0.0,0.0,0.0,0.0544,0.1205
TW1983,65,0.7,0.01,1.0,0.01,S2 ladder10r + VPW3 100/0,floor,100.0,0.83,0.17,0.0,0.03,0.02,0.01,0.275,1.804,0.055,0.0858,0.0695,0.128,0.359,4.0,9.985,0.0,0.26,0.13,0.0522,0.107
TW1983,65,0.7,0.01,1.0,0.01,S2 ladder15r + VPW3 100/0,floor,100.0,0.75,0.25,0.0,0.04,0.03,0.01,0.259,1.759,0.055,0.0831,0.0691,0.118,0.312,3.0,9.033,0.0,0.39,0.39,0.0514,0.1009
TW1983,65,0.7,0.01,1.0,0.01,S2 ladder20r + VPW3 100/0,floor,100.0,0.675,0.325,0.0,0.05,0.05,0.03,0.244,1.714,0.0538,0.0795,0.0677,0.109,0.277,2.0,8.127,0.0,0.39,0.39,0.0507,0.0952
TW1983,65,0.7,0.01,1.0,0.01,S2 ladder15r + VPW3 80/20,floor,100.0,0.75,0.25,0.0,0.0,0.0,0.0,0.257,1.695,0.0571,0.0787,0.0702,0.104,0.276,2.0,6.795,0.0,0.0,0.0,0.0534,0.0882
TW1983,65,0.7,0.01,1.0,0.01,S2 ladder15r(0%) + VPW3 100/0,floor,100.0,0.73,0.27,0.0,0.05,0.04,0.01,0.255,1.725,0.0541,0.0816,0.0679,0.118,0.312,3.0,8.787,0.0,0.39,0.39,0.0505,0.0987
TW1983,65,0.7,0.01,1.0,0.01,S3 ann80n load10 + VPW3 100/0,floor,100.0,0.865,0.0,0.135,0.0,0.0,0.0,0.208,1.799,0.0474,0.0824,0.0633,0.136,0.322,3.0,10.409,0.0,0.0,0.0,0.0555,0.1129
TW1983,65,0.7,0.01,1.0,0.01,S3 ann80n load20 + VPW3 100/0,floor,100.0,0.853,0.0,0.147,0.01,0.0,0.0,0.206,1.778,0.0469,0.0814,0.0626,0.136,0.321,3.0,10.262,0.0,0.0,0.0,0.055,0.1115
TW1983,65,0.7,0.01,1.0,0.01,S3 ann80n load30 + VPW3 100/0,floor,100.0,0.841,0.0,0.159,0.01,0.01,0.0,0.204,1.758,0.0464,0.0805,0.062,0.135,0.32,3.0,10.114,0.0,0.0,0.0,0.0545,0.1102
TW1983,65,0.7,0.01,1.0,0.01,S3 ann85n load20 + VPW3 100/0,floor,100.0,0.913,0.0,0.087,0.01,0.01,0.01,0.217,1.819,0.0482,0.0843,0.0648,0.136,0.332,3.0,10.986,0.0,0.0,0.0,0.0555,0.1159
TW1983,65,0.7,0.01,1.0,0.01,S3 ann80r load20 + VPW3 100/0 (假設性),floor,100.0,0.827,0.0,0.173,0.01,0.01,0.0,0.201,1.773,0.0463,0.0807,0.0617,0.137,0.315,3.0,9.951,0.0,0.0,0.0,0.0568,0.1113
TW1983,65,0.7,0.01,1.0,0.01,S4 ladder15r + ann85n + VPW3 100/0,floor,100.0,0.663,0.25,0.087,0.01,0.0,0.0,0.242,1.666,0.0528,0.0775,0.0671,0.118,0.3,2.0,7.983,0.0,0.0,0.0,0.0524,0.0964
TW1983,65,0.7,0.01,0.7,0.007,VPW3 60/40,dynamic,100.0,1.0,0.0,0.0,0.0,0.0,0.0,0.219,1.645,0.0518,0.0744,0.0662,0.107,0.214,1.0,6.431,0.0,0.0,0.0,0.054,0.0878
TW1983,65,0.7,0.01,0.7,0.007,VPW3 80/20,dynamic,100.0,1.0,0.0,0.0,0.0,0.0,0.0,0.221,1.755,0.0503,0.0807,0.0665,0.122,0.279,2.0,9.054,0.0,0.0,0.0,0.054,0.1005
TW1983,65,0.7,0.01,0.7,0.007,GK 60/40,dynamic,100.0,1.0,0.0,0.0,0.0,0.0,0.0,0.16,1.028,0.0385,0.0475,0.0453,0.032,0.008,0.0,14.265,0.0,0.0,0.0,0.0417,0.0511
TW1983,65,0.7,0.01,0.7,0.007,GK 80/20,dynamic,100.0,1.0,0.0,0.0,0.0,0.0,0.0,0.16,1.038,0.0374,0.0486,0.0454,0.034,0.009,0.0,20.654,0.0,0.0,0.0,0.0406,0.0519
TW1983,65,0.7,0.01,0.7,0.007,FIX 60/40,fixed,100.0,1.0,0.0,0.0,0.02,0.01,0.01,0.16,0.88,0.04,0.04,0.04,0.003,0.008,0.0,15.518,0.0,0.13,0.13,0.04,0.04
TW1983,65,0.7,0.01,0.7,0.007,S1 VPW3 100/0,floor,100.0,1.0,0.0,0.0,0.03,0.02,0.02,0.223,1.843,0.0479,0.0868,0.0642,0.143,0.353,3.0,12.031,0.0,0.26,0.13,0.0514,0.1175
TW1983,65,0.7,0.01,0.7,0.007,S2 ladder10r + VPW3 100/0,floor,100.0,0.801,0.199,0.0,0.09,0.09,0.04,0.27,1.718,0.0522,0.0825,0.0638,0.133,0.379,4.0,9.643,0.0,0.39,0.39,0.0489,0.1018
TW1983,65,0.7,0.01,0.7,0.007,S2 ladder15r + VPW3 100/0,floor,100.0,0.709,0.291,0.0,0.1,0.09,0.05,0.251,1.668,0.0525,0.0792,0.0634,0.121,0.326,3.0,8.532,0.0,0.39,0.39,0.0481,0.0947
TW1983,65,0.7,0.01,0.7,0.007,S2 ladder20r + VPW3 100/0,floor,100.0,0.621,0.379,0.0,0.1,0.08,0.04,0.234,1.612,0.0513,0.0749,0.0625,0.109,0.276,2.0,7.475,0.0,0.79,0.65,0.0473,0.0881
TW1983,65,0.7,0.01,0.7,0.007,S2 ladder15r + VPW3 80/20,floor,100.0,0.709,0.291,0.0,0.02,0.02,0.01,0.249,1.605,0.0543,0.075,0.0657,0.107,0.303,2.0,6.418,0.0,0.26,0.26,0.0498,0.0827
TW1983,65,0.7,0.01,0.7,0.007,S2 ladder15r(0%) + VPW3 100/0,floor,100.0,0.685,0.315,0.0,0.12,0.11,0.07,0.247,1.628,0.0515,0.0773,0.062,0.12,0.328,3.0,8.245,0.0,0.52,0.52,0.047,0.092
TW1983,65,0.7,0.01,0.7,0.007,S3 ann80n load10 + VPW3 100/0,floor,100.0,0.843,0.0,0.157,0.01,0.01,0.01,0.192,1.709,0.0438,0.0783,0.0585,0.142,0.33,3.0,10.131,0.0,0.0,0.0,0.0528,0.1087
TW1983,65,0.7,0.01,0.7,0.007,S3 ann80n load20 + VPW3 100/0,floor,100.0,0.828,0.0,0.172,0.01,0.01,0.01,0.189,1.685,0.0432,0.0771,0.0577,0.142,0.33,3.0,9.959,0.0,0.0,0.0,0.0521,0.1071
TW1983,65,0.7,0.01,0.7,0.007,S3 ann80n load30 + VPW3 100/0,floor,100.0,0.814,0.0,0.186,0.01,0.01,0.01,0.186,1.662,0.0426,0.076,0.0569,0.142,0.329,3.0,9.786,0.0,0.0,0.0,0.0515,0.1055
TW1983,65,0.7,0.01,0.7,0.007,S3 ann85n load20 + VPW3 100/0,floor,100.0,0.898,0.0,0.102,0.01,0.01,0.01,0.203,1.731,0.0447,0.0804,0.0602,0.142,0.34,3.0,10.807,0.0,0.0,0.0,0.0528,0.1121
TW1983,65,0.7,0.01,0.7,0.007,S3 ann80r load20 + VPW3 100/0 (假設性),floor,100.0,0.798,0.0,0.202,0.01,0.01,0.0,0.183,1.679,0.0423,0.0762,0.0565,0.144,0.322,3.0,9.591,0.0,0.0,0.0,0.0541,0.1069
TW1983,65,0.7,0.01,0.7,0.007,S4 ladder15r + ann85n + VPW3 100/0,floor,100.0,0.607,0.291,0.102,0.02,0.01,0.0,0.231,1.554,0.0501,0.0727,0.0627,0.121,0.317,3.0,7.308,0.0,0.13,0.0,0.0491,0.0894
TW1983,65,0.7,0.025,1.0,0.025,VPW3 60/40,dynamic,100.0,1.0,0.0,0.0,0.0,0.0,0.0,0.29,2.06,0.0697,0.0923,0.0865,0.086,0.174,0.0,6.431,0.0,0.0,0.0,0.0719,0.1055
TW1983,65,0.7,0.025,1.0,0.025,VPW3 80/20,dynamic,100.0,1.0,0.0,0.0,0.0,0.0,0.0,0.292,2.168,0.0682,0.0985,0.0878,0.099,0.225,1.0,9.054,0.0,0.0,0.0,0.072,0.1183
TW1983,65,0.7,0.025,1.0,0.025,GK 60/40,dynamic,100.0,1.0,0.0,0.0,0.0,0.0,0.0,0.16,0.976,0.0399,0.0444,0.0439,0.021,0.032,0.0,19.295,0.0,0.0,0.0,0.0433,0.0457
TW1983,65,0.7,0.025,1.0,0.025,GK 80/20,dynamic,100.0,1.0,0.0,0.0,0.0,0.0,0.0,0.16,0.977,0.0397,0.0446,0.044,0.022,0.035,0.0,27.211,0.0,0.0,0.0,0.0427,0.0459
TW1983,65,0.7,0.025,1.0,0.025,FIX 60/40,fixed,100.0,1.0,0.0,0.0,0.0,0.0,0.0,0.16,0.88,0.0399,0.04,0.04,0.012,0.029,0.0,20.017,0.0,0.0,0.0,0.0399,0.04
TW1983,65,0.7,0.025,1.0,0.025,S1 VPW3 100/0,floor,100.0,1.0,0.0,0.0,0.0,0.0,0.0,0.296,2.261,0.0657,0.1046,0.087,0.116,0.297,2.0,12.037,0.0,0.0,0.0,0.0694,0.1354
TW1983,65,0.7,0.025,1.0,0.025,S2 ladder10r + VPW3 100/0,floor,100.0,0.972,0.028,0.0,0.0,0.0,0.0,0.302,2.245,0.0666,0.1038,0.0876,0.114,0.293,2.0,11.695,0.0,0.0,0.0,0.069,0.1331
TW1983,65,0.7,0.025,1.0,0.025,S2 ladder15r + VPW3 100/0,floor,100.0,0.958,0.042,0.0,0.0,0.0,0.0,0.299,2.237,0.0665,0.1034,0.0875,0.113,0.288,2.0,11.536,0.0,0.0,0.0,0.0688,0.1321
TW1983,65,0.7,0.025,1.0,0.025,S2 ladder20r + VPW3 100/0,floor,100.0,0.946,0.054,0.0,0.0,0.0,0.0,0.297,2.227,0.0663,0.1029,0.0871,0.112,0.286,2.0,11.385,0.0,0.0,0.0,0.0687,0.1312
TW1983,65,0.7,0.025,1.0,0.025,S2 ladder15r + VPW3 80/20,floor,100.0,0.958,0.042,0.0,0.0,0.0,0.0,0.296,2.148,0.0689,0.0977,0.0881,0.096,0.22,1.0,8.678,0.0,0.0,0.0,0.0714,0.1158
TW1983,65,0.7,0.025,1.0,0.025,S2 ladder15r(0%) + VPW3 100/0,floor,100.0,0.955,0.045,0.0,0.0,0.0,0.0,0.299,2.231,0.0664,0.1031,0.0873,0.113,0.288,2.0,11.495,0.0,0.0,0.0,0.0687,0.1318
TW1983,65,0.7,0.025,1.0,0.025,S3 ann80n load10 + VPW3 100/0,floor,100.0,0.978,0.0,0.022,0.0,0.0,0.0,0.291,2.241,0.065,0.1035,0.0863,0.115,0.292,2.0,11.766,0.0,0.0,0.0,0.0695,0.1341
TW1983,65,0.7,0.025,1.0,0.025,S3 ann80n load20 + VPW3 100/0,floor,100.0,0.975,0.0,0.025,0.0,0.0,0.0,0.291,2.238,0.0649,0.1033,0.0862,0.115,0.292,2.0,11.742,0.0,0.0,0.0,0.0694,0.1339
TW1983,65,0.7,0.025,1.0,0.025,S3 ann80n load30 + VPW3 100/0,floor,100.0,0.973,0.0,0.027,0.0,0.0,0.0,0.29,2.234,0.0648,0.1032,0.086,0.115,0.292,2.0,11.717,0.0,0.0,0.0,0.0693,0.1337
TW1983,65,0.7,0.025,1.0,0.025,S3 ann85n load20 + VPW3 100/0,floor,100.0,0.985,0.0,0.015,0.0,0.0,0.0,0.293,2.245,0.0653,0.1038,0.0865,0.116,0.294,2.0,11.862,0.0,0.0,0.0,0.0695,0.1346
TW1983,65,0.7,0.025,1.0,0.025,S3 ann80r load20 + VPW3 100/0 (假設性),floor,100.0,0.971,0.0,0.029,0.0,0.0,0.0,0.29,2.237,0.0648,0.1032,0.0861,0.115,0.291,2.0,11.69,0.0,0.0,0.0,0.0698,0.1338
TW1983,65,0.7,0.025,1.0,0.025,S4 ladder15r + ann85n + VPW3 100/0,floor,100.0,0.944,0.042,0.015,0.0,0.0,0.0,0.297,2.219,0.0661,0.1026,0.087,0.112,0.286,2.0,11.361,0.0,0.0,0.0,0.069,0.1314
TW1983,65,0.7,0.025,0.7,0.0175,VPW3 60/40,dynamic,100.0,1.0,0.0,0.0,0.0,0.0,0.0,0.261,1.887,0.0622,0.0848,0.0781,0.094,0.189,0.0,6.431,0.0,0.0,0.0,0.0644,0.0981
TW1983,65,0.7,0.025,0.7,0.0175,VPW3 80/20,dynamic,100.0,1.0,0.0,0.0,0.0,0.0,0.0,0.263,1.993,0.0607,0.0911,0.0791,0.107,0.244,1.0,9.054,0.0,0.0,0.0,0.0645,0.1109
TW1983,65,0.7,0.025,0.7,0.0175,GK 60/40,dynamic,100.0,1.0,0.0,0.0,0.0,0.0,0.0,0.16,1.009,0.0399,0.0461,0.045,0.025,0.021,0.0,17.16,0.0,0.0,0.0,0.0437,0.0482
TW1983,65,0.7,0.025,0.7,0.0175,GK 80/20,dynamic,100.0,1.0,0.0,0.0,0.0,0.0,0.0,0.16,1.012,0.0392,0.0466,0.0451,0.026,0.023,0.0,24.434,0.0,0.0,0.0,0.0429,0.0487
TW1983,65,0.7,0.025,0.7,0.0175,FIX 60/40,fixed,100.0,1.0,0.0,0.0,0.0,0.0,0.0,0.16,0.88,0.0399,0.04,0.04,0.009,0.021,0.0,18.149,0.0,0.0,0.0,0.0399,0.04
TW1983,65,0.7,0.025,0.7,0.0175,S1 VPW3 100/0,floor,100.0,1.0,0.0,0.0,0.0,0.0,0.0,0.266,2.084,0.0583,0.0972,0.0778,0.126,0.318,3.0,12.037,0.0,0.0,0.0,0.0619,0.1279
TW1983,65,0.7,0.025,0.7,0.0175,S2 ladder10r + VPW3 100/0,floor,100.0,0.901,0.099,0.0,0.0,0.0,0.0,0.288,2.023,0.0611,0.0947,0.0793,0.119,0.316,3.0,10.84,0.0,0.0,0.0,0.0605,0.1201
TW1983,65,0.7,0.025,0.7,0.0175,S2 ladder15r + VPW3 100/0,floor,100.0,0.854,0.146,0.0,0.0,0.0,0.0,0.279,1.999,0.0609,0.0932,0.079,0.114,0.293,2.0,10.285,0.0,0.0,0.0,0.06,0.1166
TW1983,65,0.7,0.025,0.7,0.0175,S2 ladder20r + VPW3 100/0,floor,100.0,0.811,0.189,0.0,0.0,0.0,0.0,0.271,1.97,0.0602,0.0911,0.0779,0.11,0.28,2.0,9.756,0.0,0.0,0.0,0.0597,0.1132
TW1983,65,0.7,0.025,0.7,0.0175,S2 ladder15r + VPW3 80/20,floor,100.0,0.854,0.146,0.0,0.0,0.0,0.0,0.277,1.92,0.0632,0.0882,0.0797,0.097,0.233,1.0,7.736,0.0,0.0,0.0,0.0625,0.102
TW1983,65,0.7,0.025,0.7,0.0175,S2 ladder15r(0%) + VPW3 100/0,floor,100.0,0.843,0.157,0.0,0.0,0.0,0.0,0.277,1.979,0.0605,0.0922,0.0783,0.113,0.292,2.0,10.141,0.0,0.0,0.0,0.0595,0.1152
TW1983,65,0.7,0.025,0.7,0.0175,S3 ann80n load10 + VPW3 100/0,floor,100.0,0.921,0.0,0.079,0.0,0.0,0.0,0.25,2.019,0.0562,0.0929,0.075,0.123,0.305,2.0,11.09,0.0,0.0,0.0,0.0625,0.1235
TW1983,65,0.7,0.025,0.7,0.0175,S3 ann80n load20 + VPW3 100/0,floor,100.0,0.914,0.0,0.086,0.0,0.0,0.0,0.249,2.007,0.0559,0.0924,0.0746,0.123,0.304,2.0,11.004,0.0,0.0,0.0,0.0622,0.1227
TW1983,65,0.7,0.025,0.7,0.0175,S3 ann80n load30 + VPW3 100/0,floor,100.0,0.907,0.0,0.093,0.0,0.0,0.0,0.248,1.995,0.0556,0.0918,0.0742,0.123,0.304,2.0,10.918,0.0,0.0,0.0,0.0618,0.1219
TW1983,65,0.7,0.025,0.7,0.0175,S3 ann85n load20 + VPW3 100/0,floor,100.0,0.949,0.0,0.051,0.0,0.0,0.0,0.256,2.03,0.0567,0.0941,0.0758,0.124,0.311,3.0,11.425,0.0,0.0,0.0,0.0625,0.1252
TW1983,65,0.7,0.025,0.7,0.0175,S3 ann80r load20 + VPW3 100/0 (假設性),floor,100.0,0.899,0.0,0.101,0.0,0.0,0.0,0.246,2.005,0.0557,0.0918,0.0742,0.123,0.299,2.0,10.823,0.0,0.0,0.0,0.0633,0.1225
TW1983,65,0.7,0.025,0.7,0.0175,S4 ladder15r + ann85n + VPW3 100/0,floor,100.0,0.804,0.146,0.051,0.0,0.0,0.0,0.269,1.943,0.0595,0.09,0.0774,0.112,0.286,2.0,9.672,0.0,0.0,0.0,0.0607,0.114
TW1983,65,1.0,0.0,1.0,0.0,VPW3 60/40,dynamic,100.0,1.0,0.0,0.0,0.07,0.07,0.04,0.191,1.487,0.0451,0.0675,0.0103,0.116,0.227,1.0,6.411,0.0,0.52,0.52,0.0473,0.0808
TW1983,65,1.0,0.0,1.0,0.0,VPW3 80/20,dynamic,100.0,1.0,0.0,0.0,0.3,0.29,0.23,0.195,1.592,0.044,0.0737,0.0061,0.129,0.263,2.0,8.996,0.0,1.44,1.44,0.0468,0.0934
TW1983,65,1.0,0.0,1.0,0.0,GK 60/40,dynamic,100.0,1.0,0.0,0.0,0.06,0.06,0.02,0.16,1.036,0.04,0.0473,0.0112,0.035,0.0,0.0,12.404,0.0,0.39,0.39,0.04,0.0524
TW1983,65,1.0,0.0,1.0,0.0,GK 80/20,dynamic,100.0,1.0,0.0,0.0,0.23,0.22,0.18,0.16,1.05,0.04,0.049,0.0067,0.037,0.0,0.0,17.977,0.0,1.18,1.18,0.04,0.0537
TW1983,65,1.0,0.0,1.0,0.0,FIX 60/40,fixed,100.0,1.0,0.0,0.0,0.06,0.06,0.02,0.16,0.88,0.04,0.04,0.0111,0.0,0.0,0.0,13.71,0.0,0.39,0.39,0.04,0.04
TW1983,65,1.0,0.0,1.0,0.0,S1 VPW3 100/0,floor,100.0,1.0,0.0,0.0,1.25,1.15,0.86,0.198,1.673,0.0427,0.0797,0.0036,0.148,0.326,3.0,11.87,0.0,4.19,4.19,0.0426,0.1102
TW1983,65,1.0,0.0,1.0,0.0,S2 ladder10r + VPW3 100/0,floor,100.0,0.621,0.379,0.0,4.85,4.66,3.65,0.282,1.454,0.0495,0.0742,0.0022,0.144,0.464,7.0,7.258,0.0,13.61,13.48,0.0359,0.0804
TW1983,65,1.0,0.0,1.0,0.0,S2 ladder15r + VPW3 100/0,floor,100.0,0.445,0.555,0.0,6.86,6.38,4.86,0.248,1.382,0.0486,0.067,0.0021,0.119,0.423,4.0,5.211,0.0,22.64,21.99,0.0366,0.0671
TW1983,65,1.0,0.0,1.0,0.0,S2 ladder20r + VPW3 100/0,floor,100.0,0.278,0.722,0.0,9.37,8.61,5.82,0.215,1.289,0.0465,0.0585,0.0021,0.085,0.329,2.0,3.246,0.0,34.95,34.03,0.0367,0.0561
TW1983,65,1.0,0.0,1.0,0.0,S2 ladder15r + VPW3 80/20,floor,100.0,0.445,0.555,0.0,6.23,5.79,4.13,0.246,1.349,0.0497,0.0645,0.0023,0.111,0.428,5.0,3.916,0.0,23.04,21.99,0.0384,0.0603
TW1983,65,1.0,0.0,1.0,0.0,S2 ladder15r(0%) + VPW3 100/0,floor,100.0,0.4,0.6,0.0,8.74,8.3,6.27,0.239,1.312,0.0454,0.0636,0.0019,0.118,0.424,5.0,4.628,0.0,26.05,25.52,0.0342,0.0622
TW1983,65,1.0,0.0,1.0,0.0,S3 ann80n load10 + VPW3 100/0,floor,100.0,0.7,0.0,0.3,2.05,1.98,1.7,0.16,1.362,0.04,0.0618,0.0058,0.144,0.23,1.0,7.531,0.0,4.32,4.32,0.0407,0.089
TW1983,65,1.0,0.0,1.0,0.0,S3 ann80n load20 + VPW3 100/0,floor,100.0,0.673,0.0,0.327,2.66,2.6,2.26,0.16,1.31,0.04,0.0593,0.0051,0.142,0.217,1.0,7.06,0.0,5.63,5.63,0.0396,0.0853
TW1983,65,1.0,0.0,1.0,0.0,S3 ann80n load30 + VPW3 100/0,floor,100.0,0.646,0.0,0.354,3.59,3.52,2.98,0.16,1.257,0.04,0.0568,0.0045,0.14,0.21,1.0,6.57,0.0,6.54,6.54,0.0366,0.0817
TW1983,65,1.0,0.0,1.0,0.0,S3 ann85n load20 + VPW3 100/0,floor,100.0,0.806,0.0,0.194,1.92,1.82,1.56,0.164,1.426,0.04,0.0668,0.0042,0.143,0.262,2.0,9.233,0.0,4.45,4.32,0.0409,0.099
TW1983,65,1.0,0.0,1.0,0.0,S3 ann80r load20 + VPW3 100/0 (假設性),floor,100.0,0.616,0.0,0.384,2.96,2.89,1.17,0.16,1.285,0.04,0.0573,0.0039,0.15,0.174,0.0,6.011,0.0,4.71,4.45,0.0411,0.0835
TW1983,65,1.0,0.0,1.0,0.0,S4 ladder15r + ann85n + VPW3 100/0,floor,100.0,0.252,0.555,0.194,10.16,9.82,8.05,0.21,1.163,0.0434,0.0548,0.0039,0.097,0.375,5.0,2.653,0.0,23.3,23.04,0.0383,0.0552
TW1983,65,1.0,0.01,1.0,0.01,VPW3 60/40,dynamic,100.0,1.0,0.0,0.0,0.01,0.01,0.0,0.231,1.713,0.0548,0.0774,0.0697,0.102,0.206,1.0,6.431,0.0,0.13,0.13,0.057,0.0907
TW1983,65,1.0,0.01,1.0,0.01,VPW3 80/20,dynamic,100.0,1.0,0.0,0.0,0.03,0.03,0.01,0.233,1.823,0.0533,0.0836,0.0702,0.117,0.268,2.0,9.054,0.0,0.26,0.26,0.0572,0.1034
TW1983,65,1.0,0.01,1.0,0.01,GK 60/40,dynamic,100.0,1.0,0.0,0.0,0.0,0.0,0.0,0.16,1.034,0.04,0.0473,0.0458,0.028,0.01,0.0,15.031,0.0,0.0,0.0,0.0423,0.0504
TW1983,65,1.0,0.01,1.0,0.01,GK 80/20,dynamic,100.0,1.0,0.0,0.0,0.01,0.01,0.01,0.16,1.042,0.04,0.0481,0.0462,0.029,0.011,0.0,21.608,0.0,0.13,0.13,0.0403,0.0511
TW1983,65,1.0,0.01,1.0,0.01,FIX 60/40,fixed,100.0,1.0,0.0,0.0,0.0,0.0,0.0,0.16,0.881,0.04,0.0401,0.0401,0.003,0.008,0.0,16.232,0.0,0.0,0.0,0.04,0.0401
TW1983,65,1.0,0.01,1.0,0.01,S1 VPW3 100/0,floor,100.0,1.0,0.0,0.0,0.24,0.23,0.13,0.235,1.911,0.0509,0.0898,0.0668,0.136,0.329,3.0,11.98,0.0,1.18,1.05,0.0541,0.1205
TW1983,65,1.0,0.01,1.0,0.01,S2 ladder10r + VPW3 100/0,floor,100.0,0.716,0.284,0.0,0.93,0.88,0.7,0.3,1.732,0.0563,0.0846,0.0592,0.129,0.406,5.0,8.556,0.0,3.4,3.4,0.0511,0.0979
TW1983,65,1.0,0.01,1.0,0.01,S2 ladder15r + VPW3 100/0,floor,100.0,0.584,0.416,0.0,1.33,1.21,0.78,0.275,1.669,0.0568,0.0794,0.0586,0.112,0.36,3.0,7.013,0.0,5.37,4.84,0.0508,0.0879
TW1983,65,1.0,0.01,1.0,0.01,S2 ladder20r + VPW3 100/0,floor,100.0,0.459,0.541,0.0,1.48,1.36,0.74,0.25,1.601,0.056,0.0731,0.0585,0.091,0.258,1.0,5.518,0.0,7.85,7.46,0.051,0.0786
TW1983,65,1.0,0.01,1.0,0.01,S2 ladder15r + VPW3 80/20,floor,100.0,0.584,0.416,0.0,0.65,0.57,0.28,0.273,1.618,0.0575,0.0759,0.0644,0.103,0.358,3.0,5.287,0.0,3.4,3.14,0.0522,0.0782
TW1983,65,1.0,0.01,1.0,0.01,S2 ladder15r(0%) + VPW3 100/0,floor,100.0,0.55,0.45,0.0,1.68,1.52,0.97,0.268,1.612,0.0553,0.0767,0.0556,0.111,0.365,3.0,6.604,0.0,6.41,6.15,0.0497,0.0841
TW1983,65,1.0,0.01,1.0,0.01,S3 ann80n load10 + VPW3 100/0,floor,100.0,0.775,0.0,0.225,0.1,0.1,0.07,0.192,1.71,0.0448,0.0774,0.0604,0.135,0.266,2.0,9.236,0.0,0.26,0.26,0.0545,0.1076
TW1983,65,1.0,0.01,1.0,0.01,S3 ann80n load20 + VPW3 100/0,floor,100.0,0.755,0.0,0.245,0.15,0.14,0.1,0.188,1.674,0.0441,0.0757,0.0594,0.134,0.26,2.0,8.969,0.0,0.39,0.39,0.0532,0.1051
TW1983,65,1.0,0.01,1.0,0.01,S3 ann80n load30 + VPW3 100/0,floor,100.0,0.734,0.0,0.266,0.16,0.16,0.14,0.184,1.639,0.0434,0.074,0.0583,0.133,0.254,2.0,8.694,0.0,0.52,0.52,0.0521,0.1026
TW1983,65,1.0,0.01,1.0,0.01,S3 ann85n load20 + VPW3 100/0,floor,100.0,0.855,0.0,0.145,0.18,0.17,0.15,0.208,1.744,0.0464,0.0806,0.0627,0.134,0.297,2.0,10.205,0.0,0.65,0.65,0.0548,0.1128
TW1983,65,1.0,0.01,1.0,0.01,S3 ann80r load20 + VPW3 100/0 (假設性),floor,100.0,0.712,0.0,0.288,0.09,0.09,0.02,0.18,1.661,0.043,0.0745,0.0577,0.138,0.238,1.0,8.413,0.0,0.0,0.0,0.0555,0.1048
TW1983,65,1.0,0.01,1.0,0.01,S4 ladder15r + ann85n + VPW3 100/0,floor,100.0,0.439,0.416,0.145,0.63,0.57,0.42,0.246,1.502,0.0537,0.07,0.0639,0.114,0.353,3.0,5.241,0.0,1.7,1.57,0.0506,0.0804
TW1983,65,1.0,0.01,0.7,0.007,VPW3 60/40,dynamic,100.0,1.0,0.0,0.0,0.03,0.02,0.01,0.219,1.646,0.0519,0.0744,0.0659,0.106,0.214,1.0,6.431,0.0,0.26,0.13,0.054,0.0878
TW1983,65,1.0,0.01,0.7,0.007,VPW3 80/20,dynamic,100.0,1.0,0.0,0.0,0.06,0.06,0.01,0.221,1.755,0.0504,0.0807,0.066,0.121,0.268,2.0,9.053,0.0,0.39,0.39,0.0539,0.1005
TW1983,65,1.0,0.01,0.7,0.007,GK 60/40,dynamic,100.0,1.0,0.0,0.0,0.02,0.02,0.01,0.16,1.038,0.04,0.0475,0.0458,0.031,0.007,0.0,14.221,0.0,0.13,0.13,0.0407,0.0511
TW1983,65,1.0,0.01,0.7,0.007,GK 80/20,dynamic,100.0,1.0,0.0,0.0,0.02,0.02,0.01,0.16,1.047,0.04,0.0486,0.0462,0.031,0.007,0.0,20.565,0.0,0.13,0.13,0.04,0.0519
TW1983,65,1.0,0.01,0.7,0.007,FIX 60/40,fixed,100.0,1.0,0.0,0.0,0.02,0.02,0.01,0.16,0.881,0.04,0.04,0.04,0.002,0.005,0.0,15.504,0.0,0.13,0.13,0.04,0.04
TW1983,65,1.0,0.01,0.7,0.007,S1 VPW3 100/0,floor,100.0,1.0,0.0,0.0,0.5,0.46,0.31,0.224,1.84,0.0481,0.0868,0.0554,0.139,0.331,3.0,11.952,0.0,2.09,2.09,0.0508,0.1175
TW1983,65,1.0,0.01,0.7,0.007,S2 ladder10r + VPW3 100/0,floor,100.0,0.687,0.313,0.0,1.64,1.56,1.1,0.295,1.647,0.0541,0.0813,0.0415,0.133,0.431,5.0,8.189,0.0,5.63,5.24,0.0483,0.0927
TW1983,65,1.0,0.01,0.7,0.007,S2 ladder15r + VPW3 100/0,floor,100.0,0.542,0.458,0.0,2.39,2.18,1.43,0.267,1.58,0.0544,0.0755,0.0407,0.114,0.386,4.0,6.484,0.0,8.25,8.12,0.0478,0.0817
TW1983,65,1.0,0.01,0.7,0.007,S2 ladder20r + VPW3 100/0,floor,100.0,0.404,0.596,0.0,2.84,2.45,1.53,0.239,1.505,0.0536,0.0685,0.0415,0.09,0.277,1.0,4.852,0.0,12.7,11.39,0.0469,0.0716
TW1983,65,1.0,0.01,0.7,0.007,S2 ladder15r + VPW3 80/20,floor,100.0,0.542,0.458,0.0,1.35,1.25,0.79,0.265,1.533,0.0551,0.0723,0.0484,0.106,0.387,4.0,4.903,0.0,6.54,6.15,0.0495,0.0727
TW1983,65,1.0,0.01,0.7,0.007,S2 ladder15r(0%) + VPW3 100/0,floor,100.0,0.505,0.495,0.0,3.05,2.84,1.8,0.259,1.521,0.053,0.0726,0.0377,0.113,0.385,4.0,6.026,0.0,10.73,10.08,0.0456,0.0776
TW1983,65,1.0,0.01,0.7,0.007,S3 ann80n load10 + VPW3 100/0,floor,100.0,0.753,0.0,0.247,0.23,0.23,0.21,0.176,1.612,0.0419,0.0729,0.0561,0.138,0.252,1.5,8.856,0.0,1.18,1.18,0.0501,0.1025
TW1983,65,1.0,0.01,0.7,0.007,S3 ann80n load20 + VPW3 100/0,floor,100.0,0.73,0.0,0.27,0.29,0.28,0.24,0.172,1.571,0.041,0.0711,0.0549,0.138,0.246,1.0,8.546,0.0,1.18,1.18,0.0487,0.1
TW1983,65,1.0,0.01,0.7,0.007,S3 ann80n load30 + VPW3 100/0,floor,100.0,0.708,0.0,0.292,0.44,0.4,0.32,0.168,1.531,0.0403,0.0692,0.0537,0.137,0.24,1.0,8.253,0.0,1.57,1.44,0.0475,0.0974
TW1983,65,1.0,0.01,0.7,0.007,S3 ann85n load20 + VPW3 100/0,floor,100.0,0.84,0.0,0.16,0.47,0.45,0.38,0.193,1.653,0.0436,0.0766,0.0565,0.137,0.286,2.0,9.999,0.0,1.31,1.31,0.0513,0.1089
TW1983,65,1.0,0.01,0.7,0.007,S3 ann80r load20 + VPW3 100/0 (假設性),floor,100.0,0.683,0.0,0.317,0.23,0.22,0.06,0.165,1.554,0.0402,0.0697,0.0531,0.143,0.224,1.0,7.89,0.0,1.05,1.05,0.0512,0.0996
TW1983,65,1.0,0.01,0.7,0.007,S4 ladder15r + ann85n + VPW3 100/0,floor,100.0,0.383,0.458,0.16,1.64,1.52,1.14,0.235,1.399,0.051,0.0653,0.0582,0.114,0.368,4.0,4.513,0.0,4.58,4.32,0.0475,0.0731
TW1983,65,1.0,0.025,1.0,0.025,VPW3 60/40,dynamic,100.0,1.0,0.0,0.0,0.0,0.0,0.0,0.29,2.06,0.0697,0.0923,0.0865,0.086,0.174,0.0,6.431,0.0,0.0,0.0,0.0719,0.1055
TW1983,65,1.0,0.025,1.0,0.025,VPW3 80/20,dynamic,100.0,1.0,0.0,0.0,0.0,0.0,0.0,0.292,2.168,0.0682,0.0985,0.0878,0.099,0.225,1.0,9.054,0.0,0.0,0.0,0.072,0.1183
TW1983,65,1.0,0.025,1.0,0.025,GK 60/40,dynamic,100.0,1.0,0.0,0.0,0.0,0.0,0.0,0.161,0.977,0.0401,0.0444,0.044,0.02,0.029,0.0,19.268,0.0,0.0,0.0,0.0434,0.0457
TW1983,65,1.0,0.025,1.0,0.025,GK 80/20,dynamic,100.0,1.0,0.0,0.0,0.0,0.0,0.0,0.161,0.979,0.0401,0.0447,0.0441,0.021,0.03,0.0,27.144,0.0,0.0,0.0,0.0426,0.046
TW1983,65,1.0,0.025,1.0,0.025,FIX 60/40,fixed,100.0,1.0,0.0,0.0,0.0,0.0,0.0,0.16,0.883,0.0401,0.0402,0.0402,0.008,0.019,0.0,19.968,0.0,0.0,0.0,0.0401,0.0402
TW1983,65,1.0,0.025,1.0,0.025,S1 VPW3 100/0,floor,100.0,1.0,0.0,0.0,0.01,0.0,0.0,0.296,2.261,0.0657,0.1046,0.0871,0.116,0.297,2.0,12.037,0.0,0.0,0.0,0.0694,0.1354
TW1983,65,1.0,0.025,1.0,0.025,S2 ladder10r + VPW3 100/0,floor,100.0,0.858,0.142,0.0,0.01,0.01,0.0,0.328,2.171,0.0696,0.1012,0.0886,0.109,0.309,3.0,10.327,0.0,0.0,0.0,0.0675,0.1242
TW1983,65,1.0,0.025,1.0,0.025,S2 ladder15r + VPW3 100/0,floor,100.0,0.792,0.208,0.0,0.0,0.0,0.0,0.315,2.135,0.0692,0.099,0.0879,0.102,0.272,2.0,9.534,0.0,0.0,0.0,0.0668,0.119
TW1983,65,1.0,0.025,1.0,0.025,S2 ladder20r + VPW3 100/0,floor,100.0,0.729,0.271,0.0,0.01,0.0,0.0,0.302,2.097,0.0683,0.096,0.0863,0.095,0.246,1.0,8.779,0.0,0.13,0.0,0.0662,0.1143
TW1983,65,1.0,0.025,1.0,0.025,S2 ladder15r + VPW3 80/20,floor,100.0,0.792,0.208,0.0,0.0,0.0,0.0,0.312,2.063,0.0717,0.0943,0.088,0.088,0.228,1.0,7.171,0.0,0.0,0.0,0.0689,0.1056
TW1983,65,1.0,0.025,1.0,0.025,S2 ladder15r(0%) + VPW3 100/0,floor,100.0,0.775,0.225,0.0,0.0,0.0,0.0,0.311,2.107,0.0685,0.0976,0.0869,0.101,0.271,2.0,9.329,0.0,0.0,0.0,0.066,0.1172
TW1983,65,1.0,0.025,1.0,0.025,S3 ann80n load10 + VPW3 100/0,floor,100.0,0.888,0.0,0.112,0.0,0.0,0.0,0.274,2.164,0.0628,0.0984,0.0827,0.113,0.277,2.0,10.685,0.0,0.0,0.0,0.0702,0.129
TW1983,65,1.0,0.025,1.0,0.025,S3 ann80n load20 + VPW3 100/0,floor,100.0,0.877,0.0,0.123,0.0,0.0,0.0,0.272,2.146,0.0624,0.0976,0.0821,0.112,0.276,2.0,10.562,0.0,0.0,0.0,0.0697,0.1279
TW1983,65,1.0,0.025,1.0,0.025,S3 ann80n load30 + VPW3 100/0,floor,100.0,0.867,0.0,0.133,0.0,0.0,0.0,0.27,2.13,0.062,0.0968,0.0816,0.112,0.275,2.0,10.439,0.0,0.0,0.0,0.0693,0.1267
TW1983,65,1.0,0.025,1.0,0.025,S3 ann85n load20 + VPW3 100/0,floor,100.0,0.927,0.0,0.073,0.01,0.01,0.0,0.281,2.18,0.0635,0.1001,0.084,0.114,0.285,2.0,11.162,0.0,0.0,0.0,0.0702,0.1315
TW1983,65,1.0,0.025,1.0,0.025,S3 ann80r load20 + VPW3 100/0 (假設性),floor,100.0,0.856,0.0,0.144,0.0,0.0,0.0,0.267,2.144,0.0621,0.097,0.0814,0.112,0.27,2.0,10.303,0.0,0.0,0.0,0.0713,0.1277
TW1983,65,1.0,0.025,1.0,0.025,S4 ladder15r + ann85n + VPW3 100/0,floor,100.0,0.719,0.208,0.073,0.0,0.0,0.0,0.3,2.051,0.0675,0.0944,0.0855,0.1,0.262,2.0,8.659,0.0,0.0,0.0,0.0677,0.1153
TW1983,65,1.0,0.025,0.7,0.0175,VPW3 60/40,dynamic,100.0,1.0,0.0,0.0,0.0,0.0,0.0,0.261,1.887,0.0622,0.0848,0.0782,0.094,0.189,0.0,6.431,0.0,0.0,0.0,0.0644,0.0981
TW1983,65,1.0,0.025,0.7,0.0175,VPW3 80/20,dynamic,100.0,1.0,0.0,0.0,0.0,0.0,0.0,0.263,1.993,0.0607,0.0911,0.0791,0.107,0.244,1.0,9.054,0.0,0.0,0.0,0.0645,0.1109
TW1983,65,1.0,0.025,0.7,0.0175,GK 60/40,dynamic,100.0,1.0,0.0,0.0,0.0,0.0,0.0,0.16,1.01,0.0401,0.0461,0.0452,0.024,0.019,0.0,17.148,0.0,0.0,0.0,0.0438,0.0482
TW1983,65,1.0,0.025,0.7,0.0175,GK 80/20,dynamic,100.0,1.0,0.0,0.0,0.0,0.0,0.0,0.16,1.015,0.0401,0.0466,0.0454,0.024,0.02,0.0,24.346,0.0,0.0,0.0,0.0423,0.0487
TW1983,65,1.0,0.025,0.7,0.0175,FIX 60/40,fixed,100.0,1.0,0.0,0.0,0.0,0.0,0.0,0.16,0.882,0.04,0.0401,0.0401,0.006,0.013,0.0,18.122,0.0,0.0,0.0,0.0401,0.0401
TW1983,65,1.0,0.025,0.7,0.0175,S1 VPW3 100/0,floor,100.0,1.0,0.0,0.0,0.04,0.03,0.02,0.266,2.084,0.0583,0.0972,0.078,0.126,0.318,3.0,12.031,0.0,0.39,0.26,0.0619,0.1279
TW1983,65,1.0,0.025,0.7,0.0175,S2 ladder10r + VPW3 100/0,floor,100.0,0.787,0.213,0.0,0.14,0.12,0.08,0.314,1.953,0.0627,0.0927,0.0788,0.118,0.354,4.0,9.471,0.0,0.39,0.39,0.0594,0.1111
TW1983,65,1.0,0.025,0.7,0.0175,S2 ladder15r + VPW3 100/0,floor,100.0,0.688,0.312,0.0,0.2,0.16,0.08,0.295,1.901,0.0631,0.089,0.0781,0.106,0.304,2.0,8.282,0.0,0.79,0.52,0.0582,0.1034
TW1983,65,1.0,0.025,0.7,0.0175,S2 ladder20r + VPW3 100/0,floor,100.0,0.594,0.406,0.0,0.19,0.15,0.06,0.276,1.845,0.0619,0.0845,0.0762,0.093,0.244,1.0,7.15,0.0,1.05,0.92,0.0577,0.0964
TW1983,65,1.0,0.025,0.7,0.0175,S2 ladder15r + VPW3 80/20,floor,100.0,0.688,0.312,0.0,0.04,0.04,0.01,0.292,1.836,0.0648,0.085,0.0782,0.094,0.285,2.0,6.23,0.0,0.39,0.39,0.0599,0.0919
TW1983,65,1.0,0.025,0.7,0.0175,S2 ladder15r(0%) + VPW3 100/0,floor,100.0,0.662,0.338,0.0,0.23,0.21,0.11,0.29,1.858,0.062,0.087,0.0765,0.105,0.304,2.0,7.974,0.0,0.92,0.92,0.0572,0.1006
TW1983,65,1.0,0.025,0.7,0.0175,S3 ann80n load10 + VPW3 100/0,floor,100.0,0.831,0.0,0.169,0.01,0.01,0.01,0.233,1.941,0.0538,0.0881,0.0713,0.124,0.287,2.0,9.989,0.0,0.0,0.0,0.0632,0.1184
TW1983,65,1.0,0.025,0.7,0.0175,S3 ann80n load20 + VPW3 100/0,floor,100.0,0.816,0.0,0.184,0.01,0.01,0.01,0.23,1.915,0.0531,0.0868,0.0704,0.123,0.281,2.0,9.805,0.0,0.0,0.0,0.0625,0.1167
TW1983,65,1.0,0.025,0.7,0.0175,S3 ann80n load30 + VPW3 100/0,floor,100.0,0.801,0.0,0.199,0.01,0.01,0.01,0.227,1.891,0.0525,0.0856,0.0695,0.123,0.279,2.0,9.617,0.0,0.0,0.0,0.0619,0.115
TW1983,65,1.0,0.025,0.7,0.0175,S3 ann85n load20 + VPW3 100/0,floor,100.0,0.891,0.0,0.109,0.02,0.02,0.01,0.244,1.965,0.0549,0.0903,0.0733,0.124,0.303,2.0,10.711,0.0,0.0,0.0,0.0633,0.1222
TW1983,65,1.0,0.025,0.7,0.0175,S3 ann80r load20 + VPW3 100/0 (假設性),floor,100.0,0.784,0.0,0.216,0.01,0.01,0.01,0.223,1.909,0.0522,0.0857,0.0691,0.125,0.27,2.0,9.402,0.0,0.0,0.0,0.0646,0.1165
TW1983,65,1.0,0.025,0.7,0.0175,S4 ladder15r + ann85n + VPW3 100/0,floor,100.0,0.579,0.312,0.109,0.04,0.03,0.02,0.273,1.777,0.0606,0.0821,0.0749,0.107,0.295,2.0,6.97,0.0,0.13,0.13,0.0593,0.0978
TW1983,50,0.35,0.0,1.0,0.0,VPW3 60/40,dynamic,100.0,1.0,0.0,0.0,0.0,0.0,0.0,0.432,2.765,0.0405,0.0791,0.0548,0.117,0.254,3.0,11.056,0.0,0.0,0.0,0.0497,0.1055
TW1983,50,0.35,0.0,1.0,0.0,VPW3 80/20,dynamic,100.0,1.0,0.0,0.0,0.01,0.01,0.01,0.436,3.201,0.0402,0.0926,0.0154,0.135,0.337,4.0,17.31,0.0,0.0,0.0,0.0491,0.1357
TW1983,50,0.35,0.0,1.0,0.0,GK 60/40,dynamic,100.0,1.0,0.0,0.0,0.0,0.0,0.0,0.398,1.801,0.0378,0.0523,0.0467,0.033,0.0,0.0,27.827,0.0,0.0,0.0,0.0407,0.055
TW1983,50,0.35,0.0,1.0,0.0,GK 80/20,dynamic,100.0,1.0,0.0,0.0,0.01,0.01,0.01,0.4,1.824,0.0369,0.0535,0.0139,0.036,0.0,0.0,47.247,0.0,0.0,0.0,0.0394,0.056
TW1983,50,0.35,0.0,1.0,0.0,FIX 60/40,fixed,100.0,1.0,0.0,0.0,0.61,0.57,0.54,0.36,1.44,0.04,0.04,0.0044,0.0,0.0,0.0,33.41,0.0,2.53,2.43,0.04,0.04
TW1983,50,0.35,0.0,1.0,0.0,S1 VPW3 100/0,floor,100.0,1.0,0.0,0.0,0.03,0.03,0.03,0.443,3.637,0.0389,0.1056,0.0112,0.158,0.422,7.0,25.167,0.0,0.19,0.19,0.0471,0.1638
TW1983,50,0.35,0.0,1.0,0.0,S2 ladder10r + VPW3 100/0,floor,100.0,0.867,0.133,0.0,0.04,0.04,0.04,0.519,3.295,0.0414,0.0958,0.0093,0.152,0.436,8.0,21.83,0.0,0.19,0.19,0.0437,0.1451
TW1983,50,0.35,0.0,1.0,0.0,S2 ladder15r + VPW3 100/0,floor,100.0,0.806,0.194,0.0,0.09,0.08,0.05,0.5,3.141,0.0411,0.0918,0.0094,0.145,0.416,7.0,20.282,0.0,0.29,0.29,0.0423,0.1365
TW1983,50,0.35,0.0,1.0,0.0,S2 ladder20r + VPW3 100/0,floor,100.0,0.747,0.253,0.0,0.09,0.08,0.05,0.475,2.998,0.0403,0.0877,0.01,0.14,0.394,6.0,18.809,0.0,0.19,0.19,0.041,0.1284
TW1983,50,0.35,0.0,1.0,0.0,S2 ladder15r + VPW3 80/20,floor,100.0,0.806,0.194,0.0,0.01,0.01,0.01,0.493,2.79,0.0428,0.0813,0.0142,0.125,0.357,5.0,13.95,0.0,0.0,0.0,0.0439,0.1139
TW1983,50,0.35,0.0,1.0,0.0,S2 ladder15r(0%) + VPW3 100/0,floor,100.0,0.79,0.21,0.0,0.1,0.1,0.06,0.492,3.083,0.0406,0.0901,0.009,0.145,0.417,7.0,19.882,0.0,0.39,0.39,0.0415,0.1339
TW1983,50,0.35,0.0,1.0,0.0,S3 ann80n load10 + VPW3 100/0,floor,100.0,0.925,0.0,0.075,0.02,0.02,0.02,0.41,3.414,0.036,0.099,0.0158,0.157,0.419,7.0,23.284,0.0,0.1,0.1,0.0466,0.1543
TW1983,50,0.35,0.0,1.0,0.0,S3 ann80n load20 + VPW3 100/0,floor,100.0,0.918,0.0,0.082,0.02,0.02,0.02,0.407,3.389,0.0358,0.0983,0.0158,0.157,0.419,7.0,23.113,0.0,0.1,0.1,0.0462,0.1532
TW1983,50,0.35,0.0,1.0,0.0,S3 ann80n load30 + VPW3 100/0,floor,100.0,0.912,0.0,0.088,0.02,0.02,0.02,0.404,3.364,0.0355,0.0976,0.0158,0.157,0.419,7.0,22.941,0.0,0.1,0.1,0.0459,0.1521
TW1983,50,0.35,0.0,1.0,0.0,S3 ann85n load20 + VPW3 100/0,floor,100.0,0.952,0.0,0.048,0.02,0.02,0.02,0.421,3.48,0.037,0.1011,0.0142,0.158,0.42,7.0,23.949,0.0,0.1,0.1,0.0469,0.1577
TW1983,50,0.35,0.0,1.0,0.0,S3 ann80r load20 + VPW3 100/0 (假設性),floor,100.0,0.893,0.0,0.107,0.02,0.02,0.01,0.395,3.329,0.0351,0.0964,0.0158,0.157,0.416,7.0,22.468,0.0,0.1,0.1,0.0474,0.1514
TW1983,50,0.35,0.0,1.0,0.0,S4 ladder15r + ann85n + VPW3 100/0,floor,100.0,0.757,0.194,0.048,0.07,0.07,0.07,0.478,2.987,0.0395,0.087,0.0126,0.145,0.415,7.0,19.064,0.0,0.29,0.29,0.042,0.1302
TW1983,50,0.35,0.01,1.0,0.01,VPW3 60/40,dynamic,100.0,1.0,0.0,0.0,0.0,0.0,0.0,0.432,2.97,0.0421,0.0844,0.0569,0.115,0.242,2.0,11.056,0.0,0.0,0.0,0.0565,0.1122
TW1983,50,0.35,0.01,1.0,0.01,VPW3 80/20,dynamic,100.0,1.0,0.0,0.0,0.0,0.0,0.0,0.436,3.412,0.0418,0.0978,0.0567,0.132,0.322,4.0,17.31,0.0,0.0,0.0,0.0559,0.1424
TW1983,50,0.35,0.01,1.0,0.01,GK 60/40,dynamic,100.0,1.0,0.0,0.0,0.0,0.0,0.0,0.398,1.773,0.04,0.0503,0.0471,0.034,0.086,0.0,30.905,0.0,0.0,0.0,0.0448,0.052
TW1983,50,0.35,0.01,1.0,0.01,GK 80/20,dynamic,100.0,1.0,0.0,0.0,0.0,0.0,0.0,0.4,1.786,0.0387,0.0512,0.0468,0.037,0.089,0.0,51.197,0.0,0.0,0.0,0.0433,0.0527
TW1983,50,0.35,0.01,1.0,0.01,FIX 60/40,fixed,100.0,1.0,0.0,0.0,0.14,0.13,0.11,0.36,1.439,0.04,0.04,0.0397,0.004,0.011,0.0,35.785,0.0,0.68,0.58,0.04,0.04
TW1983,50,0.35,0.01,1.0,0.01,S1 VPW3 100/0,floor,100.0,1.0,0.0,0.0,0.0,0.0,0.0,0.443,3.838,0.0409,0.1111,0.0539,0.154,0.405,6.0,25.167,0.0,0.0,0.0,0.0539,0.1705
TW1983,50,0.35,0.01,1.0,0.01,S2 ladder10r + VPW3 100/0,floor,100.0,0.867,0.133,0.0,0.01,0.01,0.01,0.52,3.496,0.0448,0.1013,0.0572,0.148,0.414,7.0,21.83,0.0,0.0,0.0,0.0505,0.1518
TW1983,50,0.35,0.01,1.0,0.01,S2 ladder15r + VPW3 100/0,floor,100.0,0.806,0.194,0.0,0.0,0.0,0.0,0.5,3.342,0.0446,0.0969,0.0596,0.132,0.372,6.0,20.282,0.0,0.0,0.0,0.0491,0.1432
TW1983,50,0.35,0.01,1.0,0.01,S2 ladder20r + VPW3 100/0,floor,100.0,0.747,0.253,0.0,0.0,0.0,0.0,0.475,3.197,0.043,0.0927,0.0581,0.134,0.37,5.0,18.809,0.0,0.0,0.0,0.0477,0.1351
TW1983,50,0.35,0.01,1.0,0.01,S2 ladder15r + VPW3 80/20,floor,100.0,0.806,0.194,0.0,0.0,0.0,0.0,0.493,2.997,0.0454,0.0865,0.0612,0.113,0.296,3.0,13.95,0.0,0.0,0.0,0.0508,0.1205
TW1983,50,0.35,0.01,1.0,0.01,S2 ladder15r(0%) + VPW3 100/0,floor,100.0,0.79,0.21,0.0,0.0,0.0,0.0,0.493,3.283,0.0439,0.0952,0.0587,0.132,0.371,6.0,19.882,0.0,0.0,0.0,0.0483,0.1406
TW1983,50,0.35,0.01,1.0,0.01,S3 ann80n load10 + VPW3 100/0,floor,100.0,0.925,0.0,0.075,0.0,0.0,0.0,0.41,3.615,0.0383,0.1043,0.0503,0.154,0.4,6.0,23.284,0.0,0.0,0.0,0.0535,0.161
TW1983,50,0.35,0.01,1.0,0.01,S3 ann80n load20 + VPW3 100/0,floor,100.0,0.918,0.0,0.082,0.0,0.0,0.0,0.407,3.589,0.038,0.1036,0.05,0.154,0.4,6.0,23.113,0.0,0.0,0.0,0.0531,0.1598
TW1983,50,0.35,0.01,1.0,0.01,S3 ann80n load30 + VPW3 100/0,floor,100.0,0.912,0.0,0.088,0.0,0.0,0.0,0.404,3.565,0.0377,0.1029,0.0496,0.154,0.399,6.0,22.941,0.0,0.0,0.0,0.0528,0.1587
TW1983,50,0.35,0.01,1.0,0.01,S3 ann85n load20 + VPW3 100/0,floor,100.0,0.952,0.0,0.048,0.0,0.0,0.0,0.422,3.683,0.0391,0.1064,0.0516,0.154,0.402,6.0,23.949,0.0,0.0,0.0,0.0538,0.1645
TW1983,50,0.35,0.01,1.0,0.01,S3 ann80r load20 + VPW3 100/0 (假設性),floor,100.0,0.893,0.0,0.107,0.0,0.0,0.0,0.396,3.531,0.0372,0.1017,0.0487,0.154,0.395,6.0,22.468,0.0,0.0,0.0,0.0542,0.1582
TW1983,50,0.35,0.01,1.0,0.01,S4 ladder15r + ann85n + VPW3 100/0,floor,100.0,0.757,0.194,0.048,0.0,0.0,0.0,0.479,3.191,0.0429,0.0924,0.0574,0.131,0.366,6.0,19.064,0.0,0.0,0.0,0.0489,0.1371
TW1983,50,0.35,0.01,0.7,0.007,VPW3 60/40,dynamic,100.0,1.0,0.0,0.0,0.0,0.0,0.0,0.432,2.904,0.0417,0.0827,0.0564,0.115,0.246,2.0,11.056,0.0,0.0,0.0,0.0544,0.1102
TW1983,50,0.35,0.01,0.7,0.007,VPW3 80/20,dynamic,100.0,1.0,0.0,0.0,0.0,0.0,0.0,0.436,3.344,0.0414,0.0963,0.0561,0.132,0.327,4.0,17.31,0.0,0.0,0.0,0.0539,0.1404
TW1983,50,0.35,0.01,0.7,0.007,GK 60/40,dynamic,100.0,1.0,0.0,0.0,0.0,0.0,0.0,0.398,1.785,0.0395,0.051,0.0472,0.033,0.061,0.0,29.902,0.0,0.0,0.0,0.044,0.0529
TW1983,50,0.35,0.01,0.7,0.007,GK 80/20,dynamic,100.0,1.0,0.0,0.0,0.0,0.0,0.0,0.4,1.802,0.0383,0.0519,0.0469,0.036,0.062,0.0,49.843,0.0,0.0,0.0,0.0428,0.0537
TW1983,50,0.35,0.01,0.7,0.007,FIX 60/40,fixed,100.0,1.0,0.0,0.0,0.23,0.22,0.17,0.36,1.44,0.04,0.04,0.0386,0.002,0.008,0.0,35.142,0.0,0.87,0.87,0.04,0.04
TW1983,50,0.35,0.01,0.7,0.007,S1 VPW3 100/0,floor,100.0,1.0,0.0,0.0,0.01,0.01,0.01,0.443,3.771,0.0403,0.1094,0.0529,0.155,0.411,6.0,25.167,0.0,0.0,0.0,0.0519,0.1685
TW1983,50,0.35,0.01,0.7,0.007,S2 ladder10r + VPW3 100/0,floor,100.0,0.867,0.133,0.0,0.01,0.01,0.01,0.52,3.431,0.0437,0.0997,0.0555,0.148,0.42,7.0,21.83,0.0,0.0,0.0,0.0485,0.1498
TW1983,50,0.35,0.01,0.7,0.007,S2 ladder15r + VPW3 100/0,floor,100.0,0.806,0.194,0.0,0.01,0.01,0.01,0.5,3.279,0.0434,0.0953,0.0574,0.136,0.383,6.0,20.282,0.0,0.0,0.0,0.047,0.1412
TW1983,50,0.35,0.01,0.7,0.007,S2 ladder20r + VPW3 100/0,floor,100.0,0.747,0.253,0.0,0.01,0.01,0.01,0.475,3.138,0.0426,0.0911,0.0563,0.135,0.377,6.0,18.809,0.0,0.0,0.0,0.0457,0.1331
TW1983,50,0.35,0.01,0.7,0.007,S2 ladder15r + VPW3 80/20,floor,100.0,0.806,0.194,0.0,0.0,0.0,0.0,0.493,2.935,0.0452,0.0849,0.0598,0.116,0.311,4.0,13.95,0.0,0.0,0.0,0.0487,0.1185
TW1983,50,0.35,0.01,0.7,0.007,S2 ladder15r(0%) + VPW3 100/0,floor,100.0,0.79,0.21,0.0,0.01,0.01,0.01,0.492,3.222,0.0428,0.0936,0.0565,0.135,0.383,6.0,19.882,0.0,0.0,0.0,0.0462,0.1386
TW1983,50,0.35,0.01,0.7,0.007,S3 ann80n load10 + VPW3 100/0,floor,100.0,0.925,0.0,0.075,0.01,0.01,0.01,0.41,3.552,0.0377,0.1026,0.0496,0.154,0.406,6.0,23.284,0.0,0.0,0.0,0.0514,0.159
TW1983,50,0.35,0.01,0.7,0.007,S3 ann80n load20 + VPW3 100/0,floor,100.0,0.918,0.0,0.082,0.01,0.01,0.01,0.407,3.527,0.0374,0.1019,0.0493,0.154,0.405,6.0,23.113,0.0,0.0,0.0,0.0511,0.1579
TW1983,50,0.35,0.01,0.7,0.007,S3 ann80n load30 + VPW3 100/0,floor,100.0,0.912,0.0,0.088,0.01,0.01,0.01,0.404,3.503,0.0372,0.1012,0.049,0.154,0.405,6.0,22.941,0.0,0.0,0.0,0.0508,0.1567
TW1983,50,0.35,0.01,0.7,0.007,S3 ann85n load20 + VPW3 100/0,floor,100.0,0.952,0.0,0.048,0.01,0.01,0.01,0.422,3.621,0.0385,0.1048,0.0508,0.154,0.408,6.0,23.949,0.0,0.0,0.0,0.0517,0.1625
TW1983,50,0.35,0.01,0.7,0.007,S3 ann80r load20 + VPW3 100/0 (假設性),floor,100.0,0.893,0.0,0.107,0.01,0.01,0.01,0.396,3.473,0.0367,0.1001,0.0481,0.154,0.401,6.0,22.468,0.0,0.0,0.0,0.0522,0.1562
TW1983,50,0.35,0.01,0.7,0.007,S4 ladder15r + ann85n + VPW3 100/0,floor,100.0,0.757,0.194,0.048,0.01,0.01,0.01,0.479,3.127,0.0419,0.0908,0.0555,0.134,0.379,6.0,19.064,0.0,0.0,0.0,0.0469,0.135
TW1983,50,0.35,0.025,1.0,0.025,VPW3 60/40,dynamic,100.0,1.0,0.0,0.0,0.0,0.0,0.0,0.432,3.307,0.0437,0.0925,0.0583,0.125,0.235,2.0,11.056,0.0,0.0,0.0,0.0668,0.1223
TW1983,50,0.35,0.025,1.0,0.025,VPW3 80/20,dynamic,100.0,1.0,0.0,0.0,0.0,0.0,0.0,0.438,3.727,0.0439,0.106,0.0581,0.139,0.309,3.0,17.31,0.0,0.0,0.0,0.0661,0.1526
TW1983,50,0.35,0.025,1.0,0.025,GK 60/40,dynamic,100.0,1.0,0.0,0.0,0.0,0.0,0.0,0.398,1.65,0.04,0.0463,0.0449,0.045,0.19,0.0,35.999,0.0,0.0,0.0,0.043,0.0469
TW1983,50,0.35,0.025,1.0,0.025,GK 80/20,dynamic,100.0,1.0,0.0,0.0,0.0,0.0,0.0,0.4,1.665,0.0391,0.0473,0.0448,0.047,0.214,3.0,58.022,0.0,0.0,0.0,0.0422,0.0477
TW1983,50,0.35,0.025,1.0,0.025,FIX 60/40,fixed,100.0,1.0,0.0,0.0,0.01,0.0,0.0,0.36,1.439,0.0399,0.04,0.04,0.009,0.028,0.0,39.673,0.0,0.0,0.0,0.0399,0.04
TW1983,50,0.35,0.025,1.0,0.025,S1 VPW3 100/0,floor,100.0,1.0,0.0,0.0,0.0,0.0,0.0,0.443,4.135,0.0432,0.1191,0.0557,0.158,0.387,6.0,25.167,0.0,0.0,0.0,0.0642,0.1807
TW1983,50,0.35,0.025,1.0,0.025,S2 ladder10r + VPW3 100/0,floor,100.0,0.867,0.133,0.0,0.0,0.0,0.0,0.52,3.799,0.0479,0.1094,0.0606,0.153,0.395,6.0,21.83,0.0,0.0,0.0,0.0609,0.1619
TW1983,50,0.35,0.025,1.0,0.025,S2 ladder15r + VPW3 100/0,floor,100.0,0.806,0.194,0.0,0.0,0.0,0.0,0.5,3.646,0.0474,0.105,0.0644,0.126,0.338,5.0,20.282,0.0,0.0,0.0,0.0594,0.1533
TW1983,50,0.35,0.025,1.0,0.025,S2 ladder20r + VPW3 100/0,floor,100.0,0.747,0.253,0.0,0.0,0.0,0.0,0.475,3.509,0.0459,0.1009,0.0619,0.139,0.344,5.0,18.809,0.0,0.0,0.0,0.0581,0.1453
TW1983,50,0.35,0.025,1.0,0.025,S2 ladder15r + VPW3 80/20,floor,100.0,0.806,0.194,0.0,0.0,0.0,0.0,0.493,3.318,0.0482,0.0943,0.0651,0.108,0.26,2.0,13.95,0.0,0.0,0.0,0.061,0.1307
TW1983,50,0.35,0.025,1.0,0.025,S2 ladder15r(0%) + VPW3 100/0,floor,100.0,0.79,0.21,0.0,0.0,0.0,0.0,0.493,3.589,0.0468,0.1032,0.0636,0.126,0.337,4.0,19.882,0.0,0.0,0.0,0.0587,0.1507
TW1983,50,0.35,0.025,1.0,0.025,S3 ann80n load10 + VPW3 100/0,floor,100.0,0.925,0.0,0.075,0.0,0.0,0.0,0.41,3.927,0.0404,0.1123,0.0517,0.159,0.38,5.0,23.284,0.0,0.0,0.0,0.0637,0.1709
TW1983,50,0.35,0.025,1.0,0.025,S3 ann80n load20 + VPW3 100/0,floor,100.0,0.918,0.0,0.082,0.0,0.0,0.0,0.407,3.903,0.0402,0.1116,0.0514,0.159,0.38,5.0,23.113,0.0,0.0,0.0,0.0634,0.1698
TW1983,50,0.35,0.025,1.0,0.025,S3 ann80n load30 + VPW3 100/0,floor,100.0,0.912,0.0,0.088,0.0,0.0,0.0,0.404,3.879,0.0399,0.1108,0.051,0.159,0.38,5.0,22.941,0.0,0.0,0.0,0.0631,0.1687
TW1983,50,0.35,0.025,1.0,0.025,S3 ann85n load20 + VPW3 100/0,floor,100.0,0.952,0.0,0.048,0.0,0.0,0.0,0.422,3.991,0.0414,0.1145,0.0531,0.159,0.383,5.0,23.949,0.0,0.0,0.0,0.0641,0.1744
TW1983,50,0.35,0.025,1.0,0.025,S3 ann80r load20 + VPW3 100/0 (假設性),floor,100.0,0.893,0.0,0.107,0.0,0.0,0.0,0.396,3.85,0.0393,0.1098,0.05,0.159,0.377,5.0,22.468,0.0,0.0,0.0,0.0645,0.1682
TW1983,50,0.35,0.025,1.0,0.025,S4 ladder15r + ann85n + VPW3 100/0,floor,100.0,0.757,0.194,0.048,0.0,0.0,0.0,0.479,3.503,0.0457,0.1003,0.0619,0.125,0.332,4.0,19.064,0.0,0.0,0.0,0.0593,0.1471
TW1983,50,0.35,0.025,0.7,0.0175,VPW3 60/40,dynamic,100.0,1.0,0.0,0.0,0.0,0.0,0.0,0.432,3.133,0.0431,0.0883,0.0577,0.119,0.237,2.0,11.056,0.0,0.0,0.0,0.0616,0.1173
TW1983,50,0.35,0.025,0.7,0.0175,VPW3 80/20,dynamic,100.0,1.0,0.0,0.0,0.0,0.0,0.0,0.438,3.563,0.0429,0.1019,0.0576,0.134,0.314,3.0,17.31,0.0,0.0,0.0,0.061,0.1475
TW1983,50,0.35,0.025,0.7,0.0175,GK 60/40,dynamic,100.0,1.0,0.0,0.0,0.0,0.0,0.0,0.398,1.719,0.04,0.0483,0.0463,0.039,0.134,0.0,33.385,0.0,0.0,0.0,0.0448,0.0494
TW1983,50,0.35,0.025,0.7,0.0175,GK 80/20,dynamic,100.0,1.0,0.0,0.0,0.0,0.0,0.0,0.4,1.731,0.0394,0.0493,0.0461,0.041,0.152,0.0,54.424,0.0,0.0,0.0,0.0439,0.0502
TW1983,50,0.35,0.025,0.7,0.0175,FIX 60/40,fixed,100.0,1.0,0.0,0.0,0.0,0.0,0.0,0.36,1.439,0.04,0.04,0.04,0.006,0.02,0.0,37.894,0.0,0.0,0.0,0.04,0.04
TW1983,50,0.35,0.025,0.7,0.0175,S1 VPW3 100/0,floor,100.0,1.0,0.0,0.0,0.0,0.0,0.0,0.443,3.991,0.0421,0.1151,0.055,0.155,0.393,6.0,25.167,0.0,0.0,0.0,0.0591,0.1756
TW1983,50,0.35,0.025,0.7,0.0175,S2 ladder10r + VPW3 100/0,floor,100.0,0.867,0.133,0.0,0.0,0.0,0.0,0.52,3.645,0.047,0.1053,0.0594,0.15,0.403,6.0,21.83,0.0,0.0,0.0,0.0557,0.1569
TW1983,50,0.35,0.025,0.7,0.0175,S2 ladder15r + VPW3 100/0,floor,100.0,0.806,0.194,0.0,0.0,0.0,0.0,0.5,3.49,0.0459,0.1009,0.0627,0.127,0.351,5.0,20.282,0.0,0.0,0.0,0.0543,0.1483
TW1983,50,0.35,0.025,0.7,0.0175,S2 ladder20r + VPW3 100/0,floor,100.0,0.747,0.253,0.0,0.0,0.0,0.0,0.475,3.345,0.0446,0.0967,0.0605,0.135,0.355,5.0,18.809,0.0,0.0,0.0,0.0529,0.1402
TW1983,50,0.35,0.025,0.7,0.0175,S2 ladder15r + VPW3 80/20,floor,100.0,0.806,0.194,0.0,0.0,0.0,0.0,0.493,3.154,0.047,0.0904,0.0636,0.108,0.272,2.0,13.95,0.0,0.0,0.0,0.0559,0.1256
TW1983,50,0.35,0.025,0.7,0.0175,S2 ladder15r(0%) + VPW3 100/0,floor,100.0,0.79,0.21,0.0,0.0,0.0,0.0,0.493,3.432,0.0453,0.0992,0.0618,0.127,0.35,5.0,19.882,0.0,0.0,0.0,0.0535,0.1457
TW1983,50,0.35,0.025,0.7,0.0175,S3 ann80n load10 + VPW3 100/0,floor,100.0,0.925,0.0,0.075,0.0,0.0,0.0,0.41,3.763,0.0393,0.1082,0.0512,0.155,0.389,6.0,23.284,0.0,0.0,0.0,0.0586,0.1659
TW1983,50,0.35,0.025,0.7,0.0175,S3 ann80n load20 + VPW3 100/0,floor,100.0,0.918,0.0,0.082,0.0,0.0,0.0,0.407,3.74,0.039,0.1075,0.0509,0.155,0.389,6.0,23.113,0.0,0.0,0.0,0.0583,0.1648
TW1983,50,0.35,0.025,0.7,0.0175,S3 ann80n load30 + VPW3 100/0,floor,100.0,0.912,0.0,0.088,0.0,0.0,0.0,0.404,3.715,0.0387,0.1068,0.0505,0.155,0.388,6.0,22.941,0.0,0.0,0.0,0.058,0.1637
TW1983,50,0.35,0.025,0.7,0.0175,S3 ann85n load20 + VPW3 100/0,floor,100.0,0.952,0.0,0.048,0.0,0.0,0.0,0.422,3.832,0.0402,0.1104,0.0526,0.155,0.392,6.0,23.949,0.0,0.0,0.0,0.0589,0.1695
TW1983,50,0.35,0.025,0.7,0.0175,S3 ann80r load20 + VPW3 100/0 (假設性),floor,100.0,0.893,0.0,0.107,0.0,0.0,0.0,0.396,3.691,0.038,0.1056,0.0496,0.155,0.385,6.0,22.468,0.0,0.0,0.0,0.0594,0.1631
TW1983,50,0.35,0.025,0.7,0.0175,S4 ladder15r + ann85n + VPW3 100/0,floor,100.0,0.757,0.194,0.048,0.0,0.0,0.0,0.479,3.34,0.0442,0.0964,0.0603,0.126,0.345,5.0,19.064,0.0,0.0,0.0,0.0541,0.1421
TW1983,50,0.5,0.0,1.0,0.0,VPW3 60/40,dynamic,100.0,1.0,0.0,0.0,0.01,0.01,0.01,0.432,2.765,0.0405,0.0791,0.0164,0.117,0.254,3.0,11.056,0.0,0.0,0.0,0.0497,0.1055
TW1983,50,0.5,0.0,1.0,0.0,VPW3 80/20,dynamic,100.0,1.0,0.0,0.0,0.02,0.02,0.02,0.436,3.201,0.0402,0.0926,0.0123,0.135,0.337,4.0,17.31,0.0,0.1,0.1,0.0491,0.1357
TW1983,50,0.5,0.0,1.0,0.0,GK 60/40,dynamic,100.0,1.0,0.0,0.0,0.01,0.01,0.01,0.398,1.801,0.0378,0.0523,0.0153,0.033,0.0,0.0,27.827,0.0,0.0,0.0,0.0407,0.055
TW1983,50,0.5,0.0,1.0,0.0,GK 80/20,dynamic,100.0,1.0,0.0,0.0,0.01,0.01,0.01,0.4,1.824,0.0369,0.0535,0.0127,0.036,0.0,0.0,47.247,0.0,0.0,0.0,0.0394,0.056
TW1983,50,0.5,0.0,1.0,0.0,FIX 60/40,fixed,100.0,1.0,0.0,0.0,0.61,0.58,0.54,0.36,1.44,0.04,0.04,0.0044,0.0,0.0,0.0,33.41,0.0,2.53,2.53,0.04,0.04
TW1983,50,0.5,0.0,1.0,0.0,S1 VPW3 100/0,floor,100.0,1.0,0.0,0.0,0.17,0.17,0.17,0.443,3.637,0.0389,0.1056,0.0063,0.158,0.422,7.0,25.156,0.0,0.68,0.68,0.0463,0.1638
TW1983,50,0.5,0.0,1.0,0.0,S2 ladder10r + VPW3 100/0,floor,100.0,0.811,0.189,0.0,0.28,0.28,0.24,0.551,3.146,0.0417,0.092,0.0052,0.152,0.456,8.0,20.342,0.0,0.97,0.97,0.0416,0.137
TW1983,50,0.5,0.0,1.0,0.0,S2 ladder15r + VPW3 100/0,floor,100.0,0.723,0.277,0.0,0.32,0.3,0.28,0.52,2.928,0.0414,0.0861,0.005,0.143,0.434,7.0,18.137,0.0,1.17,1.17,0.0393,0.1248
TW1983,50,0.5,0.0,1.0,0.0,S2 ladder20r + VPW3 100/0,floor,100.0,0.639,0.361,0.0,0.39,0.37,0.31,0.483,2.724,0.0405,0.0801,0.0051,0.135,0.41,6.0,16.043,0.0,1.55,1.55,0.0382,0.1132
TW1983,50,0.5,0.0,1.0,0.0,S2 ladder15r + VPW3 80/20,floor,100.0,0.723,0.277,0.0,0.1,0.09,0.08,0.514,2.613,0.0429,0.0766,0.0091,0.125,0.392,6.0,12.504,0.0,0.39,0.39,0.0417,0.1045
TW1983,50,0.5,0.0,1.0,0.0,S2 ladder15r(0%) + VPW3 100/0,floor,100.0,0.7,0.3,0.0,0.35,0.34,0.29,0.51,2.846,0.0404,0.0838,0.0049,0.143,0.436,7.0,17.566,0.0,1.36,1.26,0.0383,0.121
TW1983,50,0.5,0.0,1.0,0.0,S3 ann80n load10 + VPW3 100/0,floor,100.0,0.893,0.0,0.107,0.15,0.14,0.14,0.396,3.315,0.0349,0.096,0.0095,0.157,0.418,7.0,22.449,0.0,0.68,0.68,0.0452,0.1501
TW1983,50,0.5,0.0,1.0,0.0,S3 ann80n load20 + VPW3 100/0,floor,100.0,0.883,0.0,0.117,0.17,0.16,0.14,0.392,3.28,0.0346,0.0949,0.0093,0.156,0.417,7.0,22.197,0.0,0.68,0.68,0.0448,0.1485
TW1983,50,0.5,0.0,1.0,0.0,S3 ann80n load30 + VPW3 100/0,floor,100.0,0.874,0.0,0.126,0.18,0.17,0.16,0.388,3.244,0.0342,0.0939,0.0092,0.156,0.412,7.0,21.931,0.0,0.68,0.68,0.0443,0.1469
TW1983,50,0.5,0.0,1.0,0.0,S3 ann85n load20 + VPW3 100/0,floor,100.0,0.931,0.0,0.069,0.17,0.17,0.15,0.412,3.413,0.0362,0.0992,0.0079,0.157,0.419,7.0,23.4,0.0,0.68,0.68,0.0457,0.1551
TW1983,50,0.5,0.0,1.0,0.0,S3 ann80r load20 + VPW3 100/0 (假設性),floor,100.0,0.847,0.0,0.153,0.12,0.12,0.1,0.376,3.199,0.0336,0.0925,0.0087,0.157,0.405,7.0,21.254,0.0,0.58,0.58,0.0467,0.1461
TW1983,50,0.5,0.0,1.0,0.0,S4 ladder15r + ann85n + VPW3 100/0,floor,100.0,0.654,0.277,0.069,0.35,0.35,0.3,0.49,2.707,0.039,0.0795,0.0063,0.142,0.436,7.0,16.387,0.0,0.97,0.97,0.0387,0.1159
TW1983,50,0.5,0.01,1.0,0.01,VPW3 60/40,dynamic,100.0,1.0,0.0,0.0,0.0,0.0,0.0,0.432,2.97,0.0421,0.0844,0.0569,0.115,0.242,2.0,11.056,0.0,0.0,0.0,0.0565,0.1122
TW1983,50,0.5,0.01,1.0,0.01,VPW3 80/20,dynamic,100.0,1.0,0.0,0.0,0.01,0.01,0.01,0.436,3.412,0.0418,0.0978,0.0567,0.132,0.322,4.0,17.31,0.0,0.0,0.0,0.0559,0.1424
TW1983,50,0.5,0.01,1.0,0.01,GK 60/40,dynamic,100.0,1.0,0.0,0.0,0.0,0.0,0.0,0.398,1.773,0.04,0.0503,0.0471,0.034,0.086,0.0,30.905,0.0,0.0,0.0,0.0448,0.052
TW1983,50,0.5,0.01,1.0,0.01,GK 80/20,dynamic,100.0,1.0,0.0,0.0,0.01,0.01,0.01,0.4,1.786,0.0387,0.0512,0.0468,0.037,0.089,0.0,51.197,0.0,0.0,0.0,0.0433,0.0527
TW1983,50,0.5,0.01,1.0,0.01,FIX 60/40,fixed,100.0,1.0,0.0,0.0,0.14,0.13,0.11,0.36,1.439,0.04,0.04,0.0397,0.004,0.011,0.0,35.785,0.0,0.68,0.58,0.04,0.04
TW1983,50,0.5,0.01,1.0,0.01,S1 VPW3 100/0,floor,100.0,1.0,0.0,0.0,0.02,0.02,0.02,0.443,3.837,0.0409,0.1111,0.0542,0.154,0.405,6.0,25.156,0.0,0.1,0.1,0.0535,0.1705
TW1983,50,0.5,0.01,1.0,0.01,S2 ladder10r + VPW3 100/0,floor,100.0,0.811,0.189,0.0,0.03,0.03,0.03,0.551,3.349,0.0455,0.0971,0.0571,0.149,0.435,7.0,20.39,0.0,0.19,0.19,0.049,0.1438
TW1983,50,0.5,0.01,1.0,0.01,S2 ladder15r + VPW3 100/0,floor,100.0,0.723,0.277,0.0,0.02,0.02,0.02,0.52,3.127,0.0451,0.091,0.0597,0.127,0.378,6.0,18.188,0.0,0.1,0.1,0.047,0.1315
TW1983,50,0.5,0.01,1.0,0.01,S2 ladder20r + VPW3 100/0,floor,100.0,0.639,0.361,0.0,0.02,0.02,0.02,0.483,2.923,0.044,0.0852,0.0578,0.128,0.376,5.0,16.084,0.0,0.1,0.1,0.0452,0.1199
TW1983,50,0.5,0.01,1.0,0.01,S2 ladder15r + VPW3 80/20,floor,100.0,0.723,0.277,0.0,0.01,0.01,0.01,0.514,2.821,0.0467,0.0816,0.0612,0.109,0.312,4.0,12.51,0.0,0.0,0.0,0.0485,0.1112
TW1983,50,0.5,0.01,1.0,0.01,S2 ladder15r(0%) + VPW3 100/0,floor,100.0,0.7,0.3,0.0,0.02,0.02,0.02,0.51,3.047,0.0442,0.0886,0.0585,0.127,0.377,6.0,17.617,0.0,0.1,0.1,0.046,0.1278
TW1983,50,0.5,0.01,1.0,0.01,S3 ann80n load10 + VPW3 100/0,floor,100.0,0.893,0.0,0.107,0.02,0.02,0.02,0.396,3.517,0.0372,0.1013,0.0493,0.153,0.397,6.0,22.466,0.0,0.1,0.1,0.052,0.1567
TW1983,50,0.5,0.01,1.0,0.01,S3 ann80n load20 + VPW3 100/0,floor,100.0,0.883,0.0,0.117,0.02,0.02,0.02,0.392,3.48,0.0368,0.1003,0.0488,0.153,0.397,6.0,22.207,0.0,0.1,0.1,0.0516,0.1551
TW1983,50,0.5,0.01,1.0,0.01,S3 ann80n load30 + VPW3 100/0,floor,100.0,0.874,0.0,0.126,0.02,0.02,0.02,0.388,3.445,0.0364,0.0993,0.0483,0.153,0.397,6.0,21.961,0.0,0.1,0.1,0.0511,0.1535
TW1983,50,0.5,0.01,1.0,0.01,S3 ann85n load20 + VPW3 100/0,floor,100.0,0.931,0.0,0.069,0.02,0.02,0.02,0.412,3.618,0.0383,0.1044,0.051,0.153,0.401,6.0,23.416,0.0,0.1,0.1,0.0526,0.1617
TW1983,50,0.5,0.01,1.0,0.01,S3 ann80r load20 + VPW3 100/0 (假設性),floor,100.0,0.847,0.0,0.153,0.02,0.02,0.02,0.376,3.408,0.0355,0.0978,0.0471,0.153,0.392,6.0,21.27,0.0,0.1,0.1,0.0536,0.1527
TW1983,50,0.5,0.01,1.0,0.01,S4 ladder15r + ann85n + VPW3 100/0,floor,100.0,0.654,0.277,0.069,0.01,0.01,0.01,0.49,2.907,0.0428,0.0845,0.0567,0.126,0.372,6.0,16.448,0.0,0.0,0.0,0.0467,0.1227
TW1983,50,0.5,0.01,0.7,0.007,VPW3 60/40,dynamic,100.0,1.0,0.0,0.0,0.0,0.0,0.0,0.432,2.904,0.0417,0.0827,0.0564,0.115,0.246,2.0,11.056,0.0,0.0,0.0,0.0544,0.1102
TW1983,50,0.5,0.01,0.7,0.007,VPW3 80/20,dynamic,100.0,1.0,0.0,0.0,0.01,0.01,0.01,0.436,3.344,0.0414,0.0963,0.0558,0.132,0.327,4.0,17.31,0.0,0.0,0.0,0.0539,0.1404
TW1983,50,0.5,0.01,0.7,0.007,GK 60/40,dynamic,100.0,1.0,0.0,0.0,0.0,0.0,0.0,0.398,1.785,0.0395,0.051,0.0472,0.033,0.061,0.0,29.902,0.0,0.0,0.0,0.044,0.0529
TW1983,50,0.5,0.01,0.7,0.007,GK 80/20,dynamic,100.0,1.0,0.0,0.0,0.01,0.01,0.01,0.4,1.802,0.0383,0.0519,0.0467,0.036,0.062,0.0,49.843,0.0,0.0,0.0,0.0428,0.0537
TW1983,50,0.5,0.01,0.7,0.007,FIX 60/40,fixed,100.0,1.0,0.0,0.0,0.23,0.22,0.17,0.36,1.44,0.04,0.04,0.0386,0.002,0.008,0.0,35.142,0.0,0.87,0.87,0.04,0.04
TW1983,50,0.5,0.01,0.7,0.007,S1 VPW3 100/0,floor,100.0,1.0,0.0,0.0,0.03,0.03,0.03,0.443,3.771,0.0403,0.1094,0.0526,0.154,0.411,6.0,25.156,0.0,0.19,0.19,0.0514,0.1685
TW1983,50,0.5,0.01,0.7,0.007,S2 ladder10r + VPW3 100/0,floor,100.0,0.811,0.189,0.0,0.08,0.06,0.06,0.551,3.286,0.0445,0.0955,0.0538,0.149,0.44,8.0,20.39,0.0,0.29,0.29,0.0465,0.1417
TW1983,50,0.5,0.01,0.7,0.007,S2 ladder15r + VPW3 100/0,floor,100.0,0.723,0.277,0.0,0.11,0.11,0.08,0.52,3.068,0.0442,0.0895,0.0558,0.132,0.394,6.0,18.188,0.0,0.49,0.49,0.045,0.1295
TW1983,50,0.5,0.01,0.7,0.007,S2 ladder20r + VPW3 100/0,floor,100.0,0.639,0.361,0.0,0.09,0.09,0.08,0.483,2.865,0.0429,0.0836,0.0547,0.129,0.386,6.0,16.077,0.0,0.19,0.19,0.0432,0.1179
TW1983,50,0.5,0.01,0.7,0.007,S2 ladder15r + VPW3 80/20,floor,100.0,0.723,0.277,0.0,0.02,0.02,0.01,0.514,2.76,0.0456,0.0801,0.059,0.113,0.333,4.0,12.51,0.0,0.1,0.1,0.0465,0.1092
TW1983,50,0.5,0.01,0.7,0.007,S2 ladder15r(0%) + VPW3 100/0,floor,100.0,0.7,0.3,0.0,0.12,0.12,0.09,0.51,2.987,0.0432,0.0871,0.0543,0.131,0.394,6.0,17.617,0.0,0.49,0.49,0.044,0.1258
TW1983,50,0.5,0.01,0.7,0.007,S3 ann80n load10 + VPW3 100/0,floor,100.0,0.893,0.0,0.107,0.02,0.02,0.02,0.396,3.46,0.0366,0.0998,0.0485,0.153,0.403,6.0,22.466,0.0,0.1,0.1,0.05,0.1547
TW1983,50,0.5,0.01,0.7,0.007,S3 ann80n load20 + VPW3 100/0,floor,100.0,0.883,0.0,0.117,0.02,0.02,0.02,0.392,3.424,0.0362,0.0987,0.048,0.153,0.403,6.0,22.207,0.0,0.1,0.1,0.0495,0.1531
TW1983,50,0.5,0.01,0.7,0.007,S3 ann80n load30 + VPW3 100/0,floor,100.0,0.874,0.0,0.126,0.02,0.02,0.02,0.388,3.388,0.0358,0.0977,0.0475,0.153,0.402,6.0,21.961,0.0,0.1,0.1,0.0491,0.1515
TW1983,50,0.5,0.01,0.7,0.007,S3 ann85n load20 + VPW3 100/0,floor,100.0,0.931,0.0,0.069,0.02,0.02,0.02,0.412,3.555,0.0377,0.1028,0.05,0.154,0.407,6.0,23.416,0.0,0.1,0.1,0.0505,0.1597
TW1983,50,0.5,0.01,0.7,0.007,S3 ann80r load20 + VPW3 100/0 (假設性),floor,100.0,0.847,0.0,0.153,0.03,0.03,0.02,0.376,3.34,0.035,0.0961,0.0464,0.153,0.392,6.0,21.27,0.0,0.1,0.1,0.0515,0.1507
TW1983,50,0.5,0.01,0.7,0.007,S4 ladder15r + ann85n + VPW3 100/0,floor,100.0,0.654,0.277,0.069,0.09,0.09,0.08,0.49,2.849,0.0418,0.0829,0.0539,0.131,0.389,6.0,16.44,0.0,0.39,0.39,0.0446,0.1207
TW1983,50,0.5,0.025,1.0,0.025,VPW3 60/40,dynamic,100.0,1.0,0.0,0.0,0.0,0.0,0.0,0.432,3.307,0.0437,0.0925,0.0583,0.125,0.235,2.0,11.056,0.0,0.0,0.0,0.0668,0.1223
TW1983,50,0.5,0.025,1.0,0.025,VPW3 80/20,dynamic,100.0,1.0,0.0,0.0,0.0,0.0,0.0,0.438,3.727,0.0439,0.106,0.0582,0.139,0.309,3.0,17.31,0.0,0.0,0.0,0.0661,0.1526
TW1983,50,0.5,0.025,1.0,0.025,GK 60/40,dynamic,100.0,1.0,0.0,0.0,0.0,0.0,0.0,0.398,1.65,0.04,0.0463,0.0449,0.045,0.19,0.0,35.999,0.0,0.0,0.0,0.043,0.0469
TW1983,50,0.5,0.025,1.0,0.025,GK 80/20,dynamic,100.0,1.0,0.0,0.0,0.0,0.0,0.0,0.4,1.665,0.0391,0.0473,0.0448,0.047,0.214,3.0,58.022,0.0,0.0,0.0,0.0422,0.0477
TW1983,50,0.5,0.025,1.0,0.025,FIX 60/40,fixed,100.0,1.0,0.0,0.0,0.01,0.0,0.0,0.36,1.439,0.0399,0.04,0.04,0.009,0.028,0.0,39.673,0.0,0.0,0.0,0.0399,0.04
TW1983,50,0.5,0.025,1.0,0.025,S1 VPW3 100/0,floor,100.0,1.0,0.0,0.0,0.0,0.0,0.0,0.443,4.134,0.0431,0.1191,0.0562,0.158,0.387,6.0,25.156,0.0,0.0,0.0,0.0637,0.1807
TW1983,50,0.5,0.025,1.0,0.025,S2 ladder10r + VPW3 100/0,floor,100.0,0.811,0.189,0.0,0.0,0.0,0.0,0.551,3.652,0.05,0.1051,0.0617,0.155,0.418,6.0,20.39,0.0,0.0,0.0,0.0592,0.1539
TW1983,50,0.5,0.025,1.0,0.025,S2 ladder15r + VPW3 100/0,floor,100.0,0.723,0.277,0.0,0.0,0.0,0.0,0.52,3.44,0.049,0.0989,0.0666,0.116,0.321,4.0,18.188,0.0,0.0,0.0,0.0574,0.1416
TW1983,50,0.5,0.025,1.0,0.025,S2 ladder20r + VPW3 100/0,floor,100.0,0.639,0.361,0.0,0.0,0.0,0.0,0.483,3.239,0.047,0.093,0.0631,0.133,0.34,5.0,16.084,0.0,0.0,0.0,0.0555,0.1301
TW1983,50,0.5,0.025,1.0,0.025,S2 ladder15r + VPW3 80/20,floor,100.0,0.723,0.277,0.0,0.0,0.0,0.0,0.514,3.142,0.0499,0.0895,0.0668,0.097,0.243,2.0,12.51,0.0,0.0,0.0,0.0588,0.1213
TW1983,50,0.5,0.025,1.0,0.025,S2 ladder15r(0%) + VPW3 100/0,floor,100.0,0.7,0.3,0.0,0.0,0.0,0.0,0.51,3.359,0.0482,0.0965,0.0653,0.115,0.318,4.0,17.617,0.0,0.0,0.0,0.0563,0.1379
TW1983,50,0.5,0.025,1.0,0.025,S3 ann80n load10 + VPW3 100/0,floor,100.0,0.893,0.0,0.107,0.0,0.0,0.0,0.397,3.838,0.0392,0.1094,0.0508,0.159,0.379,5.0,22.466,0.0,0.0,0.0,0.0623,0.1667
TW1983,50,0.5,0.025,1.0,0.025,S3 ann80n load20 + VPW3 100/0,floor,100.0,0.883,0.0,0.117,0.0,0.0,0.0,0.392,3.803,0.0388,0.1084,0.0503,0.159,0.379,5.0,22.207,0.0,0.0,0.0,0.0619,0.1651
TW1983,50,0.5,0.025,1.0,0.025,S3 ann80n load30 + VPW3 100/0,floor,100.0,0.874,0.0,0.126,0.0,0.0,0.0,0.388,3.769,0.0384,0.1073,0.0498,0.159,0.379,5.0,21.961,0.0,0.0,0.0,0.0614,0.1635
TW1983,50,0.5,0.025,1.0,0.025,S3 ann85n load20 + VPW3 100/0,floor,100.0,0.931,0.0,0.069,0.0,0.0,0.0,0.412,3.926,0.0405,0.1125,0.0527,0.159,0.381,5.0,23.416,0.0,0.0,0.0,0.0629,0.1717
TW1983,50,0.5,0.025,1.0,0.025,S3 ann80r load20 + VPW3 100/0 (假設性),floor,100.0,0.847,0.0,0.153,0.0,0.0,0.0,0.376,3.722,0.0374,0.106,0.0485,0.159,0.374,5.0,21.27,0.0,0.0,0.0,0.0639,0.1628
TW1983,50,0.5,0.025,1.0,0.025,S4 ladder15r + ann85n + VPW3 100/0,floor,100.0,0.654,0.277,0.069,0.0,0.0,0.0,0.49,3.226,0.0466,0.0923,0.063,0.112,0.31,4.0,16.448,0.0,0.0,0.0,0.057,0.1326
TW1983,50,0.5,0.025,0.7,0.0175,VPW3 60/40,dynamic,100.0,1.0,0.0,0.0,0.0,0.0,0.0,0.432,3.133,0.0431,0.0883,0.0577,0.119,0.237,2.0,11.056,0.0,0.0,0.0,0.0616,0.1173
TW1983,50,0.5,0.025,0.7,0.0175,VPW3 80/20,dynamic,100.0,1.0,0.0,0.0,0.0,0.0,0.0,0.438,3.563,0.0429,0.1019,0.0576,0.134,0.314,3.0,17.31,0.0,0.0,0.0,0.061,0.1475
TW1983,50,0.5,0.025,0.7,0.0175,GK 60/40,dynamic,100.0,1.0,0.0,0.0,0.0,0.0,0.0,0.398,1.719,0.04,0.0483,0.0463,0.039,0.134,0.0,33.385,0.0,0.0,0.0,0.0448,0.0494
TW1983,50,0.5,0.025,0.7,0.0175,GK 80/20,dynamic,100.0,1.0,0.0,0.0,0.0,0.0,0.0,0.4,1.731,0.0394,0.0493,0.0461,0.041,0.152,0.0,54.424,0.0,0.0,0.0,0.0439,0.0502
TW1983,50,0.5,0.025,0.7,0.0175,FIX 60/40,fixed,100.0,1.0,0.0,0.0,0.03,0.03,0.03,0.36,1.439,0.04,0.04,0.04,0.006,0.02,0.0,37.894,0.0,0.19,0.19,0.04,0.04
TW1983,50,0.5,0.025,0.7,0.0175,S1 VPW3 100/0,floor,100.0,1.0,0.0,0.0,0.01,0.01,0.01,0.443,3.99,0.0421,0.115,0.0555,0.155,0.393,6.0,25.156,0.0,0.0,0.0,0.0586,0.1756
TW1983,50,0.5,0.025,0.7,0.0175,S2 ladder10r + VPW3 100/0,floor,100.0,0.811,0.189,0.0,0.01,0.01,0.01,0.551,3.497,0.048,0.1011,0.0602,0.151,0.425,7.0,20.39,0.0,0.0,0.0,0.0541,0.1488
TW1983,50,0.5,0.025,0.7,0.0175,S2 ladder15r + VPW3 100/0,floor,100.0,0.723,0.277,0.0,0.0,0.0,0.0,0.52,3.277,0.0477,0.0948,0.0641,0.12,0.343,5.0,18.188,0.0,0.0,0.0,0.0522,0.1366
TW1983,50,0.5,0.025,0.7,0.0175,S2 ladder20r + VPW3 100/0,floor,100.0,0.639,0.361,0.0,0.0,0.0,0.0,0.483,3.076,0.0456,0.0889,0.0612,0.129,0.357,5.0,16.084,0.0,0.0,0.0,0.0503,0.125
TW1983,50,0.5,0.025,0.7,0.0175,S2 ladder15r + VPW3 80/20,floor,100.0,0.723,0.277,0.0,0.0,0.0,0.0,0.514,2.979,0.0484,0.0855,0.0647,0.101,0.266,2.0,12.51,0.0,0.0,0.0,0.0537,0.1163
TW1983,50,0.5,0.025,0.7,0.0175,S2 ladder15r(0%) + VPW3 100/0,floor,100.0,0.7,0.3,0.0,0.0,0.0,0.0,0.51,3.194,0.0468,0.0924,0.0628,0.119,0.341,5.0,17.617,0.0,0.0,0.0,0.0511,0.1329
TW1983,50,0.5,0.025,0.7,0.0175,S3 ann80n load10 + VPW3 100/0,floor,100.0,0.893,0.0,0.107,0.01,0.01,0.01,0.396,3.676,0.038,0.1054,0.0503,0.155,0.386,6.0,22.466,0.0,0.0,0.0,0.0572,0.1617
TW1983,50,0.5,0.025,0.7,0.0175,S3 ann80n load20 + VPW3 100/0,floor,100.0,0.883,0.0,0.117,0.01,0.01,0.01,0.392,3.642,0.0377,0.1044,0.0498,0.155,0.386,6.0,22.207,0.0,0.0,0.0,0.0567,0.1601
TW1983,50,0.5,0.025,0.7,0.0175,S3 ann80n load30 + VPW3 100/0,floor,100.0,0.874,0.0,0.126,0.01,0.01,0.01,0.388,3.605,0.0373,0.1033,0.0493,0.155,0.386,6.0,21.961,0.0,0.0,0.0,0.0563,0.1585
TW1983,50,0.5,0.025,0.7,0.0175,S3 ann85n load20 + VPW3 100/0,floor,100.0,0.931,0.0,0.069,0.01,0.01,0.01,0.412,3.765,0.0394,0.1085,0.0521,0.155,0.39,6.0,23.416,0.0,0.0,0.0,0.0577,0.1667
TW1983,50,0.5,0.025,0.7,0.0175,S3 ann80r load20 + VPW3 100/0 (假設性),floor,100.0,0.847,0.0,0.153,0.01,0.01,0.01,0.376,3.568,0.0364,0.1019,0.048,0.155,0.381,5.0,21.27,0.0,0.0,0.0,0.0587,0.1578
TW1983,50,0.5,0.025,0.7,0.0175,S4 ladder15r + ann85n + VPW3 100/0,floor,100.0,0.654,0.277,0.069,0.0,0.0,0.0,0.49,3.071,0.0452,0.0885,0.0607,0.117,0.333,5.0,16.448,0.0,0.0,0.0,0.0519,0.1277
TW1983,50,0.7,0.0,1.0,0.0,VPW3 60/40,dynamic,100.0,1.0,0.0,0.0,0.03,0.03,0.03,0.432,2.765,0.0405,0.0791,0.0116,0.117,0.254,3.0,11.048,0.0,0.19,0.19,0.0497,0.1055
TW1983,50,0.7,0.0,1.0,0.0,VPW3 80/20,dynamic,100.0,1.0,0.0,0.0,0.14,0.12,0.12,0.439,3.199,0.0402,0.0926,0.0071,0.134,0.333,4.0,17.278,0.0,0.58,0.49,0.049,0.1357
TW1983,50,0.7,0.0,1.0,0.0,GK 60/40,dynamic,100.0,1.0,0.0,0.0,0.03,0.03,0.03,0.398,1.801,0.0377,0.0523,0.0109,0.033,0.0,0.0,27.827,0.0,0.19,0.19,0.0407,0.055
TW1983,50,0.7,0.0,1.0,0.0,GK 80/20,dynamic,100.0,1.0,0.0,0.0,0.13,0.13,0.12,0.4,1.824,0.0368,0.0535,0.0068,0.035,0.0,0.0,47.247,0.0,0.58,0.58,0.0392,0.056
TW1983,50,0.7,0.0,1.0,0.0,FIX 60/40,fixed,100.0,1.0,0.0,0.0,0.63,0.58,0.54,0.36,1.44,0.04,0.04,0.0044,0.0,0.0,0.0,33.41,0.0,2.62,2.53,0.04,0.04
TW1983,50,0.7,0.0,1.0,0.0,S1 VPW3 100/0,floor,100.0,1.0,0.0,0.0,0.54,0.52,0.46,0.447,3.624,0.0388,0.1054,0.0041,0.155,0.404,7.0,24.998,0.0,1.94,1.75,0.0458,0.1638
TW1983,50,0.7,0.0,1.0,0.0,S2 ladder10r + VPW3 100/0,floor,100.0,0.735,0.265,0.0,1.57,1.5,1.3,0.595,2.938,0.0412,0.0869,0.003,0.152,0.493,10.0,18.242,0.0,3.98,3.89,0.0393,0.1259
TW1983,50,0.7,0.0,1.0,0.0,S2 ladder15r + VPW3 100/0,floor,100.0,0.612,0.388,0.0,2.11,2.05,1.83,0.549,2.631,0.0408,0.0785,0.0028,0.142,0.469,8.0,15.176,0.0,5.54,5.44,0.0353,0.1087
TW1983,50,0.7,0.0,1.0,0.0,S2 ladder20r + VPW3 100/0,floor,100.0,0.495,0.505,0.0,2.47,2.39,2.05,0.496,2.353,0.0401,0.0702,0.0028,0.13,0.446,7.0,12.308,0.0,6.8,6.71,0.0332,0.0926
TW1983,50,0.7,0.0,1.0,0.0,S2 ladder15r + VPW3 80/20,floor,100.0,0.612,0.388,0.0,1.0,0.97,0.81,0.542,2.373,0.042,0.0706,0.0038,0.126,0.451,8.0,10.474,0.0,3.79,3.6,0.0382,0.092
TW1983,50,0.7,0.0,1.0,0.0,S2 ladder15r(0%) + VPW3 100/0,floor,100.0,0.58,0.42,0.0,2.48,2.42,2.11,0.534,2.514,0.0395,0.0751,0.0027,0.141,0.471,8.0,14.336,0.0,6.32,6.12,0.0335,0.1035
TW1983,50,0.7,0.0,1.0,0.0,S3 ann80n load10 + VPW3 100/0,floor,100.0,0.85,0.0,0.15,0.86,0.85,0.76,0.389,3.17,0.0332,0.0918,0.0049,0.152,0.381,6.0,21.041,0.0,1.94,1.94,0.0437,0.144
TW1983,50,0.7,0.0,1.0,0.0,S3 ann80n load20 + VPW3 100/0,floor,100.0,0.837,0.0,0.163,0.92,0.9,0.83,0.384,3.121,0.0326,0.0903,0.0047,0.151,0.38,6.0,20.658,0.0,2.04,2.04,0.043,0.1417
TW1983,50,0.7,0.0,1.0,0.0,S3 ann80n load30 + VPW3 100/0,floor,100.0,0.823,0.0,0.177,0.97,0.94,0.92,0.378,3.068,0.0321,0.0889,0.0046,0.151,0.38,6.0,20.308,0.0,2.04,2.04,0.0422,0.1393
TW1983,50,0.7,0.0,1.0,0.0,S3 ann85n load20 + VPW3 100/0,floor,100.0,0.903,0.0,0.097,0.72,0.71,0.64,0.41,3.315,0.0351,0.0963,0.0045,0.153,0.391,7.0,22.504,0.0,1.65,1.65,0.0449,0.1512
TW1983,50,0.7,0.0,1.0,0.0,S3 ann80r load20 + VPW3 100/0 (假設性),floor,100.0,0.786,0.0,0.214,0.98,0.97,0.8,0.363,2.992,0.0312,0.0868,0.0042,0.152,0.368,5.0,19.281,0.0,1.65,1.65,0.0432,0.1373
TW1983,50,0.7,0.0,1.0,0.0,S4 ladder15r + ann85n + VPW3 100/0,floor,100.0,0.515,0.388,0.097,3.02,2.93,2.68,0.506,2.321,0.0377,0.0693,0.0031,0.141,0.468,9.0,12.646,0.0,5.93,5.64,0.0329,0.0965
TW1983,50,0.7,0.01,1.0,0.01,VPW3 60/40,dynamic,100.0,1.0,0.0,0.0,0.01,0.01,0.01,0.432,2.969,0.0421,0.0843,0.0568,0.115,0.242,2.0,11.048,0.0,0.0,0.0,0.0565,0.1122
TW1983,50,0.7,0.01,1.0,0.01,VPW3 80/20,dynamic,100.0,1.0,0.0,0.0,0.02,0.02,0.02,0.439,3.408,0.0417,0.0978,0.0569,0.131,0.313,4.0,17.302,0.0,0.1,0.1,0.0558,0.1424
TW1983,50,0.7,0.01,1.0,0.01,GK 60/40,dynamic,100.0,1.0,0.0,0.0,0.01,0.01,0.01,0.398,1.773,0.04,0.0503,0.0471,0.034,0.086,0.0,30.876,0.0,0.0,0.0,0.0448,0.052
TW1983,50,0.7,0.01,1.0,0.01,GK 80/20,dynamic,100.0,1.0,0.0,0.0,0.03,0.03,0.02,0.4,1.784,0.0386,0.0512,0.0469,0.037,0.089,0.0,51.173,0.0,0.19,0.19,0.0435,0.0527
TW1983,50,0.7,0.01,1.0,0.01,FIX 60/40,fixed,100.0,1.0,0.0,0.0,0.14,0.13,0.11,0.36,1.439,0.04,0.04,0.0397,0.004,0.011,0.0,35.785,0.0,0.68,0.58,0.04,0.04
TW1983,50,0.7,0.01,1.0,0.01,S1 VPW3 100/0,floor,100.0,1.0,0.0,0.0,0.21,0.21,0.18,0.45,3.827,0.0406,0.1108,0.0538,0.151,0.385,6.0,25.074,0.0,0.78,0.78,0.053,0.1705
TW1983,50,0.7,0.01,1.0,0.01,S2 ladder10r + VPW3 100/0,floor,100.0,0.735,0.265,0.0,0.4,0.39,0.34,0.596,3.149,0.0459,0.0917,0.0539,0.149,0.474,8.0,18.341,0.0,1.17,1.17,0.0465,0.1331
TW1983,50,0.7,0.01,1.0,0.01,S2 ladder15r + VPW3 100/0,floor,100.0,0.612,0.388,0.0,0.42,0.39,0.33,0.549,2.844,0.0456,0.0834,0.0554,0.124,0.4,6.0,15.349,0.0,1.46,1.46,0.0437,0.1159
TW1983,50,0.7,0.01,1.0,0.01,S2 ladder20r + VPW3 100/0,floor,100.0,0.495,0.505,0.0,0.67,0.66,0.54,0.496,2.559,0.0443,0.0751,0.0526,0.123,0.41,6.0,12.412,0.0,2.33,2.33,0.0414,0.0996
TW1983,50,0.7,0.01,1.0,0.01,S2 ladder15r + VPW3 80/20,floor,100.0,0.612,0.388,0.0,0.13,0.13,0.1,0.542,2.584,0.0468,0.0754,0.059,0.108,0.355,5.0,10.573,0.0,0.58,0.58,0.0455,0.0987
TW1983,50,0.7,0.01,1.0,0.01,S2 ladder15r(0%) + VPW3 100/0,floor,100.0,0.58,0.42,0.0,0.49,0.49,0.4,0.534,2.73,0.0442,0.0801,0.0536,0.123,0.403,7.0,14.541,0.0,1.85,1.85,0.0423,0.1107
TW1983,50,0.7,0.01,1.0,0.01,S3 ann80n load10 + VPW3 100/0,floor,100.0,0.85,0.0,0.15,0.27,0.27,0.24,0.389,3.376,0.0353,0.0971,0.0312,0.148,0.36,5.0,21.14,0.0,1.17,1.17,0.0515,0.151
TW1983,50,0.7,0.01,1.0,0.01,S3 ann80n load20 + VPW3 100/0,floor,100.0,0.837,0.0,0.163,0.28,0.28,0.25,0.384,3.325,0.0348,0.0956,0.0309,0.147,0.36,5.0,20.798,0.0,1.17,1.17,0.0508,0.1487
TW1983,50,0.7,0.01,1.0,0.01,S3 ann80n load30 + VPW3 100/0,floor,100.0,0.823,0.0,0.177,0.34,0.32,0.31,0.378,3.274,0.0343,0.0942,0.0258,0.147,0.359,5.0,20.435,0.0,1.17,1.17,0.0502,0.1461
TW1983,50,0.7,0.01,1.0,0.01,S3 ann85n load20 + VPW3 100/0,floor,100.0,0.903,0.0,0.097,0.23,0.23,0.21,0.41,3.517,0.0372,0.1015,0.0315,0.149,0.371,6.0,22.539,0.0,0.87,0.87,0.0523,0.1579
TW1983,50,0.7,0.01,1.0,0.01,S3 ann80r load20 + VPW3 100/0 (假設性),floor,100.0,0.786,0.0,0.214,0.41,0.4,0.35,0.363,3.209,0.033,0.0922,0.0229,0.148,0.351,5.0,19.39,0.0,1.17,1.17,0.0528,0.144
TW1983,50,0.7,0.01,1.0,0.01,S4 ladder15r + ann85n + VPW3 100/0,floor,100.0,0.515,0.388,0.097,0.47,0.47,0.44,0.506,2.542,0.0422,0.0741,0.0527,0.123,0.398,7.0,12.894,0.0,1.26,1.26,0.0422,0.1038
TW1983,50,0.7,0.01,0.7,0.007,VPW3 60/40,dynamic,100.0,1.0,0.0,0.0,0.01,0.01,0.01,0.432,2.904,0.0417,0.0827,0.0561,0.115,0.246,2.0,11.048,0.0,0.0,0.0,0.0544,0.1102
TW1983,50,0.7,0.01,0.7,0.007,VPW3 80/20,dynamic,100.0,1.0,0.0,0.0,0.04,0.04,0.04,0.439,3.343,0.0414,0.0962,0.0554,0.131,0.317,4.0,17.302,0.0,0.29,0.29,0.0538,0.1404
TW1983,50,0.7,0.01,0.7,0.007,GK 60/40,dynamic,100.0,1.0,0.0,0.0,0.01,0.01,0.01,0.398,1.785,0.0394,0.051,0.047,0.033,0.061,0.0,29.895,0.0,0.0,0.0,0.044,0.0529
TW1983,50,0.7,0.01,0.7,0.007,GK 80/20,dynamic,100.0,1.0,0.0,0.0,0.05,0.04,0.04,0.4,1.802,0.0382,0.0519,0.0463,0.036,0.062,0.0,49.843,0.0,0.29,0.29,0.0427,0.0537
TW1983,50,0.7,0.01,0.7,0.007,FIX 60/40,fixed,100.0,1.0,0.0,0.0,0.23,0.22,0.17,0.36,1.44,0.04,0.04,0.0385,0.002,0.008,0.0,35.142,0.0,0.87,0.87,0.04,0.04
TW1983,50,0.7,0.01,0.7,0.007,S1 VPW3 100/0,floor,100.0,1.0,0.0,0.0,0.26,0.25,0.23,0.45,3.766,0.0399,0.1092,0.0484,0.152,0.39,6.0,25.062,0.0,0.97,0.87,0.0509,0.1685
TW1983,50,0.7,0.01,0.7,0.007,S2 ladder10r + VPW3 100/0,floor,100.0,0.735,0.265,0.0,0.7,0.67,0.57,0.596,3.084,0.0446,0.0902,0.0443,0.149,0.479,9.0,18.328,0.0,2.62,2.43,0.0443,0.131
TW1983,50,0.7,0.01,0.7,0.007,S2 ladder15r + VPW3 100/0,floor,100.0,0.612,0.388,0.0,0.81,0.79,0.64,0.549,2.784,0.0441,0.0819,0.045,0.129,0.421,7.0,15.322,0.0,2.72,2.62,0.0412,0.1139
TW1983,50,0.7,0.01,0.7,0.007,S2 ladder20r + VPW3 100/0,floor,100.0,0.495,0.505,0.0,1.17,1.1,0.86,0.496,2.498,0.0431,0.0737,0.0425,0.124,0.421,6.0,12.39,0.0,3.89,3.89,0.039,0.0975
TW1983,50,0.7,0.01,0.7,0.007,S2 ladder15r + VPW3 80/20,floor,100.0,0.612,0.388,0.0,0.32,0.29,0.24,0.542,2.522,0.0455,0.0739,0.0522,0.113,0.384,6.0,10.56,0.0,1.36,1.17,0.0432,0.0967
TW1983,50,0.7,0.01,0.7,0.007,S2 ladder15r(0%) + VPW3 100/0,floor,100.0,0.58,0.42,0.0,0.94,0.92,0.81,0.534,2.669,0.0428,0.0786,0.0427,0.128,0.423,7.0,14.517,0.0,3.11,3.01,0.0399,0.1087
TW1983,50,0.7,0.01,0.7,0.007,S3 ann80n load10 + VPW3 100/0,floor,100.0,0.85,0.0,0.15,0.39,0.38,0.37,0.389,3.308,0.0346,0.0956,0.0307,0.148,0.367,5.0,21.136,0.0,1.17,1.17,0.0494,0.149
TW1983,50,0.7,0.01,0.7,0.007,S3 ann80n load20 + VPW3 100/0,floor,100.0,0.837,0.0,0.163,0.44,0.44,0.41,0.384,3.257,0.0341,0.0941,0.0304,0.148,0.365,5.0,20.784,0.0,1.17,1.17,0.0487,0.1467
TW1983,50,0.7,0.01,0.7,0.007,S3 ann80n load30 + VPW3 100/0,floor,100.0,0.823,0.0,0.177,0.46,0.44,0.42,0.378,3.207,0.0336,0.0926,0.0255,0.148,0.363,5.0,20.418,0.0,1.17,1.17,0.0481,0.144
TW1983,50,0.7,0.01,0.7,0.007,S3 ann85n load20 + VPW3 100/0,floor,100.0,0.903,0.0,0.097,0.35,0.34,0.33,0.41,3.458,0.0364,0.1,0.0308,0.15,0.376,6.0,22.531,0.0,1.17,1.17,0.0503,0.1559
TW1983,50,0.7,0.01,0.7,0.007,S3 ann80r load20 + VPW3 100/0 (假設性),floor,100.0,0.786,0.0,0.214,0.58,0.56,0.43,0.363,3.142,0.0325,0.0905,0.0227,0.148,0.356,5.0,19.363,0.0,1.26,1.26,0.0499,0.142
TW1983,50,0.7,0.01,0.7,0.007,S4 ladder15r + ann85n + VPW3 100/0,floor,100.0,0.515,0.388,0.097,1.02,1.0,0.92,0.506,2.474,0.0408,0.0727,0.0449,0.128,0.418,7.0,12.845,0.0,2.53,2.53,0.0398,0.1018
TW1983,50,0.7,0.025,1.0,0.025,VPW3 60/40,dynamic,100.0,1.0,0.0,0.0,0.0,0.0,0.0,0.432,3.306,0.0436,0.0925,0.0584,0.125,0.235,2.0,11.048,0.0,0.0,0.0,0.0668,0.1223
TW1983,50,0.7,0.025,1.0,0.025,VPW3 80/20,dynamic,100.0,1.0,0.0,0.0,0.0,0.0,0.0,0.439,3.725,0.0439,0.106,0.0587,0.138,0.297,3.0,17.302,0.0,0.0,0.0,0.066,0.1526
TW1983,50,0.7,0.025,1.0,0.025,GK 60/40,dynamic,100.0,1.0,0.0,0.0,0.0,0.0,0.0,0.398,1.65,0.04,0.0463,0.0449,0.045,0.19,0.0,35.987,0.0,0.0,0.0,0.043,0.0469
TW1983,50,0.7,0.025,1.0,0.025,GK 80/20,dynamic,100.0,1.0,0.0,0.0,0.0,0.0,0.0,0.4,1.665,0.0391,0.0473,0.0449,0.047,0.214,3.0,57.979,0.0,0.0,0.0,0.0422,0.0477
TW1983,50,0.7,0.025,1.0,0.025,FIX 60/40,fixed,100.0,1.0,0.0,0.0,0.02,0.02,0.01,0.36,1.439,0.0399,0.04,0.04,0.009,0.028,0.0,39.673,0.0,0.1,0.1,0.0399,0.04
TW1983,50,0.7,0.025,1.0,0.025,S1 VPW3 100/0,floor,100.0,1.0,0.0,0.0,0.02,0.02,0.02,0.45,4.122,0.0431,0.1189,0.0578,0.156,0.366,6.0,25.089,0.0,0.1,0.1,0.0633,0.1807
TW1983,50,0.7,0.025,1.0,0.025,S2 ladder10r + VPW3 100/0,floor,100.0,0.735,0.265,0.0,0.02,0.02,0.02,0.596,3.455,0.0514,0.0996,0.0637,0.157,0.461,7.0,18.375,0.0,0.1,0.1,0.0568,0.1432
TW1983,50,0.7,0.025,1.0,0.025,S2 ladder15r + VPW3 100/0,floor,100.0,0.612,0.388,0.0,0.0,0.0,0.0,0.549,3.16,0.0511,0.0909,0.0679,0.105,0.311,4.0,15.397,0.0,0.0,0.0,0.0546,0.126
TW1983,50,0.7,0.025,1.0,0.025,S2 ladder20r + VPW3 100/0,floor,100.0,0.495,0.505,0.0,0.01,0.01,0.0,0.496,2.873,0.0483,0.0826,0.0633,0.127,0.365,5.0,12.451,0.0,0.0,0.0,0.0519,0.1098
TW1983,50,0.7,0.025,1.0,0.025,S2 ladder15r + VPW3 80/20,floor,100.0,0.612,0.388,0.0,0.0,0.0,0.0,0.542,2.907,0.0518,0.0829,0.0678,0.088,0.237,1.0,10.59,0.0,0.0,0.0,0.0558,0.1088
TW1983,50,0.7,0.025,1.0,0.025,S2 ladder15r(0%) + VPW3 100/0,floor,100.0,0.58,0.42,0.0,0.0,0.0,0.0,0.534,3.044,0.0499,0.0875,0.0662,0.103,0.307,4.0,14.597,0.0,0.0,0.0,0.0531,0.1208
TW1983,50,0.7,0.025,1.0,0.025,S3 ann80n load10 + VPW3 100/0,floor,100.0,0.85,0.0,0.15,0.02,0.02,0.02,0.389,3.69,0.0376,0.1053,0.0315,0.155,0.344,5.0,21.159,0.0,0.1,0.1,0.0618,0.161
TW1983,50,0.7,0.025,1.0,0.025,S3 ann80n load20 + VPW3 100/0,floor,100.0,0.837,0.0,0.163,0.02,0.02,0.02,0.384,3.64,0.0371,0.1038,0.0313,0.155,0.341,4.0,20.802,0.0,0.1,0.1,0.0611,0.1587
TW1983,50,0.7,0.025,1.0,0.025,S3 ann80n load30 + VPW3 100/0,floor,100.0,0.823,0.0,0.177,0.02,0.02,0.02,0.378,3.589,0.0366,0.1024,0.026,0.154,0.338,4.0,20.46,0.0,0.1,0.1,0.0605,0.1564
TW1983,50,0.7,0.025,1.0,0.025,S3 ann85n load20 + VPW3 100/0,floor,100.0,0.903,0.0,0.097,0.02,0.02,0.02,0.41,3.826,0.0396,0.1096,0.0319,0.155,0.352,5.0,22.548,0.0,0.1,0.1,0.0626,0.168
TW1983,50,0.7,0.025,1.0,0.025,S3 ann80r load20 + VPW3 100/0 (假設性),floor,100.0,0.786,0.0,0.214,0.05,0.05,0.05,0.363,3.521,0.0353,0.1003,0.023,0.155,0.328,4.0,19.398,0.0,0.1,0.1,0.063,0.1541
TW1983,50,0.7,0.025,1.0,0.025,S4 ladder15r + ann85n + VPW3 100/0,floor,100.0,0.515,0.388,0.097,0.0,0.0,0.0,0.506,2.858,0.0478,0.0818,0.0629,0.101,0.293,3.0,12.96,0.0,0.0,0.0,0.0539,0.114
TW1983,50,0.7,0.025,0.7,0.0175,VPW3 60/40,dynamic,100.0,1.0,0.0,0.0,0.0,0.0,0.0,0.432,3.132,0.0431,0.0883,0.0578,0.119,0.237,2.0,11.048,0.0,0.0,0.0,0.0616,0.1173
TW1983,50,0.7,0.025,0.7,0.0175,VPW3 80/20,dynamic,100.0,1.0,0.0,0.0,0.01,0.01,0.01,0.439,3.559,0.0429,0.1019,0.0581,0.133,0.304,3.0,17.302,0.0,0.0,0.0,0.0609,0.1475
TW1983,50,0.7,0.025,0.7,0.0175,GK 60/40,dynamic,100.0,1.0,0.0,0.0,0.0,0.0,0.0,0.398,1.718,0.04,0.0483,0.0463,0.038,0.134,0.0,33.385,0.0,0.0,0.0,0.0448,0.0494
TW1983,50,0.7,0.025,0.7,0.0175,GK 80/20,dynamic,100.0,1.0,0.0,0.0,0.01,0.01,0.01,0.4,1.729,0.0393,0.0493,0.0462,0.041,0.152,0.0,54.424,0.0,0.0,0.0,0.0439,0.0502
TW1983,50,0.7,0.025,0.7,0.0175,FIX 60/40,fixed,100.0,1.0,0.0,0.0,0.03,0.03,0.03,0.36,1.439,0.04,0.04,0.04,0.006,0.02,0.0,37.894,0.0,0.19,0.19,0.04,0.04
TW1983,50,0.7,0.025,0.7,0.0175,S1 VPW3 100/0,floor,100.0,1.0,0.0,0.0,0.06,0.06,0.04,0.45,3.978,0.042,0.1148,0.057,0.153,0.375,6.0,25.089,0.0,0.29,0.29,0.0581,0.1756
TW1983,50,0.7,0.025,0.7,0.0175,S2 ladder10r + VPW3 100/0,floor,100.0,0.735,0.265,0.0,0.14,0.12,0.11,0.596,3.296,0.0487,0.0955,0.0612,0.151,0.466,7.0,18.374,0.0,0.58,0.58,0.0517,0.1381
TW1983,50,0.7,0.025,0.7,0.0175,S2 ladder15r + VPW3 100/0,floor,100.0,0.612,0.388,0.0,0.09,0.07,0.05,0.549,2.998,0.0486,0.087,0.0641,0.113,0.353,5.0,15.397,0.0,0.29,0.29,0.0495,0.121
TW1983,50,0.7,0.025,0.7,0.0175,S2 ladder20r + VPW3 100/0,floor,100.0,0.495,0.505,0.0,0.14,0.14,0.12,0.496,2.718,0.0469,0.0788,0.0603,0.123,0.386,6.0,12.435,0.0,0.58,0.58,0.0469,0.1048
TW1983,50,0.7,0.025,0.7,0.0175,S2 ladder15r + VPW3 80/20,floor,100.0,0.612,0.388,0.0,0.01,0.01,0.01,0.542,2.745,0.0499,0.0791,0.0645,0.096,0.291,3.0,10.59,0.0,0.0,0.0,0.0507,0.1038
TW1983,50,0.7,0.025,0.7,0.0175,S2 ladder15r(0%) + VPW3 100/0,floor,100.0,0.58,0.42,0.0,0.12,0.12,0.08,0.534,2.882,0.0473,0.0837,0.0623,0.112,0.352,5.0,14.597,0.0,0.49,0.49,0.048,0.1158
TW1983,50,0.7,0.025,0.7,0.0175,S3 ann80n load10 + VPW3 100/0,floor,100.0,0.85,0.0,0.15,0.11,0.11,0.1,0.389,3.533,0.0364,0.1012,0.0314,0.15,0.352,5.0,21.159,0.0,0.39,0.39,0.0566,0.156
TW1983,50,0.7,0.025,0.7,0.0175,S3 ann80n load20 + VPW3 100/0,floor,100.0,0.837,0.0,0.163,0.12,0.12,0.11,0.384,3.481,0.0359,0.0997,0.0312,0.149,0.35,5.0,20.802,0.0,0.49,0.49,0.056,0.1537
TW1983,50,0.7,0.025,0.7,0.0175,S3 ann80n load30 + VPW3 100/0,floor,100.0,0.823,0.0,0.177,0.12,0.12,0.12,0.378,3.432,0.0353,0.0982,0.026,0.149,0.349,5.0,20.46,0.0,0.49,0.49,0.0553,0.1513
TW1983,50,0.7,0.025,0.7,0.0175,S3 ann85n load20 + VPW3 100/0,floor,100.0,0.903,0.0,0.097,0.1,0.09,0.09,0.41,3.666,0.0382,0.1055,0.0318,0.151,0.359,6.0,22.548,0.0,0.29,0.29,0.0575,0.163
TW1983,50,0.7,0.025,0.7,0.0175,S3 ann80r load20 + VPW3 100/0 (假設性),floor,100.0,0.786,0.0,0.214,0.15,0.15,0.13,0.363,3.375,0.0341,0.0962,0.023,0.15,0.339,4.0,19.398,0.0,0.49,0.49,0.0579,0.1491
TW1983,50,0.7,0.025,0.7,0.0175,S4 ladder15r + ann85n + VPW3 100/0,floor,100.0,0.515,0.388,0.097,0.09,0.09,0.06,0.506,2.702,0.0453,0.0779,0.0593,0.11,0.342,5.0,12.946,0.0,0.39,0.39,0.0489,0.1089
TW1983,50,1.0,0.0,1.0,0.0,VPW3 60/40,dynamic,100.0,1.0,0.0,0.0,0.68,0.65,0.56,0.442,2.732,0.0411,0.0785,0.0043,0.112,0.239,2.0,10.84,0.0,2.72,2.62,0.047,0.104
TW1983,50,1.0,0.0,1.0,0.0,VPW3 80/20,dynamic,100.0,1.0,0.0,0.0,1.44,1.4,1.16,0.456,3.149,0.0409,0.0916,0.0031,0.128,0.309,3.0,16.848,0.0,3.79,3.69,0.0455,0.1343
TW1983,50,1.0,0.0,1.0,0.0,GK 60/40,dynamic,100.0,1.0,0.0,0.0,0.63,0.61,0.54,0.404,1.796,0.04,0.0523,0.0043,0.031,0.0,0.0,27.503,0.0,2.62,2.53,0.04,0.055
TW1983,50,1.0,0.0,1.0,0.0,GK 80/20,dynamic,100.0,1.0,0.0,0.0,1.38,1.34,1.11,0.404,1.807,0.04,0.0534,0.0032,0.031,0.0,0.0,46.4,0.0,3.4,3.3,0.04,0.056
TW1983,50,1.0,0.0,1.0,0.0,FIX 60/40,fixed,100.0,1.0,0.0,0.0,0.63,0.61,0.54,0.36,1.44,0.04,0.04,0.0043,0.0,0.0,0.0,33.41,0.0,2.62,2.53,0.04,0.04
TW1983,50,1.0,0.0,1.0,0.0,S1 VPW3 100/0,floor,100.0,1.0,0.0,0.0,2.98,2.94,2.64,0.472,3.538,0.0401,0.1039,0.0023,0.148,0.38,5.0,24.06,0.0,6.12,6.03,0.0401,0.1604
TW1983,50,1.0,0.0,1.0,0.0,S2 ladder10r + VPW3 100/0,floor,100.0,0.621,0.379,0.0,8.31,8.16,7.4,0.662,2.552,0.0376,0.0781,0.0016,0.15,0.481,12.0,14.302,0.0,13.51,13.51,0.026,0.1067
TW1983,50,1.0,0.0,1.0,0.0,S2 ladder15r + VPW3 100/0,floor,100.0,0.445,0.555,0.0,11.64,11.44,10.39,0.589,2.148,0.035,0.067,0.0015,0.137,0.47,11.0,10.031,0.0,18.76,18.56,0.0261,0.0821
TW1983,50,1.0,0.0,1.0,0.0,S2 ladder20r + VPW3 100/0,floor,100.0,0.278,0.722,0.0,18.29,17.78,15.78,0.507,1.791,0.0329,0.0564,0.0014,0.121,0.454,9.0,5.838,0.0,31.1,30.52,0.0258,0.06
TW1983,50,1.0,0.0,1.0,0.0,S2 ladder15r + VPW3 80/20,floor,100.0,0.445,0.555,0.0,11.37,11.06,9.81,0.58,1.974,0.0368,0.0619,0.0016,0.122,0.457,11.0,6.768,0.0,18.27,18.08,0.0273,0.0704
TW1983,50,1.0,0.0,1.0,0.0,S2 ladder15r(0%) + VPW3 100/0,floor,100.0,0.4,0.6,0.0,14.67,14.24,12.94,0.568,1.976,0.0322,0.0624,0.0014,0.136,0.468,11.0,8.617,0.0,22.93,22.64,0.0244,0.0742
TW1983,50,1.0,0.0,1.0,0.0,S3 ann80n load10 + VPW3 100/0,floor,100.0,0.786,0.0,0.214,6.78,6.7,6.48,0.412,2.728,0.0339,0.0806,0.0021,0.14,0.355,4.0,16.955,0.0,9.43,9.43,0.028,0.128
TW1983,50,1.0,0.0,1.0,0.0,S3 ann80n load20 + VPW3 100/0,floor,100.0,0.767,0.0,0.233,7.74,7.59,7.28,0.407,2.635,0.032,0.0781,0.002,0.139,0.355,4.0,16.232,0.0,10.79,10.69,0.0273,0.1229
TW1983,50,1.0,0.0,1.0,0.0,S3 ann80n load30 + VPW3 100/0,floor,100.0,0.747,0.0,0.253,8.71,8.57,8.03,0.403,2.539,0.0305,0.0754,0.0019,0.139,0.355,4.0,15.413,0.0,11.66,11.56,0.0264,0.1189
TW1983,50,1.0,0.0,1.0,0.0,S3 ann85n load20 + VPW3 100/0,floor,100.0,0.862,0.0,0.138,5.21,5.15,4.82,0.44,3.001,0.0396,0.0887,0.0021,0.143,0.362,5.0,19.707,0.0,8.36,8.26,0.0301,0.1404
TW1983,50,1.0,0.0,1.0,0.0,S3 ann80r load20 + VPW3 100/0 (假設性),floor,100.0,0.694,0.0,0.306,10.75,10.66,9.41,0.4,2.349,0.0304,0.0703,0.0017,0.143,0.34,3.0,13.221,0.0,12.83,12.73,0.0303,0.1135
TW1983,50,1.0,0.0,1.0,0.0,S4 ladder15r + ann85n + VPW3 100/0,floor,100.0,0.307,0.555,0.138,22.42,22.07,20.64,0.522,1.669,0.0302,0.0546,0.0014,0.134,0.456,13.0,5.575,0.0,31.1,31.1,0.027,0.0631
TW1983,50,1.0,0.01,1.0,0.01,VPW3 60/40,dynamic,100.0,1.0,0.0,0.0,0.15,0.14,0.11,0.442,2.938,0.0425,0.0838,0.0572,0.109,0.227,1.0,10.877,0.0,0.68,0.68,0.0546,0.1107
TW1983,50,1.0,0.01,1.0,0.01,VPW3 80/20,dynamic,100.0,1.0,0.0,0.0,0.56,0.53,0.46,0.456,3.36,0.0422,0.0968,0.0538,0.124,0.287,3.0,16.894,0.0,1.85,1.75,0.0525,0.141
TW1983,50,1.0,0.01,1.0,0.01,GK 60/40,dynamic,100.0,1.0,0.0,0.0,0.14,0.14,0.11,0.404,1.768,0.04,0.0503,0.0471,0.032,0.063,0.0,30.727,0.0,0.68,0.68,0.0428,0.052
TW1983,50,1.0,0.01,1.0,0.01,GK 80/20,dynamic,100.0,1.0,0.0,0.0,0.52,0.5,0.44,0.404,1.774,0.04,0.0512,0.0453,0.034,0.086,0.0,50.635,0.0,1.65,1.65,0.0402,0.0527
TW1983,50,1.0,0.01,1.0,0.01,FIX 60/40,fixed,100.0,1.0,0.0,0.0,0.14,0.14,0.11,0.36,1.441,0.04,0.04,0.0397,0.002,0.007,0.0,35.774,0.0,0.68,0.68,0.04,0.04
TW1983,50,1.0,0.01,1.0,0.01,S1 VPW3 100/0,floor,100.0,1.0,0.0,0.0,1.71,1.66,1.48,0.473,3.746,0.0411,0.1093,0.0182,0.142,0.361,5.0,24.23,0.0,3.6,3.6,0.0484,0.1672
TW1983,50,1.0,0.01,1.0,0.01,S2 ladder10r + VPW3 100/0,floor,100.0,0.621,0.379,0.0,4.78,4.62,4.23,0.662,2.782,0.0461,0.0829,0.022,0.143,0.468,11.0,14.761,0.0,8.94,8.84,0.0348,0.1144
TW1983,50,1.0,0.01,1.0,0.01,S2 ladder15r + VPW3 100/0,floor,100.0,0.445,0.555,0.0,6.11,6.0,5.36,0.589,2.386,0.0447,0.0719,0.035,0.12,0.42,9.0,10.723,0.0,11.27,11.08,0.0346,0.0909
TW1983,50,1.0,0.01,1.0,0.01,S2 ladder20r + VPW3 100/0,floor,100.0,0.278,0.722,0.0,10.93,10.64,9.58,0.507,1.994,0.0404,0.0603,0.0303,0.117,0.457,9.0,6.458,0.0,19.83,19.24,0.0331,0.0682
TW1983,50,1.0,0.01,1.0,0.01,S2 ladder15r + VPW3 80/20,floor,100.0,0.445,0.555,0.0,5.08,4.93,4.23,0.58,2.207,0.0464,0.0665,0.0381,0.108,0.406,9.0,7.363,0.0,10.3,10.2,0.0363,0.0792
TW1983,50,1.0,0.01,1.0,0.01,S2 ladder15r(0%) + VPW3 100/0,floor,100.0,0.4,0.6,0.0,8.03,7.85,7.03,0.568,2.213,0.0408,0.0671,0.0321,0.118,0.416,9.0,9.451,0.0,13.61,13.61,0.0325,0.0832
TW1983,50,1.0,0.01,1.0,0.01,S3 ann80n load10 + VPW3 100/0,floor,100.0,0.786,0.0,0.214,4.42,4.38,4.18,0.412,2.962,0.04,0.0863,0.0083,0.135,0.331,3.0,17.244,0.0,6.32,6.32,0.0358,0.135
TW1983,50,1.0,0.01,1.0,0.01,S3 ann80n load20 + VPW3 100/0,floor,100.0,0.767,0.0,0.233,4.94,4.89,4.66,0.407,2.868,0.04,0.0839,0.0078,0.134,0.329,3.0,16.544,0.0,7.09,7.09,0.0343,0.1299
TW1983,50,1.0,0.01,1.0,0.01,S3 ann80n load30 + VPW3 100/0,floor,100.0,0.747,0.0,0.253,5.66,5.61,5.36,0.403,2.775,0.0378,0.0811,0.0073,0.133,0.328,3.0,15.782,0.0,7.77,7.68,0.0333,0.1258
TW1983,50,1.0,0.01,1.0,0.01,S3 ann85n load20 + VPW3 100/0,floor,100.0,0.862,0.0,0.138,3.22,3.17,2.92,0.44,3.229,0.04,0.0943,0.0107,0.138,0.345,4.0,19.904,0.0,4.96,4.96,0.0408,0.1472
TW1983,50,1.0,0.01,1.0,0.01,S3 ann80r load20 + VPW3 100/0 (假設性),floor,100.0,0.694,0.0,0.306,7.84,7.78,6.92,0.4,2.604,0.0367,0.0762,0.006,0.137,0.314,3.0,13.677,0.0,9.33,9.33,0.0372,0.1209
TW1983,50,1.0,0.01,1.0,0.01,S4 ladder15r + ann85n + VPW3 100/0,floor,100.0,0.307,0.555,0.138,12.42,12.16,11.37,0.522,1.905,0.0374,0.0586,0.0312,0.119,0.399,10.0,6.667,0.0,17.3,17.2,0.0344,0.0723
TW1983,50,1.0,0.01,0.7,0.007,VPW3 60/40,dynamic,100.0,1.0,0.0,0.0,0.24,0.23,0.18,0.442,2.874,0.042,0.0823,0.0524,0.11,0.229,1.0,10.871,0.0,0.97,0.87,0.0521,0.1087
TW1983,50,1.0,0.01,0.7,0.007,VPW3 80/20,dynamic,100.0,1.0,0.0,0.0,0.77,0.74,0.66,0.456,3.298,0.0417,0.0952,0.0442,0.125,0.294,3.0,16.876,0.0,2.43,2.33,0.0498,0.139
TW1983,50,1.0,0.01,0.7,0.007,GK 60/40,dynamic,100.0,1.0,0.0,0.0,0.24,0.23,0.18,0.404,1.777,0.04,0.051,0.0451,0.031,0.04,0.0,29.629,0.0,0.97,0.87,0.0413,0.0529
TW1983,50,1.0,0.01,0.7,0.007,GK 80/20,dynamic,100.0,1.0,0.0,0.0,0.71,0.68,0.63,0.404,1.789,0.04,0.0519,0.0401,0.032,0.06,0.0,49.256,0.0,2.04,1.94,0.04,0.0537
TW1983,50,1.0,0.01,0.7,0.007,FIX 60/40,fixed,100.0,1.0,0.0,0.0,0.24,0.23,0.18,0.36,1.441,0.04,0.04,0.0385,0.002,0.005,0.0,35.128,0.0,0.97,0.87,0.04,0.04
TW1983,50,1.0,0.01,0.7,0.007,S1 VPW3 100/0,floor,100.0,1.0,0.0,0.0,2.06,2.0,1.83,0.473,3.69,0.0407,0.1077,0.0177,0.143,0.367,5.0,24.195,0.0,4.28,4.08,0.0464,0.1652
TW1983,50,1.0,0.01,0.7,0.007,S2 ladder10r + VPW3 100/0,floor,100.0,0.621,0.379,0.0,5.84,5.7,5.1,0.662,2.719,0.0442,0.0814,0.0194,0.144,0.472,11.0,14.673,0.0,10.11,10.11,0.0319,0.1124
TW1983,50,1.0,0.01,0.7,0.007,S2 ladder15r + VPW3 100/0,floor,100.0,0.445,0.555,0.0,7.77,7.6,6.81,0.589,2.314,0.0413,0.0704,0.0237,0.126,0.435,9.0,10.537,0.0,13.31,13.22,0.032,0.0884
TW1983,50,1.0,0.01,0.7,0.007,S2 ladder20r + VPW3 100/0,floor,100.0,0.278,0.722,0.0,12.82,12.54,11.18,0.507,1.932,0.0381,0.059,0.0208,0.117,0.455,9.0,6.317,0.0,22.93,22.55,0.031,0.0655
TW1983,50,1.0,0.01,0.7,0.007,S2 ladder15r + VPW3 80/20,floor,100.0,0.445,0.555,0.0,6.76,6.65,5.97,0.58,2.137,0.0436,0.065,0.0256,0.112,0.422,10.0,7.193,0.0,12.63,12.63,0.033,0.0767
TW1983,50,1.0,0.01,0.7,0.007,S2 ladder15r(0%) + VPW3 100/0,floor,100.0,0.4,0.6,0.0,9.86,9.7,8.67,0.568,2.139,0.038,0.0657,0.0217,0.124,0.434,10.0,9.227,0.0,16.03,16.03,0.0301,0.0804
TW1983,50,1.0,0.01,0.7,0.007,S3 ann80n load10 + VPW3 100/0,floor,100.0,0.786,0.0,0.214,5.04,4.94,4.71,0.412,2.892,0.04,0.0847,0.0083,0.136,0.338,4.0,17.163,0.0,7.29,7.29,0.0331,0.1329
TW1983,50,1.0,0.01,0.7,0.007,S3 ann80n load20 + VPW3 100/0,floor,100.0,0.767,0.0,0.233,5.71,5.65,5.43,0.407,2.8,0.0374,0.0821,0.0077,0.135,0.337,4.0,16.45,0.0,7.87,7.77,0.032,0.1278
TW1983,50,1.0,0.01,0.7,0.007,S3 ann80n load30 + VPW3 100/0,floor,100.0,0.747,0.0,0.253,6.38,6.32,6.09,0.403,2.704,0.0355,0.0794,0.0072,0.134,0.335,3.0,15.673,0.0,8.45,8.45,0.0313,0.1239
TW1983,50,1.0,0.01,0.7,0.007,S3 ann85n load20 + VPW3 100/0,floor,100.0,0.862,0.0,0.138,3.73,3.68,3.48,0.44,3.161,0.04,0.0927,0.0106,0.139,0.351,4.0,19.82,0.0,5.83,5.83,0.0363,0.1451
TW1983,50,1.0,0.01,0.7,0.007,S3 ann80r load20 + VPW3 100/0 (假設性),floor,100.0,0.694,0.0,0.306,8.69,8.62,7.71,0.4,2.532,0.0349,0.0745,0.006,0.138,0.322,3.0,13.564,0.0,10.3,10.3,0.0351,0.1184
TW1983,50,1.0,0.01,0.7,0.007,S4 ladder15r + ann85n + VPW3 100/0,floor,100.0,0.307,0.555,0.138,15.21,14.92,13.87,0.522,1.833,0.0352,0.0572,0.0214,0.123,0.415,11.0,6.403,0.0,20.6,20.6,0.0322,0.0697
TW1983,50,1.0,0.025,1.0,0.025,VPW3 60/40,dynamic,100.0,1.0,0.0,0.0,0.02,0.02,0.02,0.442,3.272,0.0442,0.0919,0.0605,0.12,0.215,1.0,10.884,0.0,0.1,0.1,0.0647,0.1209
TW1983,50,1.0,0.025,1.0,0.025,VPW3 80/20,dynamic,100.0,1.0,0.0,0.0,0.06,0.06,0.06,0.456,3.675,0.0444,0.105,0.0619,0.131,0.264,2.0,16.902,0.0,0.29,0.29,0.0632,0.1512
TW1983,50,1.0,0.025,1.0,0.025,GK 60/40,dynamic,100.0,1.0,0.0,0.0,0.02,0.02,0.02,0.404,1.653,0.04,0.0463,0.0454,0.043,0.151,0.0,35.708,0.0,0.1,0.1,0.0432,0.0469
TW1983,50,1.0,0.025,1.0,0.025,GK 80/20,dynamic,100.0,1.0,0.0,0.0,0.06,0.06,0.06,0.404,1.667,0.04,0.0473,0.0457,0.045,0.201,1.0,57.026,0.0,0.29,0.29,0.0428,0.0477
TW1983,50,1.0,0.025,1.0,0.025,FIX 60/40,fixed,100.0,1.0,0.0,0.0,0.02,0.02,0.02,0.36,1.443,0.04,0.0401,0.0401,0.006,0.018,0.0,39.641,0.0,0.1,0.1,0.0401,0.0401
TW1983,50,1.0,0.025,1.0,0.025,S1 VPW3 100/0,floor,100.0,1.0,0.0,0.0,0.53,0.53,0.47,0.473,4.061,0.0434,0.1174,0.0184,0.146,0.342,4.0,24.27,0.0,1.26,1.26,0.0591,0.1773
TW1983,50,1.0,0.025,1.0,0.025,S2 ladder10r + VPW3 100/0,floor,100.0,0.621,0.379,0.0,1.27,1.22,1.04,0.662,3.105,0.0523,0.0903,0.0235,0.15,0.458,8.0,14.98,0.0,3.11,3.01,0.0521,0.1249
TW1983,50,1.0,0.025,1.0,0.025,S2 ladder15r + VPW3 100/0,floor,100.0,0.445,0.555,0.0,0.81,0.79,0.63,0.589,2.734,0.0518,0.0793,0.0662,0.096,0.333,5.0,11.155,0.0,2.72,2.62,0.0497,0.1026
TW1983,50,1.0,0.025,1.0,0.025,S2 ladder20r + VPW3 100/0,floor,100.0,0.278,0.722,0.0,2.33,2.22,1.94,0.507,2.334,0.0498,0.0675,0.0587,0.124,0.45,8.0,6.931,0.0,6.61,6.61,0.046,0.0794
TW1983,50,1.0,0.025,1.0,0.025,S2 ladder15r + VPW3 80/20,floor,100.0,0.445,0.555,0.0,0.32,0.29,0.24,0.58,2.561,0.0528,0.0735,0.0657,0.082,0.296,4.0,7.688,0.0,1.36,1.17,0.0512,0.0901
TW1983,50,1.0,0.025,1.0,0.025,S2 ladder15r(0%) + VPW3 100/0,floor,100.0,0.4,0.6,0.0,1.19,1.14,0.92,0.568,2.571,0.0499,0.0745,0.0632,0.093,0.327,5.0,9.998,0.0,3.79,3.6,0.0477,0.0952
TW1983,50,1.0,0.025,1.0,0.025,S3 ann80n load10 + VPW3 100/0,floor,100.0,0.786,0.0,0.214,2.02,2.01,1.83,0.412,3.298,0.04,0.0945,0.0083,0.139,0.299,3.0,17.488,0.0,2.82,2.82,0.052,0.1451
TW1983,50,1.0,0.025,1.0,0.025,S3 ann80n load20 + VPW3 100/0,floor,100.0,0.767,0.0,0.233,2.36,2.35,2.17,0.407,3.208,0.04,0.0921,0.0078,0.138,0.296,3.0,16.774,0.0,3.4,3.4,0.0504,0.1401
TW1983,50,1.0,0.025,1.0,0.025,S3 ann80n load30 + VPW3 100/0,floor,100.0,0.747,0.0,0.253,2.75,2.74,2.51,0.403,3.117,0.04,0.0894,0.0073,0.137,0.293,3.0,16.075,0.0,3.89,3.89,0.0485,0.136
TW1983,50,1.0,0.025,1.0,0.025,S3 ann85n load20 + VPW3 100/0,floor,100.0,0.862,0.0,0.138,1.1,1.09,1.01,0.44,3.552,0.0404,0.1023,0.0107,0.141,0.317,3.0,20.08,0.0,1.75,1.75,0.0548,0.1573
TW1983,50,1.0,0.025,1.0,0.025,S3 ann80r load20 + VPW3 100/0 (假設性),floor,100.0,0.694,0.0,0.306,4.18,4.13,3.8,0.4,2.961,0.04,0.0848,0.006,0.14,0.276,2.0,14.014,0.0,5.64,5.64,0.048,0.1313
TW1983,50,1.0,0.025,1.0,0.025,S4 ladder15r + ann85n + VPW3 100/0,floor,100.0,0.307,0.555,0.138,1.89,1.87,1.48,0.522,2.31,0.0471,0.0662,0.0582,0.094,0.304,5.0,7.575,0.0,3.79,3.79,0.0475,0.0852
TW1983,50,1.0,0.025,0.7,0.0175,VPW3 60/40,dynamic,100.0,1.0,0.0,0.0,0.03,0.03,0.03,0.442,3.104,0.0435,0.0878,0.0596,0.113,0.22,1.0,10.884,0.0,0.19,0.19,0.0596,0.1158
TW1983,50,1.0,0.025,0.7,0.0175,VPW3 80/20,dynamic,100.0,1.0,0.0,0.0,0.26,0.26,0.22,0.456,3.517,0.0433,0.1008,0.0604,0.126,0.275,2.0,16.902,0.0,0.97,0.97,0.0581,0.1462
TW1983,50,1.0,0.025,0.7,0.0175,GK 60/40,dynamic,100.0,1.0,0.0,0.0,0.03,0.03,0.03,0.404,1.717,0.04,0.0483,0.0467,0.037,0.107,0.0,33.075,0.0,0.19,0.19,0.0443,0.0494
TW1983,50,1.0,0.025,0.7,0.0175,GK 80/20,dynamic,100.0,1.0,0.0,0.0,0.25,0.25,0.2,0.404,1.728,0.04,0.0493,0.0469,0.039,0.142,0.0,53.779,0.0,0.97,0.97,0.0435,0.0502
TW1983,50,1.0,0.025,0.7,0.0175,FIX 60/40,fixed,100.0,1.0,0.0,0.0,0.03,0.03,0.03,0.36,1.442,0.04,0.0401,0.04,0.004,0.013,0.0,37.866,0.0,0.19,0.19,0.04,0.0401
TW1983,50,1.0,0.025,0.7,0.0175,S1 VPW3 100/0,floor,100.0,1.0,0.0,0.0,0.97,0.97,0.87,0.473,3.903,0.0423,0.1135,0.0184,0.143,0.351,4.0,24.265,0.0,2.14,2.14,0.0534,0.1723
TW1983,50,1.0,0.025,0.7,0.0175,S2 ladder10r + VPW3 100/0,floor,100.0,0.621,0.379,0.0,2.78,2.75,2.56,0.662,2.952,0.0489,0.0865,0.0234,0.144,0.463,9.0,14.934,0.0,5.34,5.25,0.0453,0.1198
TW1983,50,1.0,0.025,0.7,0.0175,S2 ladder15r + VPW3 100/0,floor,100.0,0.445,0.555,0.0,2.96,2.81,2.54,0.589,2.561,0.0485,0.0757,0.0569,0.107,0.377,7.0,10.961,0.0,7.0,6.8,0.0423,0.097
TW1983,50,1.0,0.025,0.7,0.0175,S2 ladder20r + VPW3 100/0,floor,100.0,0.278,0.722,0.0,6.23,6.05,5.29,0.507,2.158,0.0466,0.0637,0.0497,0.117,0.46,9.0,6.76,0.0,12.24,12.05,0.0388,0.0737
TW1983,50,1.0,0.025,0.7,0.0175,S2 ladder15r + VPW3 80/20,floor,100.0,0.445,0.555,0.0,1.72,1.69,1.42,0.58,2.386,0.0493,0.0699,0.0586,0.095,0.355,7.0,7.596,0.0,5.15,5.15,0.0453,0.0849
TW1983,50,1.0,0.025,0.7,0.0175,S2 ladder15r(0%) + VPW3 100/0,floor,100.0,0.4,0.6,0.0,3.96,3.86,3.41,0.568,2.393,0.0466,0.0709,0.0535,0.105,0.375,7.0,9.778,0.0,8.45,8.26,0.0392,0.0893
TW1983,50,1.0,0.025,0.7,0.0175,S3 ann80n load10 + VPW3 100/0,floor,100.0,0.786,0.0,0.214,3.06,3.06,2.8,0.412,3.133,0.04,0.0905,0.0083,0.134,0.315,3.0,17.416,0.0,4.57,4.57,0.0446,0.14
TW1983,50,1.0,0.025,0.7,0.0175,S3 ann80n load20 + VPW3 100/0,floor,100.0,0.767,0.0,0.233,3.45,3.44,3.17,0.407,3.039,0.04,0.0879,0.0078,0.134,0.313,3.0,16.707,0.0,4.66,4.66,0.0419,0.135
TW1983,50,1.0,0.025,0.7,0.0175,S3 ann80n load30 + VPW3 100/0,floor,100.0,0.747,0.0,0.253,3.99,3.92,3.58,0.403,2.946,0.04,0.0853,0.0073,0.133,0.311,3.0,15.974,0.0,5.64,5.64,0.0394,0.131
TW1983,50,1.0,0.025,0.7,0.0175,S3 ann85n load20 + VPW3 100/0,floor,100.0,0.862,0.0,0.138,2.08,2.06,1.9,0.44,3.391,0.04,0.0983,0.0107,0.137,0.331,4.0,19.972,0.0,3.3,3.3,0.0483,0.1523
TW1983,50,1.0,0.025,0.7,0.0175,S3 ann80r load20 + VPW3 100/0 (假設性),floor,100.0,0.694,0.0,0.306,5.68,5.62,5.15,0.4,2.791,0.04,0.0807,0.006,0.136,0.294,2.0,13.855,0.0,7.19,7.19,0.0426,0.1262
TW1983,50,1.0,0.025,0.7,0.0175,S4 ladder15r + ann85n + VPW3 100/0,floor,100.0,0.307,0.555,0.138,6.2,6.11,5.43,0.522,2.105,0.0437,0.0624,0.0501,0.106,0.353,8.0,7.278,0.0,9.14,9.14,0.0402,0.0795
